"ref_num_id","ref_num"
1,952560
2,760299
3,648214
4,238837
5,282623
6,899083
7,676297
8,815145
9,514603
10,527423
11,560083
12,454760
13,175221
14,551802
15,944785
16,447147
17,874658
18,298845
19,499629
20,254907
21,710669
22,759051
23,279327
24,239637
25,513739
26,890408
27,926015
28,679209
29,504206
30,695691
31,874122
32,496005
33,935546
34,774725
35,669860
36,542041
37,172637
38,261411
39,604716
40,460505
41,878129
42,351023
43,384195
44,145353
45,500726
46,446203
47,586254
48,700408
49,136458
50,235694
51,324680
52,375686
53,886424
54,846741
55,656951
56,748346
57,740145
58,269001
59,594959
60,186696
61,845245
62,209249
63,564067
64,374630
65,117616
66,680306
67,644709
68,137345
69,696947
70,747673
71,276833
72,145986
73,349860
74,227140
75,358063
76,973997
77,318208
78,366086
79,836829
80,487135
81,964896
82,895440
83,365774
84,340777
85,186403
86,845014
87,724956
88,384864
89,746617
90,770390
91,878426
92,909494
93,729599
94,367334
95,160236
96,955851
97,715229
98,123960
99,366638
100,160548
101,286903
102,641886
103,566867
104,320915
105,189560
106,890251
107,819050
108,525180
109,479876
110,704035
111,993492
112,295638
113,215511
114,140506
115,249403
116,783141
117,415948
118,695520
119,224020
120,601079
121,164341
122,322491
123,405921
124,684201
125,239446
126,953171
127,614489
128,239006
129,491119
130,141370
131,345308
132,831968
133,245779
134,142066
135,114158
136,616759
137,558038
138,320213
139,712224
140,240880
141,462916
142,256958
143,248757
144,593082
145,976248
146,549759
147,833678
148,230099
149,769997
150,962262
151,192478
152,238296
153,369147
154,281370
155,920569
156,329244
157,867074
158,430336
159,360944
160,535065
161,523277
162,589914
163,694086
164,624566
165,255838
166,265300
167,544092
168,583795
169,828950
170,269540
171,636685
172,390661
173,820437
174,579784
175,697653
176,973091
177,118677
178,234083
179,863154
180,486225
181,210764
182,187821
183,712883
184,531106
185,587499
186,553223
187,637933
188,545036
189,266956
190,308523
191,316014
192,853393
193,477114
194,516189
195,169376
196,300107
197,229185
198,413265
199,444861
200,876919
201,597345
202,135300
203,404444
204,962853
205,123413
206,202756
207,561677
208,334319
209,922634
210,309408
211,656313
212,278348
213,250950
214,787026
215,995425
216,636518
217,502424
218,911995
219,786586
220,628333
221,470388
222,854738
223,187918
224,854042
225,485618
226,897021
227,365283
228,892302
229,647576
230,920210
231,527225
232,858722
233,237947
234,130189
235,288946
236,158041
237,122446
238,516005
239,238515
240,599026
241,552692
242,884007
243,969264
244,678511
245,842856
246,865929
247,851043
248,720704
249,433731
250,140023
251,624885
252,271132
253,943103
254,131836
255,456966
256,671018
257,270804
258,583472
259,276656
260,747848
261,302935
262,258993
263,635730
264,664654
265,603766
266,827521
267,442473
268,989078
269,411525
270,235068
271,294198
272,563473
273,680704
274,811755
275,672523
276,770639
277,168540
278,989630
279,219774
280,585852
281,979351
282,596637
283,261529
284,316977
285,151606
286,396331
287,707279
288,335067
289,964313
290,194513
291,729830
292,763146
293,397027
294,754945
295,405224
296,200064
297,842644
298,371596
299,759217
300,918342
301,156229
302,111127
303,215046
304,263403
305,263715
306,581836
307,695601
308,550688
309,859550
310,336000
311,760729
312,606595
313,710303
314,328259
315,736950
316,929709
317,676795
318,760145
319,684976
320,264203
321,254721
322,631778
323,832249
324,214246
325,978703
326,693017
327,944683
328,507348
329,792534
330,254409
331,840919
332,159694
333,398296
334,648647
335,559306
336,290029
337,899858
338,768761
339,984653
340,743576
341,298636
342,660894
343,856797
344,287429
345,521689
346,864286
347,890873
348,725502
349,257090
350,380322
351,111484
352,592270
353,778727
354,747019
355,359157
356,770852
357,596286
358,657870
359,204435
360,325017
361,715695
362,203867
363,389625
364,941051
365,871179
366,819681
367,912620
368,381426
369,503495
370,688834
371,982740
372,940339
373,795854
374,373887
375,803723
376,518537
377,234911
378,486573
379,764489
380,539989
381,266870
382,169073
383,972153
384,738190
385,579162
386,868525
387,421187
388,990555
389,892932
390,931608
391,161296
392,485131
393,655057
394,682445
395,853291
396,476616
397,697743
398,628084
399,382076
400,879686
401,904097
402,924659
403,510988
404,333334
405,804045
406,932144
407,293331
408,242386
409,530640
410,812230
411,191916
412,848210
413,337581
414,560452
415,122199
416,183719
417,891999
418,761724
419,561036
420,523903
421,398494
422,900764
423,474845
424,915922
425,112858
426,668371
427,969001
428,456447
429,142606
430,408253
431,758100
432,889023
433,149163
434,958532
435,565679
436,157344
437,734331
438,181135
439,311908
440,456919
441,165057
442,694740
443,216291
444,880662
445,379620
446,505625
447,262158
448,533984
449,712689
450,726299
451,851473
452,338414
453,593259
454,270702
455,575361
456,541349
457,624719
458,794296
459,593827
460,347819
461,717594
462,337166
463,954124
464,328965
465,192015
466,288776
467,535496
468,900415
469,607941
470,717266
471,953796
472,668016
473,937318
474,916081
475,584554
476,824756
477,660403
478,776537
479,409795
480,138462
481,580561
482,973042
483,270333
484,787176
485,251132
486,643921
487,539056
488,201822
489,713642
490,285307
491,564383
492,998459
493,544989
494,938294
495,260831
496,946493
497,383807
498,308474
499,177425
500,545301
501,798211
502,885676
503,682150
504,342366
505,847521
506,437826
507,570044
508,846953
509,626020
510,347008
511,172170
512,591936
513,346440
514,914362
515,148203
516,371169
517,128508
518,156384
519,232137
520,321071
521,339141
522,441305
523,298818
524,832092
525,473173
526,447156
527,536291
528,736787
529,648201
530,440121
531,736475
532,191268
533,806973
534,845218
535,864072
536,234577
537,518215
538,764239
539,895596
540,863616
541,547806
542,656936
543,179418
544,982482
545,268318
546,996848
547,955583
548,375121
549,152155
550,529080
551,151699
552,475528
553,317076
554,212382
555,964220
556,396430
557,500001
558,797480
559,392407
560,460486
561,699695
562,869925
563,869613
564,604411
565,420099
566,630556
567,404974
568,436738
569,621590
570,160243
571,344022
572,529363
573,168850
574,796811
575,554134
576,412331
577,778562
578,901282
579,435938
580,401678
581,755759
582,201430
583,427041
584,948637
585,828295
586,739469
587,302745
588,419392
589,389468
590,589138
591,832311
592,385828
593,114489
594,585514
595,977929
596,133862
597,969730
598,559783
599,490680
600,289864
601,361569
602,960911
603,238977
604,816021
605,684670
606,661979
607,389060
608,670160
609,132614
610,943877
611,472854
612,882677
613,172513
614,363081
615,321348
616,558663
617,313167
618,513983
619,119964
620,312711
621,725907
622,456282
623,790878
624,784980
625,377961
626,247170
627,745339
628,937568
629,954050
630,717524
631,515793
632,761817
633,523994
634,607683
635,183554
636,695225
637,216134
638,224333
639,256929
640,633226
641,906652
642,296335
643,456818
644,270952
645,865589
646,959017
647,233004
648,726229
649,338664
650,557313
651,858102
652,650252
653,119058
654,408088
655,127257
656,678683
657,609259
658,620952
659,284061
660,193425
661,612755
662,324218
663,485294
664,368063
665,421350
666,771599
667,135664
668,998901
669,946419
670,789774
671,413477
672,220734
673,746272
674,421678
675,135992
676,854950
677,162389
678,539318
679,673611
680,835916
681,409869
682,452330
683,170748
684,636690
685,903628
686,309716
687,628177
688,787238
689,410565
690,957905
691,756938
692,924221
693,932094
694,519937
695,434695
696,138931
697,872267
698,602973
699,301236
700,444298
701,170903
702,192562
703,334648
704,367828
705,646620
706,396232
707,753706
708,508194
709,655135
710,922645
711,376343
712,762601
713,193274
714,612600
715,517089
716,829770
717,902215
718,392081
719,737416
720,300700
721,383898
722,131811
723,496660
724,881424
725,994350
726,802014
727,512402
728,433756
729,480438
730,726462
731,784887
732,213765
733,575756
734,832794
735,422421
736,907287
737,166695
738,693810
739,213453
740,790581
741,736157
742,523641
743,229743
744,122009
745,560706
746,717759
747,648015
748,709556
749,192170
750,186309
751,509662
752,763157
753,384686
754,638309
755,947812
756,412538
757,990057
758,658034
759,811068
760,154825
761,331812
762,837595
763,125918
764,933634
765,895006
766,479002
767,756222
768,870583
769,357801
770,664657
771,905051
772,940103
773,179880
774,796530
775,773240
776,635269
777,175640
778,660714
779,377598
780,701197
781,465124
782,167131
783,133943
784,631093
785,669225
786,916776
787,792521
788,362360
789,191390
790,614807
791,952989
792,961174
793,859521
794,121261
795,815684
796,684975
797,868162
798,607060
799,197559
800,380446
801,581843
802,634325
803,133079
804,649883
805,917905
806,513646
807,951933
808,521829
809,710824
810,959678
811,331452
812,974931
813,172379
814,662441
815,132796
816,458054
817,388990
818,132212
819,271764
820,827238
821,172947
822,401191
823,487978
824,558133
825,440512
826,649528
827,890158
828,189973
829,960285
830,298075
831,744015
832,551604
833,622677
834,214874
835,585616
836,272756
837,141471
838,992401
839,701030
840,336700
841,197340
842,159001
843,191221
844,487034
845,209511
846,243523
847,531777
848,653216
849,957254
850,965453
851,195141
852,163241
853,470012
854,973832
855,461119
856,357570
857,503512
858,982731
859,879063
860,562309
861,324998
862,518078
863,947983
864,499952
865,747028
866,657873
867,267567
868,939468
869,604458
870,233486
871,757019
872,723007
873,757715
874,651822
875,538820
876,394289
877,765912
878,470642
879,259459
880,139106
881,772693
882,259915
883,973646
884,356684
885,348487
886,508147
887,292836
888,395801
889,861503
890,529455
891,853300
892,938634
893,829595
894,360292
895,821392
896,383107
897,629131
898,501118
899,597167
900,445115
901,228423
902,169638
903,605348
904,798143
905,266401
906,549850
907,582710
908,296245
909,541649
910,457216
911,592927
912,897195
913,157375
914,726695
915,441678
916,726127
917,442246
918,233110
919,544561
920,984028
921,583894
922,143321
923,883945
924,744713
925,422156
926,848205
927,281535
928,430957
929,808034
930,515691
931,825187
932,983167
933,702083
934,907437
935,552529
936,840421
937,323579
938,901096
939,158204
940,848622
941,616145
942,920119
943,281300
944,515528
945,776046
946,834440
947,784229
948,794279
949,583005
950,347828
951,651029
952,889603
953,959480
954,198673
955,608826
956,400322
957,288319
958,650717
959,149471
960,408521
961,284292
962,245134
963,367726
964,690904
965,998436
966,902709
967,391979
968,771350
969,260104
970,869137
971,229348
972,597772
973,195688
974,395154
975,519539
976,804721
977,494134
978,829400
979,981550
980,217543
981,470481
982,949698
983,594924
984,470809
985,226052
986,664343
987,390403
988,941825
989,268351
990,276532
991,595705
992,588824
993,556020
994,827397
995,652880
996,714400
997,539834
998,672655
999,163473
1000,644243
1001,732802
1002,332407
1003,724617
1004,652440
1005,778944
1006,869580
1007,384253
1008,124837
1009,483746
1010,325310
1011,621916
1012,715328
1013,375736
1014,404644
1015,152186
1016,890390
1017,339172
1018,182254
1019,558861
1020,679191
1021,231456
1022,959525
1023,842200
1024,181542
1025,239659
1026,140687
1027,591969
1028,975723
1029,347041
1030,581704
1031,522782
1032,899837
1033,961037
1034,614668
1035,815127
1036,369952
1037,849203
1038,960709
1039,807636
1040,944231
1041,133476
1042,264335
1043,298851
1044,992609
1045,875092
1046,777299
1047,272972
1048,944815
1049,507216
1050,406359
1051,151361
1052,190630
1053,491089
1054,196751
1055,718715
1056,559750
1057,223178
1058,345642
1059,823765
1060,898494
1061,687223
1062,278658
1063,313198
1064,190094
1065,432792
1066,925802
1067,550607
1068,793305
1069,801490
1070,742652
1071,354313
1072,967179
1073,905979
1074,295656
1075,626406
1076,592138
1077,577944
1078,830862
1079,901251
1080,789097
1081,629918
1082,445798
1083,468303
1084,989265
1085,779179
1086,947548
1087,261822
1088,275903
1089,152337
1090,529394
1091,405255
1092,614132
1093,675332
1094,325589
1095,562902
1096,654299
1097,116421
1098,494720
1099,419425
1100,974427
1101,870727
1102,878924
1103,595290
1104,672484
1105,845032
1106,402407
1107,610524
1108,195294
1109,125486
1110,803271
1111,294105
1112,667143
1113,829440
1114,790503
1115,383000
1116,144146
1117,413132
1118,383696
1119,467137
1120,309213
1121,351548
1122,177718
1123,493350
1124,674698
1125,484679
1126,324187
1127,963256
1128,284092
1129,315984
1130,470761
1131,871937
1132,348636
1133,382512
1134,486255
1135,887915
1136,210362
1137,319152
1138,723108
1139,314568
1140,369093
1141,920519
1142,928716
1143,322755
1144,608042
1145,198601
1146,490463
1147,398362
1148,560904
1149,575558
1150,174254
1151,305477
1152,377928
1153,659604
1154,474257
1155,534215
1156,686897
1157,207650
1158,558056
1159,927204
1160,520731
1161,843765
1162,270921
1163,750513
1164,995244
1165,907125
1166,933993
1167,387691
1168,741746
1169,549257
1170,505757
1171,851605
1172,525679
1173,241517
1174,287852
1175,433789
1176,199234
1177,565312
1178,712125
1179,149316
1180,338850
1181,256747
1182,703224
1183,741401
1184,347367
1185,825808
1186,165166
1187,131778
1188,866463
1189,398705
1190,438934
1191,481983
1192,616010
1193,607809
1194,790548
1195,448283
1196,825336
1197,497877
1198,745009
1199,344783
1200,693467
1201,414271
1202,548025
1203,602548
1204,689827
1205,594367
1206,309846
1207,348343
1208,981685
1209,911501
1210,278386
1211,636048
1212,477383
1213,888776
1214,896963
1215,836302
1216,862951
1217,326936
1218,162591
1219,293620
1220,266577
1221,771469
1222,300149
1223,999031
1224,877441
1225,177557
1226,597911
1227,659303
1228,383347
1229,237526
1230,922676
1231,813513
1232,561715
1233,437262
1234,367861
1235,538396
1236,491392
1237,891012
1238,527987
1239,921496
1240,151184
1241,238705
1242,239289
1243,728139
1244,313951
1245,999510
1246,551934
1247,577233
1248,264245
1249,944349
1250,791840
1251,566644
1252,432513
1253,926579
1254,533144
1255,679781
1256,767820
1257,711233
1258,856384
1259,163866
1260,133110
1261,271894
1262,581874
1263,943165
1264,801227
1265,873670
1266,778418
1267,630095
1268,638276
1269,997771
1270,459925
1271,492409
1272,989568
1273,308098
1274,596075
1275,335405
1276,846297
1277,755007
1278,921856
1279,517876
1280,806134
1281,396309
1282,871006
1283,268877
1284,948901
1285,982345
1286,796059
1287,773777
1288,905082
1289,811733
1290,956612
1291,571684
1292,672253
1293,706065
1294,318191
1295,285955
1296,218371
1297,787707
1298,627212
1299,948486
1300,635399
1301,250607
1302,664859
1303,302594
1304,357603
1305,696383
1306,811966
1307,365642
1308,358403
1309,307945
1310,789203
1311,939813
1312,392487
1313,921707
1314,509844
1315,755356
1316,428690
1317,806301
1318,645994
1319,570543
1320,193612
1321,436305
1322,653737
1323,733643
1324,952119
1325,278584
1326,119815
1327,865000
1328,841737
1329,231921
1330,774498
1331,172410
1332,985747
1333,472973
1334,183007
1335,290003
1336,899556
1337,614933
1338,514316
1339,599387
1340,692356
1341,141942
1342,133757
1343,831844
1344,744046
1345,223088
1346,298106
1347,233143
1348,817320
1349,889417
1350,617339
1351,119177
1352,319641
1353,783919
1354,347446
1355,880680
1356,449066
1357,387097
1358,833546
1359,574492
1360,378898
1361,624922
1362,481702
1363,238172
1364,534613
1365,198075
1366,323249
1367,523401
1368,616347
1369,937011
1370,659502
1371,624122
1372,977180
1373,502647
1374,973679
1375,995726
1376,941187
1377,903511
1378,410462
1379,628042
1380,147272
1381,251305
1382,932110
1383,373199
1384,643276
1385,162510
1386,135531
1387,261002
1388,868499
1389,220269
1390,658558
1391,790365
1392,467635
1393,220837
1394,605773
1395,972103
1396,266824
1397,902583
1398,847860
1399,152813
1400,508442
1401,730357
1402,931622
1403,790070
1404,947147
1405,597805
1406,260137
1407,772095
1408,666910
1409,605678
1410,169964
1411,730966
1412,762042
1413,931405
1414,375876
1415,342952
1416,930949
1417,861301
1418,334187
1419,664374
1420,579879
1421,656189
1422,780764
1423,781076
1424,251402
1425,444177
1426,697874
1427,794645
1428,187458
1429,341832
1430,293454
1431,434844
1432,639255
1433,677387
1434,727821
1435,288822
1436,569042
1437,866341
1438,784748
1439,505956
1440,753280
1441,701546
1442,352894
1443,134808
1444,255665
1445,352438
1446,969396
1447,474432
1448,757761
1449,534294
1450,889634
1451,312113
1452,671590
1453,496783
1454,632954
1455,934768
1456,702602
1457,379257
1458,139891
1459,784196
1460,449345
1461,540755
1462,367532
1463,124274
1464,885873
1465,578084
1466,308007
1467,979908
1468,596174
1469,384226
1470,554763
1471,585959
1472,468723
1473,228078
1474,604685
1475,326209
1476,539813
1477,235175
1478,644676
1479,374599
1480,187297
1481,957097
1482,332392
1483,194914
1484,627650
1485,988613
1486,268320
1487,595686
1488,743784
1489,978836
1490,551315
1491,113828
1492,167007
1493,831658
1494,908711
1495,952857
1496,335899
1497,490989
1498,736813
1499,840999
1500,676640
1501,768449
1502,238804
1503,760266
1504,550259
1505,472203
1506,223382
1507,898562
1508,649759
1509,759778
1510,951345
1511,440623
1512,524854
1513,774599
1514,458178
1515,914159
1516,943603
1517,380913
1518,881923
1519,164636
1520,742627
1521,898465
1522,533334
1523,952210
1524,622801
1525,800301
1526,631314
1527,353526
1528,114439
1529,728909
1530,482445
1531,649108
1532,527733
1533,150934
1534,514913
1535,478965
1536,563425
1537,532237
1538,242959
1539,234756
1540,394227
1541,863773
1542,340416
1543,618696
1544,773527
1545,187082
1546,634986
1547,450962
1548,461683
1549,604038
1550,871312
1551,358030
1552,739963
1553,595853
1554,179599
1555,249986
1556,410813
1557,739507
1558,193769
1559,204296
1560,707063
1561,930317
1562,397075
1563,886042
1564,475669
1565,956194
1566,253026
1567,948107
1568,392578
1569,268131
1570,454586
1571,384833
1572,144459
1573,779188
1574,373098
1575,712850
1576,341638
1577,126327
1578,161955
1579,573356
1580,511583
1581,689439
1582,594123
1583,418104
1584,828983
1585,461877
1586,962671
1587,429425
1588,884884
1589,847697
1590,708273
1591,597731
1592,938510
1593,300289
1594,605928
1595,444991
1596,601688
1597,256343
1598,802627
1599,625087
1600,304570
1601,942205
1602,934006
1603,119084
1604,330461
1605,399917
1606,734432
1607,407790
1608,977337
1609,174257
1610,791464
1611,776361
1612,745285
1613,466053
1614,632732
1615,799083
1616,785002
1617,945309
1618,589947
1619,322780
1620,337462
1621,920536
1622,122316
1623,281075
1624,122628
1625,560919
1626,727051
1627,840458
1628,569116
1629,323092
1630,130831
1631,576506
1632,701959
1633,378868
1634,344088
1635,915490
1636,112938
1637,631871
1638,386359
1639,615581
1640,735595
1641,329118
1642,676966
1643,927856
1644,677550
1645,900516
1646,848034
1647,471301
1648,139294
1649,379668
1650,262654
1651,256756
1652,906753
1653,270837
1654,741382
1655,995032
1656,574930
1657,417472
1658,304337
1659,127620
1660,712554
1661,557724
1662,686661
1663,712098
1664,922667
1665,538059
1666,805341
1667,517087
1668,962820
1669,184327
1670,885247
1671,392111
1672,135333
1673,658864
1674,789595
1675,628836
1676,229216
1677,672982
1678,485587
1679,723408
1680,477712
1681,829276
1682,740438
1683,995976
1684,493690
1685,270182
1686,138893
1687,556645
1688,594792
1689,966925
1690,874001
1691,934953
1692,573998
1693,279428
1694,264930
1695,831504
1696,346084
1697,661020
1698,246243
1699,307149
1700,577230
1701,631747
1702,423383
1703,676762
1704,197513
1705,336033
1706,952995
1707,718517
1708,611290
1709,895008
1710,886827
1711,724196
1712,531476
1713,195344
1714,326395
1715,381112
1716,503109
1717,218815
1718,828008
1719,974741
1720,988543
1721,683969
1722,528956
1723,160468
1724,675786
1725,429030
1726,930068
1727,536831
1728,283132
1729,528628
1730,244470
1731,562968
1732,998236
1733,585821
1734,747329
1735,596084
1736,446048
1737,822915
1738,168573
1739,613529
1740,707461
1741,646005
1742,806274
1743,317307
1744,715078
1745,343890
1746,316851
1747,562363
1748,500230
1749,586750
1750,823272
1751,770821
1752,393200
1753,268249
1754,571472
1755,478799
1756,461057
1757,870882
1758,451552
1759,443371
1760,310494
1761,581085
1762,227295
1763,141473
1764,591183
1765,874834
1766,385952
1767,423100
1768,498837
1769,744049
1770,978061
1771,606409
1772,191179
1773,159015
1774,231366
1775,953288
1776,952576
1777,807706
1778,867863
1779,190467
1780,882105
1781,661855
1782,751258
1783,464793
1784,424596
1785,513851
1786,899027
1787,128731
1788,711477
1789,432701
1790,401177
1791,521720
1792,409362
1793,687642
1794,951776
1795,305960
1796,916283
1797,113203
1798,142639
1799,422194
1800,598218
1801,702422
1802,968968
1803,701726
1804,255245
1805,668402
1806,378093
1807,213738
1808,192325
1809,858458
1810,149666
1811,238147
1812,515669
1813,237707
1814,407164
1815,337548
1816,183686
1817,165416
1818,994753
1819,471252
1820,968168
1821,995081
1822,601826
1823,525473
1824,311877
1825,408220
1826,537626
1827,237080
1828,885478
1829,754445
1830,245267
1831,884782
1832,437696
1833,236752
1834,351641
1835,309112
1836,445061
1837,737639
1838,868492
1839,359826
1840,637374
1841,153618
1842,318997
1843,327198
1844,932113
1845,896197
1846,326870
1847,965685
1848,318685
1849,461967
1850,829069
1851,170616
1852,390814
1853,941212
1854,556412
1855,146847
1856,981883
1857,748940
1858,987986
1859,795561
1860,772259
1861,418634
1862,259517
1863,233819
1864,804687
1865,477866
1866,187485
1867,210620
1868,117933
1869,154545
1870,958365
1871,619671
1872,196254
1873,966550
1874,836203
1875,426632
1876,217905
1877,950068
1878,357073
1879,226106
1880,588795
1881,444174
1882,689670
1883,813988
1884,931410
1885,537969
1886,429672
1887,730497
1888,737988
1889,597498
1890,391957
1891,459012
1892,605681
1893,300568
1894,663410
1895,794265
1896,417402
1897,271239
1898,387437
1899,263052
1900,802450
1901,833918
1902,601409
1903,834486
1904,400380
1905,319981
1906,180237
1907,338695
1908,857625
1909,371947
1910,525770
1911,712656
1912,320293
1913,677948
1914,233411
1915,352865
1916,968803
1917,631941
1918,907411
1919,552559
1920,474463
1921,590250
1922,659802
1923,945484
1924,907867
1925,667985
1926,238048
1927,481818
1928,198151
1929,962030
1930,430648
1931,717627
1932,858161
1933,882014
1934,750773
1935,458583
1936,215907
1937,751229
1938,678974
1939,609486
1940,864472
1941,147755
1942,649697
1943,339717
1944,841969
1945,599459
1946,591272
1947,751701
1948,245871
1949,785777
1950,669595
1951,800368
1952,700535
1953,576906
1954,298114
1955,514876
1956,728536
1957,953135
1958,431674
1959,640962
1960,899356
1961,961004
1962,760060
1963,120863
1964,528352
1965,644978
1966,732515
1967,680037
1968,155571
1969,401773
1970,116911
1971,532304
1972,887207
1973,427074
1974,571575
1975,895404
1976,163768
1977,627444
1978,137469
1979,996600
1980,696847
1981,137781
1982,258260
1983,912426
1984,755300
1985,956287
1986,343421
1987,806245
1988,646034
1989,929944
1990,536947
1991,562268
1992,715169
1993,152403
1994,738318
1995,831236
1996,546046
1997,384796
1998,392671
1999,638167
2000,453935
2001,570684
2002,955612
2003,755143
2004,621854
2005,990128
2006,276062
2007,666272
2008,168018
2009,267421
2010,778882
2011,242745
2012,713770
2013,125703
2014,837378
2015,317975
2016,146261
2017,627031
2018,748358
2019,588890
2020,179385
2021,781922
2022,978177
2023,175113
2024,692503
2025,785434
2026,800539
2027,543173
2028,823860
2029,290696
2030,849265
2031,151144
2032,335942
2033,191303
2034,736440
2035,230986
2036,994059
2037,263909
2038,416531
2039,793584
2040,975329
2041,985544
2042,271398
2043,792888
2044,890012
2045,718970
2046,480147
2047,208773
2048,200590
2049,287592
2050,898199
2051,321100
2052,864691
2053,687454
2054,623721
2055,977039
2056,466811
2057,668542
2058,386978
2059,456530
2060,166724
2061,221605
2062,344133
2063,474552
2064,659901
2065,191489
2066,329483
2067,676923
2068,568874
2069,197672
2070,296071
2071,347757
2072,173415
2073,583044
2074,750232
2075,216398
2076,355502
2077,601510
2078,441596
2079,480797
2080,950754
2081,758009
2082,650500
2083,363527
2084,734678
2085,127705
2086,766522
2087,761922
2088,292438
2089,508225
2090,476845
2091,839276
2092,429711
2093,612507
2094,453066
2095,771535
2096,493071
2097,552976
2098,946683
2099,896329
2100,341368
2101,319385
2102,713580
2103,903364
2104,795173
2105,697378
2106,147163
2107,628241
2108,705036
2109,394472
2110,957657
2111,154173
2112,426444
2113,748907
2114,995702
2115,795014
2116,664229
2117,225974
2118,602709
2119,470699
2120,981332
2121,410534
2122,382138
2123,403459
2124,334072
2125,884937
2126,507946
2127,437543
2128,135571
2129,421253
2130,545136
2131,972663
2132,453225
2133,691050
2134,177780
2135,990621
2136,629658
2137,413510
2138,383066
2139,444586
2140,829506
2141,112180
2142,934627
2143,633321
2144,574692
2145,825593
2146,914932
2147,320169
2148,927142
2149,156846
2150,181065
2151,927598
2152,908247
2153,386761
2154,265256
2155,945344
2156,377866
2157,824345
2158,832530
2159,776436
2160,498172
2161,677200
2162,197955
2163,866742
2164,130458
2165,920453
2166,922337
2167,622087
2168,204527
2169,124158
2170,894782
2171,806367
2172,160042
2173,729401
2174,375339
2175,683071
2176,454037
2177,823221
2178,657842
2179,420017
2180,168779
2181,869727
2182,435443
2183,812028
2184,116757
2185,924873
2186,811316
2187,318406
2188,863282
2189,688246
2190,349794
2191,788081
2192,381326
2193,949132
2194,249957
2195,258158
2196,773488
2197,996418
2198,828254
2199,787641
2200,948548
2201,595362
2202,507075
2203,700933
2204,970259
2205,167707
2206,159666
2207,132831
2208,496352
2209,257782
2210,985113
2211,401220
2212,849984
2213,312670
2214,181885
2215,641944
2216,232315
2217,810351
2218,496523
2219,634750
2220,215730
2221,504136
2222,935612
2223,355154
2224,951838
2225,809988
2226,287698
2227,400943
2228,610263
2229,865217
2230,842016
2231,649264
2232,590969
2233,141719
2234,992665
2235,158737
2236,899589
2237,999444
2238,867817
2239,718568
2240,282425
2241,921562
2242,717856
2243,209319
2244,863577
2245,427867
2246,732338
2247,672191
2248,933729
2249,317541
2250,855962
2251,756125
2252,974792
2253,948271
2254,349961
2255,948967
2256,258309
2257,940780
2258,396375
2259,675167
2260,536738
2261,367435
2262,571214
2263,852402
2264,755637
2265,243811
2266,185710
2267,614247
2268,517246
2269,291682
2270,554276
2271,253734
2272,420314
2273,971560
2274,227849
2275,554988
2276,747292
2277,923692
2278,365093
2279,486140
2280,732148
2281,896499
2282,564451
2283,941482
2284,912061
2285,795295
2286,682202
2287,501438
2288,658775
2289,300613
2290,260771
2291,260203
2292,667540
2293,229255
2294,798335
2295,746130
2296,741601
2297,625403
2298,379891
2299,248344
2300,112613
2301,942905
2302,986676
2303,180888
2304,312179
2305,608401
2306,712589
2307,512331
2308,757827
2309,118944
2310,726959
2311,659719
2312,777197
2313,386512
2314,455968
2315,143057
2316,915653
2317,414407
2318,676993
2319,892800
2320,515939
2321,406914
2322,858788
2323,183472
2324,953784
2325,527295
2326,281271
2327,928351
2328,769192
2329,961971
2330,490060
2331,544594
2332,693576
2333,660132
2334,824939
2335,474217
2336,166549
2337,281564
2338,900136
2339,430534
2340,398562
2341,892651
2342,816138
2343,238110
2344,848870
2345,336921
2346,224860
2347,802156
2348,131481
2349,994716
2350,449128
2351,942234
2352,662668
2353,958520
2354,433446
2355,766243
2356,149207
2357,950323
2358,180539
2359,520931
2360,843533
2361,315488
2362,805529
2363,395898
2364,367974
2365,569699
2366,708182
2367,730295
2368,333890
2369,963136
2370,762715
2371,655021
2372,492822
2373,421879
2374,667391
2375,444432
2376,586981
2377,911158
2378,467001
2379,830000
2380,731807
2381,704638
2382,241766
2383,713405
2384,285092
2385,812218
2386,804017
2387,673114
2388,573259
2389,502269
2390,780533
2391,749337
2392,602863
2393,270058
2394,903445
2395,302030
2396,871473
2397,689968
2398,568016
2399,121544
2400,614458
2401,848901
2402,660807
2403,786342
2404,984156
2405,874922
2406,422980
2407,133786
2408,908430
2409,599924
2410,752258
2411,687146
2412,522184
2413,286932
2414,609489
2415,440326
2416,725999
2417,263513
2418,223679
2419,164702
2420,550546
2421,985716
2422,303222
2423,774533
2424,219396
2425,796919
2426,267753
2427,468954
2428,613473
2429,707453
2430,814449
2431,115792
2432,283303
2433,773917
2434,820208
2435,827699
2436,773589
2437,764560
2438,503229
2439,827480
2440,358311
2441,349540
2442,689008
2443,878714
2444,864052
2445,294695
2446,895192
2447,510000
2448,532004
2449,242726
2450,435517
2451,317960
2452,195560
2453,604751
2454,253827
2455,788887
2456,997740
2457,683833
2458,894008
2459,614338
2460,194312
2461,236037
2462,517651
2463,244238
2464,842117
2465,641182
2466,479556
2467,890443
2468,767915
2469,926044
2470,416524
2471,215575
2472,132569
2473,634843
2474,967485
2475,985559
2476,792871
2477,336529
2478,728676
2479,230557
2480,841061
2481,490927
2482,841645
2483,290143
2484,684449
2485,183123
2486,916974
2487,141618
2488,751905
2489,534513
2490,927258
2491,157458
2492,950781
2493,889101
2494,148945
2495,918745
2496,616511
2497,521005
2498,287793
2499,364240
2500,471951
2501,173432
2502,504931
2503,139924
2504,775520
2505,967803
2506,131159
2507,593330
2508,892397
2509,953629
2510,482018
2511,490217
2512,769037
2513,337367
2514,745068
2515,776576
2516,113000
2517,753255
2518,506443
2519,624318
2520,134327
2521,309443
2522,911568
2523,664529
2524,170275
2525,602601
2526,217345
2527,162626
2528,673372
2529,395092
2530,620199
2531,511422
2532,888157
2533,285346
2534,651595
2535,242528
2536,538985
2537,643976
2538,162186
2539,659258
2540,990753
2541,252429
2542,998626
2543,404415
2544,114869
2545,654763
2546,853585
2547,716123
2548,192590
2549,861786
2550,707920
2551,537993
2552,395644
2553,762517
2554,612484
2555,708504
2556,682111
2557,597097
2558,143751
2559,779896
2560,135564
2561,972648
2562,359786
2563,360354
2564,779440
2565,805108
2566,203020
2567,185318
2568,722641
2569,954406
2570,621356
2571,485330
2572,429363
2573,762166
2574,871572
2575,602242
2576,146791
2577,251782
2578,178827
2579,349001
2580,470708
2581,451678
2582,602698
2583,118774
2584,153834
2585,924130
2586,188166
2587,966149
2588,573422
2589,233984
2590,162345
2591,233672
2592,293826
2593,326702
2594,651296
2595,130893
2596,523942
2597,607679
2598,439200
2599,848707
2600,616316
2601,430435
2602,378589
2603,598066
2604,466119
2605,255477
2606,134932
2607,174323
2608,433995
2609,127333
2610,525969
2611,817799
2612,601298
2613,741679
2614,794378
2615,262687
2616,633334
2617,494695
2618,547443
2619,739971
2620,179575
2621,787622
2622,595389
2623,739403
2624,870816
2625,774055
2626,855790
2627,755945
2628,863277
2629,680128
2630,384369
2631,350877
2632,220022
2633,666022
2634,877899
2635,947643
2636,930549
2637,762882
2638,955666
2639,715724
2640,212019
2641,645943
2642,729382
2643,725845
2644,649540
2645,148294
2646,240495
2647,573903
2648,224205
2649,882483
2650,695353
2651,503868
2652,380353
2653,141003
2654,792822
2655,380681
2656,626177
2657,215310
2658,574215
2659,369836
2660,849527
2661,328067
2662,507100
2663,273344
2664,214822
2665,167372
2666,265163
2667,669502
2668,298735
2669,832497
2670,447257
2671,114687
2672,849692
2673,150533
2674,807475
2675,238636
2676,815672
2677,205760
2678,952361
2679,936075
2680,133507
2681,423317
2682,984461
2683,113756
2684,823385
2685,222790
2686,641772
2687,231951
2688,725238
2689,856349
2690,312362
2691,719071
2692,525006
2693,818904
2694,400944
2695,521425
2696,842047
2697,610248
2698,133035
2699,905663
2700,464560
2701,975172
2702,592462
2703,793429
2704,215725
2705,275507
2706,253753
2707,778791
2708,351222
2709,453857
2710,770276
2711,797678
2712,683339
2713,930134
2714,367444
2715,236223
2716,324753
2717,428396
2718,706660
2719,185713
2720,562578
2721,739616
2722,171743
2723,788229
2724,912868
2725,366516
2726,855941
2727,402027
2728,393824
2729,764297
2730,772002
2731,392023
2732,260796
2733,383380
2734,421507
2735,211158
2736,202973
2737,963380
2738,161232
2739,805869
2740,323871
2741,343029
2742,530416
2743,259676
2744,973401
2745,357011
2746,493698
2747,138869
2748,941949
2749,162096
2750,394534
2751,572991
2752,723240
2753,402733
2754,373297
2755,117999
2756,651761
2757,241938
2758,434185
2759,673510
2760,804621
2761,289443
2762,535467
2763,527264
2764,761020
2765,833300
2766,265702
2767,543982
2768,386823
2769,790771
2770,344288
2771,447796
2772,907473
2773,766623
2774,433818
2775,180871
2776,512924
2777,818006
2778,851130
2779,400318
2780,520543
2781,216555
2782,968201
2783,224736
2784,225064
2785,263118
2786,582945
2787,372162
2788,338478
2789,958503
2790,442362
2791,280043
2792,131918
2793,671312
2794,505266
2795,271022
2796,347499
2797,986504
2798,262253
2799,425360
2800,670872
2801,206629
2802,183748
2803,438738
2804,727611
2805,527051
2806,891964
2807,561135
2808,489968
2809,328717
2810,866579
2811,900863
2812,552774
2813,776273
2814,386668
2815,247692
2816,301337
2817,664064
2818,178425
2819,443631
2820,593971
2821,146909
2822,462029
2823,965751
2824,234170
2825,126791
2826,511655
2827,587002
2828,300849
2829,274646
2830,691151
2831,621462
2832,244889
2833,861507
2834,721790
2835,845940
2836,404915
2837,536909
2838,290885
2839,629986
2840,276235
2841,940003
2842,419893
2843,619107
2844,714111
2845,243052
2846,116881
2847,200771
2848,163150
2849,366148
2850,374351
2851,653127
2852,796414
2853,604133
2854,461584
2855,442874
2856,627402
2857,870715
2858,635585
2859,377274
2860,498764
2861,936315
2862,984189
2863,824161
2864,190682
2865,606936
2866,868046
2867,768201
2868,859845
2869,559154
2870,849644
2871,684267
2872,514818
2873,874403
2874,592830
2875,416326
2876,626330
2877,914060
2878,967287
2879,148445
2880,370903
2881,239932
2882,362716
2883,841935
2884,734149
2885,864814
2886,810475
2887,120329
2888,687115
2889,890625
2890,313106
2891,914407
2892,835297
2893,164372
2894,634162
2895,834601
2896,994101
2897,592597
2898,200056
2899,733286
2900,856454
2901,208827
2902,679843
2903,432455
2904,254969
2905,464899
2906,577047
2907,978935
2908,751872
2909,660493
2910,377041
2911,415693
2912,916943
2913,175159
2914,661189
2915,576735
2916,166972
2917,314009
2918,205203
2919,231028
2920,710247
2921,536254
2922,528053
2923,483149
2924,965313
2925,572202
2926,644647
2927,563689
2928,803352
2929,933861
2930,864021
2931,201696
2932,555328
2933,595021
2934,226925
2935,974212
2936,450714
2937,997221
2938,503196
2939,411517
2940,277120
2941,755505
2942,124889
2943,194345
2944,614371
2945,645135
2946,262057
2947,420190
2948,492479
2949,604326
2950,446137
2951,219782
2952,797557
2953,966479
2954,187980
2955,713554
2956,854104
2957,285315
2958,888188
2959,812957
2960,843889
2961,854672
2962,486008
2963,309802
2964,556238
2965,146477
2966,794835
2967,301601
2968,698068
2969,462141
2970,780570
2971,443679
2972,508855
2973,429745
2974,123479
2975,292000
2976,123039
2977,236898
2978,838810
2979,621158
2980,737493
2981,260647
2982,445239
2983,587714
2984,220608
2985,444927
2986,980193
2987,413203
2988,779770
2989,628743
2990,902170
2991,829719
2992,549022
2993,575353
2994,364273
2995,399853
2996,207101
2997,686318
2998,918776
2999,757959
3000,199230
3001,142493
3002,273782
3003,884069
3004,174521
3005,552630
3006,386388
3007,685070
3008,323356
3009,197654
3010,607477
3011,230394
3012,398605
3013,191551
3014,198366
3015,305465
3016,623932
3017,552925
3018,632831
3019,386807
3020,273437
3021,784905
3022,213243
3023,474349
3024,448012
3025,289619
3026,677798
3027,130468
3028,322751
3029,568759
3030,430402
3031,438601
3032,892071
3033,150195
3034,727144
3035,848738
3036,967985
3037,425923
3038,262718
3039,417736
3040,593456
3041,173818
3042,449260
3043,695268
3044,262390
3045,165617
3046,207710
3047,843073
3048,512620
3049,525432
3050,279920
3051,396030
3052,707610
3053,620997
3054,342221
3055,612814
3056,821367
3057,779409
3058,266894
3059,360323
3060,798040
3061,789843
3062,911282
3063,252743
3064,445020
3065,531168
3066,202501
3067,293859
3068,327367
3069,924099
3070,259428
3071,664219
3072,502137
3073,988043
3074,444092
3075,502705
3076,636751
3077,170657
3078,458707
3079,882138
3080,943402
3081,782613
3082,473073
3083,774430
3084,935913
3085,725436
3086,818522
3087,120499
3088,842429
3089,841845
3090,926308
3091,156524
3092,272681
3093,591148
3094,577478
3095,542762
3096,936713
3097,254176
3098,455163
3099,465690
3100,944898
3101,606378
3102,768699
3103,281764
3104,370245
3105,718781
3106,239534
3107,205450
3108,398234
3109,845542
3110,531740
3111,518915
3112,317744
3113,268690
3114,940401
3115,302718
3116,820075
3117,250515
3118,469921
3119,450891
3120,547410
3121,494662
3122,860396
3123,396546
3124,955699
3125,562392
3126,894408
3127,706862
3128,307861
3129,492142
3130,796780
3131,605119
3132,970933
3133,989791
3134,476071
3135,509003
3136,291676
3137,645301
3138,838062
3139,963667
3140,763776
3141,675169
3142,367477
3143,528535
3144,638264
3145,901422
3146,604884
3147,276186
3148,788748
3149,384755
3150,253720
3151,738785
3152,902118
3153,836942
3154,374102
3155,532159
3156,724559
3157,925084
3158,510563
3159,117640
3160,331897
3161,250160
3162,555826
3163,878817
3164,311070
3165,656391
3166,913165
3167,385120
3168,744313
3169,354188
3170,970126
3171,551810
3172,660663
3173,693083
3174,631712
3175,321760
3176,867799
3177,158767
3178,736316
3179,522968
3180,405554
3181,282063
3182,849725
3183,782462
3184,449659
3185,355180
3186,881841
3187,120080
3188,339690
3189,479711
3190,120792
3191,960043
3192,733404
3193,876316
3194,297187
3195,776475
3196,422642
3197,937964
3198,386542
3199,143087
3200,584160
3201,175051
3202,506576
3203,421946
3204,265671
3205,576291
3206,297515
3207,817047
3208,560237
3209,314725
3210,961933
3211,839792
3212,736122
3213,289410
3214,130165
3215,962373
3216,489658
3217,848563
3218,205991
3219,122550
3220,457214
3221,602090
3222,994817
3223,703038
3224,270636
3225,793650
3226,173867
3227,347169
3228,534378
3229,400287
3230,809852
3231,433267
3232,842896
3233,889694
3234,851539
3235,206919
3236,156993
3237,245203
3238,561213
3239,291866
3240,839400
3241,135860
3242,492611
3243,444741
3244,980627
3245,383869
3246,266647
3247,260765
3248,135292
3249,771971
3250,830309
3251,539450
3252,704811
3253,333631
3254,318933
3255,187454
3256,285241
3257,403396
3258,924378
3259,284913
3260,530937
3261,888590
3262,564757
3263,201756
3264,126477
3265,987738
3266,627805
3267,170864
3268,602482
3269,556148
3270,723042
3271,435083
3272,126822
3273,394916
3274,932794
3275,731809
3276,965718
3277,318654
3278,723626
3279,924593
3280,118181
3281,462060
3282,871439
3283,794882
3284,655586
3285,146940
3286,689606
3287,557015
3288,357337
3289,730249
3290,438123
3291,654995
3292,722506
3293,476994
3294,990489
3295,135447
3296,391709
3297,999386
3298,868903
3299,545596
3300,501027
3301,790305
3302,177208
3303,308691
3304,457309
3305,775768
3306,549199
3307,417210
3308,662706
3309,347466
3310,592962
3311,783515
3312,497048
3313,387173
3314,851768
3315,642600
3316,809183
3317,617223
3318,945220
3319,113232
3320,456381
3321,945804
3322,561102
3323,237800
3324,735761
3325,442853
3326,469764
3327,277492
3328,657153
3329,871404
3330,218586
3331,234872
3332,332671
3333,155538
3334,965557
3335,586224
3336,822758
3337,350417
3338,746532
3339,878031
3340,630325
3341,989234
3342,779208
3343,261853
3344,168912
3345,971480
3346,374904
3347,922234
3348,291474
3349,838312
3350,151994
3351,362691
3352,609831
3353,120030
3354,687836
3355,725273
3356,432891
3357,711667
3358,487450
3359,767742
3360,363019
3361,346793
3362,380229
3363,935756
3364,388430
3365,164264
3366,573771
3367,626309
3368,528321
3369,313637
3370,737082
3371,710107
3372,960973
3373,807900
3374,728569
3375,239371
3376,455006
3377,415417
3378,245838
3379,791698
3380,551044
3381,961134
3382,183149
3383,614767
3384,482714
3385,615335
3386,676700
3387,290729
3388,507899
3389,935951
3390,167659
3391,599273
3392,970027
3393,875063
3394,831702
3395,377038
3396,752599
3397,287561
3398,618311
3399,818780
3400,295904
3401,458269
3402,935151
3403,504603
3404,140780
3405,827125
3406,696094
3407,581675
3408,782555
3409,141092
3410,989529
3411,869551
3412,604345
3413,797546
3414,267892
3415,219801
3416,691558
3417,517677
3418,571349
3419,814116
3420,683783
3421,428520
3422,603225
3423,795970
3424,555359
3425,218289
3426,179352
3427,555927
3428,411490
3429,788353
3430,547740
3431,138111
3432,401447
3433,855497
3434,957141
3435,895534
3436,611100
3437,201727
3438,619287
3439,509966
3440,402159
3441,811532
3442,629456
3443,501285
3444,177982
3445,360183
3446,193208
3447,237493
3448,292031
3449,538039
3450,115267
3451,283828
3452,316248
3453,342457
3454,813922
3455,284284
3456,292471
3457,123008
3458,323995
3459,838789
3460,794828
3461,821035
3462,911910
3463,502469
3464,278289
3465,656356
3466,981022
3467,462826
3468,226300
3469,972821
3470,477348
3471,958299
3472,932028
3473,195728
3474,924287
3475,341905
3476,954347
3477,858359
3478,736223
3479,297614
3480,991372
3481,702075
3482,668055
3483,255136
3484,832856
3485,305229
3486,344748
3487,506045
3488,246955
3489,441877
3490,525580
3491,918759
3492,889851
3493,233221
3494,188936
3495,958920
3496,319787
3497,512464
3498,311584
3499,497310
3500,906877
3501,601479
3502,784285
3503,793751
3504,112510
3505,416884
3506,489308
3507,399953
3508,927567
3509,758195
3510,338602
3511,481111
3512,897691
3513,156815
3514,270890
3515,304582
3516,574661
3517,633600
3518,449267
3519,248808
3520,314539
3521,289612
3522,840126
3523,191819
3524,430429
3525,569184
3526,919916
3527,280975
3528,776405
3529,876242
3530,583726
3531,983844
3532,977349
3533,113397
3534,306158
3535,386792
3536,251248
3537,594559
3538,749442
3539,795503
3540,138578
3541,452264
3542,602300
3543,170686
3544,178869
3545,949329
3546,382547
3547,655431
3548,844037
3549,341754
3550,318491
3551,153812
3552,673217
3553,332857
3554,260507
3555,169110
3556,144241
3557,980829
3558,990652
3559,220340
3560,821920
3561,359764
3562,211953
3563,507915
3564,923636
3565,893155
3566,569848
3567,963291
3568,395305
3569,516808
3570,403490
3571,284127
3572,721959
3573,204893
3574,953268
3575,362065
3576,129167
3577,514415
3578,353328
3579,167738
3580,507434
3581,984280
3582,214480
3583,473870
3584,883693
3585,400813
3586,232282
3587,558199
3588,679533
3589,533392
3590,156531
3591,249564
3592,388924
3593,742437
3594,704196
3595,743149
3596,703500
3597,634108
3598,974865
3599,592667
3600,869758
3601,738453
3602,666008
3603,545893
3604,393100
3605,657811
3606,446327
3607,307266
3608,878525
3609,276398
3610,253092
3611,658267
3612,268197
3613,699580
3614,116252
3615,244705
3616,436986
3617,335653
3618,325060
3619,795795
3620,495249
3621,302689
3622,949165
3623,235274
3624,486640
3625,427537
3626,855064
3627,532427
3628,803798
3629,696631
3630,302530
3631,603691
3632,665307
3633,781361
3634,218819
3635,782073
3636,756156
3637,234665
3638,393822
3639,764799
3640,957039
3641,374657
3642,531560
3643,445652
3644,657968
3645,392239
3646,604875
3647,869397
3648,300010
3649,554245
3650,436569
3651,886399
3652,683381
3653,729203
3654,396406
3655,239858
3656,147987
3657,618493
3658,480008
3659,488195
3660,610294
3661,287035
3662,441121
3663,890575
3664,967025
3665,223896
3666,600699
3667,457839
3668,424835
3669,550781
3670,550325
3671,835140
3672,807437
3673,841185
3674,868096
3675,336405
3676,439561
3677,151283
3678,514052
3679,313916
3680,535763
3681,752493
3682,984955
3683,584817
3684,743854
3685,668835
3686,823983
3687,512362
3688,608888
3689,320345
3690,677952
3691,127554
3692,775652
3693,881640
3694,505063
3695,139792
3696,497188
3697,329616
3698,130154
3699,368759
3700,847972
3701,717199
3702,840359
3703,962394
3704,598805
3705,497676
3706,777164
3707,466216
3708,506575
3709,795326
3710,579908
3711,594862
3712,170863
3713,636545
3714,341803
3715,195626
3716,486109
3717,931846
3718,373263
3719,341475
3720,275275
3721,999086
3722,971855
3723,667573
3724,493204
3725,699025
3726,587623
3727,203307
3728,538565
3729,561186
3730,716567
3731,476414
3732,847612
3733,484597
3734,902940
3735,453362
3736,458771
3737,629505
3738,790006
3739,383169
3740,746456
3741,360230
3742,529517
3743,333923
3744,613283
3745,367943
3746,508081
3747,115034
3748,722517
3749,477021
3750,178703
3751,217326
3752,138728
3753,494039
3754,301351
3755,349133
3756,749368
3757,655925
3758,573290
3759,434524
3760,126385
3761,206291
3762,848839
3763,406728
3764,816171
3765,840652
3766,489934
3767,198104
3768,708847
3769,322586
3770,560409
3771,438764
3772,694177
3773,474184
3774,915855
3775,274032
3776,983966
3777,598654
3778,865741
3779,320050
3780,927037
3781,241375
3782,950290
3783,338448
3784,817667
3785,119274
3786,364023
3787,188689
3788,199664
3789,793926
3790,942267
3791,355678
3792,601758
3793,216694
3794,619436
3795,563533
3796,155202
3797,886870
3798,803516
3799,732762
3800,611239
3801,965221
3802,756597
3803,957038
3804,138180
3805,796465
3806,997313
3807,827613
3808,627149
3809,948239
3810,302859
3811,547311
3812,324782
3813,675767
3814,806492
3815,235592
3816,405172
3817,852826
3818,212327
3819,921954
3820,886398
3821,124797
3822,763806
3823,176323
3824,604874
3825,638958
3826,261901
3827,665842
3828,604162
3829,823038
3830,979715
3831,670346
3832,133012
3833,257397
3834,303512
3835,472708
3836,249782
3837,132444
3838,388694
3839,120078
3840,818919
3841,926481
3842,960053
3843,864553
3844,128973
3845,818223
3846,917970
3847,479681
3848,951870
3849,507272
3850,916843
3851,978331
3852,473700
3853,800641
3854,543071
3855,377533
3856,491490
3857,398063
3858,282393
3859,405548
3860,282065
3861,522950
3862,386013
3863,992466
3864,175920
3865,141844
3866,920665
3867,322397
3868,807783
3869,129166
3870,859745
3871,450502
3872,882116
3873,775112
3874,670689
3875,216057
3876,592666
3877,449806
3878,751335
3879,662506
3880,609364
3881,687279
3882,856137
3883,479842
3884,208500
3885,926330
3886,186093
3887,763637
3888,335340
3889,484057
3890,837851
3891,193582
3892,335652
3893,715067
3894,939407
3895,997506
3896,411802
3897,630414
3898,253549
3899,359081
3900,706328
3901,965390
3902,956877
3903,714203
3904,855761
3905,652587
3906,486969
3907,201263
3908,688798
3909,878996
3910,226666
3911,418929
3912,357961
3913,461748
3914,469951
3915,403609
3916,682385
3917,203145
3918,292207
3919,613282
3920,682841
3921,666647
3922,501749
3923,252899
3924,383496
3925,587277
3926,597540
3927,545570
3928,300486
3929,673146
3930,319080
3931,565088
3932,530572
3933,434525
3934,704606
3935,863060
3936,333386
3937,965704
3938,896184
3939,673714
3940,310245
3941,410100
3942,138729
3943,548106
3944,494366
3945,170501
3946,697811
3947,911678
3948,502237
3949,820275
3950,749369
3951,977846
3952,305565
3953,414604
3954,791407
3955,992148
3956,369621
3957,149727
3958,920023
3959,848838
3960,206290
3961,198105
3962,639702
3963,398530
3964,769507
3965,122123
3966,527092
3967,942266
3968,703307
3969,833640
3970,505229
3971,216695
3972,593556
3973,127784
3974,851750
3975,119275
3976,734959
3977,364022
3978,994847
3979,131610
3980,934674
3981,173877
3982,826304
3983,694827
3984,650654
3985,851077
3986,441446
3987,207505
3988,557203
3989,608889
3990,642453
3991,533948
3992,512931
3993,584190
3994,447755
3995,266001
3996,701448
3997,166166
3998,456648
3999,907814
4000,255699
4001,825120
4002,535444
4003,808834
4004,515467
4005,647550
4006,238421
4007,183896
4008,735660
4009,639933
4010,288852
4011,477911
4012,572616
4013,126171
4014,395217
4015,233766
4016,731420
4017,772533
4018,501942
4019,749138
4020,981157
4021,903830
4022,794743
4023,708053
4024,192715
4025,153388
4026,682234
4027,885744
4028,251968
4029,421564
4030,869202
4031,902774
4032,252552
4033,629355
4034,383843
4035,141581
4036,668696
4037,133382
4038,669392
4039,700732
4040,985024
4041,692535
4042,473822
4043,944845
4044,606565
4045,158859
4046,522876
4047,514679
4048,859512
4049,369986
4050,522420
4051,397909
4052,709809
4053,263181
4054,574185
4055,472310
4056,696095
4057,140781
4058,504602
4059,943661
4060,215592
4061,464437
4062,120700
4063,147552
4064,641641
4065,487792
4066,710737
4067,432473
4068,688054
4069,890044
4070,856912
4071,763684
4072,715298
4073,212757
4074,537328
4075,706785
4076,144733
4077,700324
4078,267453
4079,665672
4080,546685
4081,990096
4082,318007
4083,195543
4084,201014
4085,125423
4086,819876
4087,179353
4088,974234
4089,696716
4090,773249
4091,610934
4092,435305
4093,340413
4094,855203
4095,117319
4096,764591
4097,125516
4098,486475
4099,200797
4100,781793
4101,748045
4102,494818
4103,546878
4104,495146
4105,974393
4106,185503
4107,436361
4108,562300
4109,529296
4110,517519
4111,160632
4112,837729
4113,335774
4114,193684
4115,860232
4116,335190
4117,646066
4118,638199
4119,460782
4120,468965
4121,412392
4122,252959
4123,630324
4124,446412
4125,177114
4126,546014
4127,272293
4128,172450
4129,966817
4130,224072
4131,354979
4132,464278
4133,704127
4134,295562
4135,993416
4136,582537
4137,985219
4138,549989
4139,566471
4140,231721
4141,926400
4142,649665
4143,856307
4144,408861
4145,147723
4146,190188
4147,321287
4148,864504
4149,498770
4150,246407
4151,377708
4152,599427
4153,615117
4154,899388
4155,431314
4156,737083
4157,841465
4158,129788
4159,760340
4160,182791
4161,574660
4162,139528
4163,173796
4164,593126
4165,216069
4166,127322
4167,851284
4168,950441
4169,888921
4170,650319
4171,189282
4172,533613
4173,992046
4174,448018
4175,833274
4176,875547
4177,352517
4178,166415
4179,702225
4180,337483
4181,568745
4182,928686
4183,360876
4184,769937
4185,569185
4186,526470
4187,919917
4188,126218
4189,835855
4190,681419
4191,402627
4192,210392
4193,880232
4194,470667
4195,820361
4196,780399
4197,949912
4198,139163
4199,269936
4200,461896
4201,390745
4202,941147
4203,772780
4204,153341
4205,613144
4206,962578
4207,236567
4208,829538
4209,492940
4210,910692
4211,821353
4212,805280
4213,368223
4214,955322
4215,847431
4216,403784
4217,753769
4218,761954
4219,308948
4220,501284
4221,143571
4222,946651
4223,544827
4224,421070
4225,228821
4226,829705
4227,798437
4228,821506
4229,652220
4230,530781
4231,284757
4232,573114
4233,765514
4234,896929
4235,519562
4236,426119
4237,341904
4238,723813
4239,154486
4240,812931
4241,117866
4242,277976
4243,748576
4244,178455
4245,348701
4246,772367
4247,590189
4248,474520
4249,113567
4250,134280
4251,833425
4252,744603
4253,166756
4254,222029
4255,142923
4256,378177
4257,414301
4258,590757
4259,584004
4260,197640
4261,840220
4262,866557
4263,280805
4264,438332
4265,961833
4266,191521
4267,535342
4268,601478
4269,801949
4270,304740
4271,825778
4272,271168
4273,131744
4274,457050
4275,165196
4276,726525
4277,720668
4278,616448
4279,233220
4280,809944
4281,897337
4282,199200
4283,408368
4284,870083
4285,971231
4286,666149
4287,901423
4288,554963
4289,585791
4290,947440
4291,500495
4292,420325
4293,243804
4294,763209
4295,194450
4296,683371
4297,179260
4298,589023
4299,419077
4300,819713
4301,933726
4302,332464
4303,201563
4304,195002
4305,680771
4306,242876
4307,187257
4308,965242
4309,837511
4310,863590
4311,514074
4312,640228
4313,290573
4314,849724
4315,167047
4316,499100
4317,792469
4318,446618
4319,978308
4320,823985
4321,777820
4322,400912
4323,231655
4324,865278
4325,857077
4326,279526
4327,239852
4328,513274
4329,818936
4330,513586
4331,208328
4332,330792
4333,926150
4334,133003
4335,905631
4336,774844
4337,914268
4338,550315
4339,975788
4340,524621
4341,818523
4342,558753
4343,719708
4344,733622
4345,810904
4346,719252
4347,513425
4348,354510
4349,263619
4350,423998
4351,783324
4352,696017
4353,750640
4354,449809
4355,257025
4356,774431
4357,354822
4358,966660
4359,807344
4360,231332
4361,640839
4362,490590
4363,606379
4364,891738
4365,514417
4366,728981
4367,960873
4368,768114
4369,929413
4370,345125
4371,909020
4372,465363
4373,576783
4374,455162
4375,831769
4376,792318
4377,381817
4378,349333
4379,277328
4380,381361
4381,374516
4382,965393
4383,644415
4384,307860
4385,419982
4386,901772
4387,261753
4388,299679
4389,830793
4390,970932
4391,789166
4392,691369
4393,518114
4394,964593
4395,613627
4396,721165
4397,186098
4398,837828
4399,548117
4400,462061
4401,780802
4402,147253
4403,780490
4404,462373
4405,795595
4406,341142
4407,319095
4408,803982
4409,705161
4410,485728
4411,862595
4412,162483
4413,924592
4414,620374
4415,553470
4416,597235
4417,453356
4418,972786
4419,798179
4420,938014
4421,492841
4422,637404
4423,391380
4424,578769
4425,220888
4426,674181
4427,853352
4428,722507
4429,184756
4430,805542
4431,962743
4432,334517
4433,613309
4434,616910
4435,817365
4436,927011
4437,843570
4438,198950
4439,207845
4440,802131
4441,224427
4442,976713
4443,914801
4444,593547
4445,398557
4446,900831
4447,229930
4448,526371
4449,761663
4450,616422
4451,891932
4452,769532
4453,735760
4454,305994
4455,166570
4456,876150
4457,590443
4458,344931
4459,150371
4460,892279
4461,961932
4462,962372
4463,323495
4464,761428
4465,907505
4466,352771
4467,753405
4468,344584
4469,791067
4470,113138
4471,983787
4472,785369
4473,752693
4474,386855
4475,520575
4476,889239
4477,686749
4478,617069
4479,441465
4480,616613
4481,951215
4482,180903
4483,889695
4484,512956
4485,233377
4486,189100
4487,417304
4488,750109
4489,976106
4490,967905
4491,457215
4492,906969
4493,112602
4494,229304
4495,383412
4496,628924
4497,453511
4498,699023
4499,998520
4500,846890
4501,375865
4502,334814
4503,203005
4504,368378
4505,161264
4506,805125
4507,762383
4508,893924
4509,501929
4510,941917
4511,548534
4512,636575
4513,217499
4514,879982
4515,949662
4516,364754
4517,804653
4518,395214
4519,651729
4520,620093
4521,318932
4522,434913
4523,757476
4524,118279
4525,765679
4526,731395
4527,155764
4528,926076
4529,711302
4530,687457
4531,148151
4532,733871
4533,320699
4534,959576
4535,600087
4536,704267
4537,573502
4538,164061
4539,625976
4540,239230
4541,718445
4542,736391
4543,397442
4544,158868
4545,929620
4546,464898
4547,543226
4548,786157
4549,214743
4550,993236
4551,576734
4552,276553
4553,913334
4554,773718
4555,258888
4556,258432
4557,179334
4558,989039
4559,982414
4560,162852
4561,125752
4562,965312
4563,187331
4564,845310
4565,317664
4566,964616
4567,358831
4568,168613
4569,971693
4570,578118
4571,778941
4572,500661
4573,989511
4574,145290
4575,658068
4576,168045
4577,299398
4578,886491
4579,846806
4580,621857
4581,571339
4582,675602
4583,484119
4584,436733
4585,586222
4586,276234
4587,136938
4588,261131
4589,453904
4590,168198
4591,939306
4592,261827
4593,283271
4594,151972
4595,244549
4596,325544
4597,290884
4598,894907
4599,145921
4600,988676
4601,442875
4602,180005
4603,913117
4604,461273
4605,724895
4606,435318
4607,340842
4608,234854
4609,933519
4610,803258
4611,200770
4612,401746
4613,154948
4614,899363
4615,868047
4616,313659
4617,439494
4618,239381
4619,405986
4620,439822
4621,322552
4622,289812
4623,446795
4624,415399
4625,447363
4626,751722
4627,176021
4628,148444
4629,181296
4630,208593
4631,312795
4632,734148
4633,401345
4634,609521
4635,650006
4636,917532
4637,782766
4638,581982
4639,472450
4640,882017
4641,592247
4642,380819
4643,389016
4644,541809
4645,568758
4646,892070
4647,206783
4648,848299
4649,438600
4650,717448
4651,858498
4652,892526
4653,685412
4654,900709
4655,607647
4656,907552
4657,498115
4658,969496
4659,166416
4660,297979
4661,448013
4662,883727
4663,589849
4664,344337
4665,506624
4666,338612
4667,858026
4668,720032
4669,726593
4670,897101
4671,288690
4672,927569
4673,489282
4674,609207
4675,512621
4676,207255
4677,387294
4678,224985
4679,356146
4680,663233
4681,417025
4682,112139
4683,449261
4684,347633
4685,834053
4686,131356
4687,980363
4688,902512
4689,391846
4690,177739
4691,467132
4692,252742
4693,485362
4694,674807
4695,184590
4696,193485
4697,418706
4698,872060
4699,357218
4700,655449
4701,348577
4702,301899
4703,390726
4704,210703
4705,426483
4706,836568
4707,365515
4708,705075
4709,924098
4710,284961
4711,628270
4712,502491
4713,987177
4714,217377
4715,821045
4716,225578
4717,270084
4718,588267
4719,147172
4720,573093
4721,643424
4722,327013
4723,868671
4724,980520
4725,553007
4726,383942
4727,413202
4728,421401
4729,316230
4730,152897
4731,429744
4732,203407
4733,731025
4734,674460
4735,364272
4736,817412
4737,889829
4738,312310
4739,480490
4740,534481
4741,865994
4742,296560
4743,934271
4744,256094
4745,112040
4746,769765
4747,808431
4748,607476
4749,323357
4750,607804
4751,568541
4752,769069
4753,399300
4754,360664
4755,639440
4756,297616
4757,884068
4758,660298
4759,824653
4760,977072
4761,799402
4762,832155
4763,909206
4764,377475
4765,791932
4766,345455
4767,916821
4768,113757
4769,631112
4770,599716
4771,482591
4772,440318
4773,183272
4774,321728
4775,582246
4776,792988
4777,801175
4778,542081
4779,458392
4780,295781
4781,801631
4782,257355
4783,449627
4784,926183
4785,330761
4786,321256
4787,719382
4788,513555
4789,687922
4790,409146
4791,951496
4792,610249
4793,488252
4794,810706
4795,613809
4796,517800
4797,763240
4798,894083
4799,291708
4800,861039
4801,324752
4802,614265
4803,653470
4804,814697
4805,392920
4806,267321
4807,939226
4808,253752
4809,770277
4810,699880
4811,539740
4812,209337
4813,564155
4814,436046
4815,510531
4816,925556
4817,956568
4818,479079
4819,672617
4820,948273
4821,381491
4822,904998
4823,460841
4824,580853
4825,589054
4826,373789
4827,619257
4828,895240
4829,531772
4830,653277
4831,756256
4832,973941
4833,450923
4834,411276
4835,819587
4836,656716
4837,948570
4838,250547
4839,974525
4840,562424
4841,212018
4842,852167
4843,707526
4844,838189
4845,570939
4846,203833
4847,176534
4848,699523
4849,454467
4850,638651
4851,176990
4852,874297
4853,573902
4854,634051
4855,449840
4856,669975
4857,257768
4858,890195
4859,479836
4860,488023
4861,231853
4862,156036
4863,925836
4864,522099
4865,306221
4866,622632
4867,551625
4868,661300
4869,222692
4870,631531
4871,133353
4872,328522
4873,718165
4874,614529
4875,736631
4876,906587
4877,833622
4878,873143
4879,448702
4880,173664
4881,775800
4882,919489
4883,525866
4884,817396
4885,414642
4886,305571
4887,753591
4888,907707
4889,135087
4890,466044
4891,744820
4892,430552
4893,816860
4894,761302
4895,727282
4896,122877
4897,761630
4898,280842
4899,962062
4900,854881
4901,924561
4902,241784
4903,887949
4904,765293
4905,643216
4906,835979
4907,863082
4908,836419
4909,188349
4910,477514
4911,251381
4912,780835
4913,502571
4914,628702
4915,138711
4916,730721
4917,707712
4918,516229
4919,538257
4920,884845
4921,954965
4922,612692
4923,229106
4924,260382
4925,998706
4926,228410
4927,691150
4928,990521
4929,220209
4930,211159
4931,476353
4932,861225
4933,839368
4934,334847
4935,516590
4936,245235
4937,153362
4938,923162
4939,135260
4940,420938
4941,789666
4942,910915
4943,252598
4944,938908
4945,545399
4946,421506
4947,126509
4948,293082
4949,812495
4950,713672
4951,756749
4952,896493
4953,364787
4954,425987
4955,611863
4956,195605
4957,949695
4958,689733
4959,748708
4960,470444
4961,973400
4962,603034
4963,451982
4964,872332
4965,443781
4966,588144
4967,780672
4968,981147
4969,787082
4970,876020
4971,702206
4972,552164
4973,413713
4974,784688
4975,305352
4976,753372
4977,701494
4978,668634
4979,937932
4980,122518
4981,158537
4982,399199
4983,523710
4984,817079
4985,761021
4986,388070
4987,457182
4988,702678
4989,602058
4990,165320
4991,593857
4992,976075
4993,448981
4994,549580
4995,198764
4996,734578
4997,127613
4998,616580
4999,338756
5000,557229
5001,199332
5002,865873
5003,125393
5004,764210
5005,487382
5006,325834
5007,194849
5008,611107
5009,713780
5010,155334
5011,286181
5012,895505
5013,764922
5014,644615
5015,469584
5016,635202
5017,871096
5018,258921
5019,982887
5020,852958
5021,837940
5022,396859
5023,645167
5024,291086
5025,236036
5026,577711
5027,909759
5028,822450
5029,468656
5030,351053
5031,902012
5032,227429
5033,874216
5034,835265
5035,993757
5036,215262
5037,208795
5038,408648
5039,917846
5040,856486
5041,190393
5042,970004
5043,908772
5044,777231
5045,916975
5046,751904
5047,551376
5048,648308
5049,607123
5050,709775
5051,281941
5052,751691
5053,701089
5054,298140
5055,945048
5056,446826
5057,928982
5058,535869
5059,431652
5060,736717
5061,120833
5062,648479
5063,328688
5064,190714
5065,929310
5066,835498
5067,905895
5068,943536
5069,550547
5070,416358
5071,774532
5072,295036
5073,650039
5074,231703
5075,156662
5076,766985
5077,128234
5078,758786
5079,894874
5080,428660
5081,335776
5082,204363
5083,123994
5084,823057
5085,630282
5086,253673
5087,997382
5088,228294
5089,299212
5090,739032
5091,778559
5092,653159
5093,318306
5094,478334
5095,435871
5096,572001
5097,209568
5098,243020
5099,755794
5100,357381
5101,137443
5102,656886
5103,913148
5104,627434
5105,145640
5106,250377
5107,443154
5108,311023
5109,277451
5110,171463
5111,716537
5112,437561
5113,715825
5114,847322
5115,516159
5116,429362
5117,779897
5118,553317
5119,830100
5120,798072
5121,136005
5122,545702
5123,452799
5124,738134
5125,597664
5126,980394
5127,659024
5128,383044
5129,126972
5130,835889
5131,757212
5132,318500
5133,187855
5134,210734
5135,434649
5136,259980
5137,795032
5138,690068
5139,786835
5140,556421
5141,911802
5142,556877
5143,872029
5144,344368
5145,174650
5146,221392
5147,386775
5148,907521
5149,134933
5150,598779
5151,969201
5152,590576
5153,323159
5154,431018
5155,361306
5156,398406
5157,122695
5158,406605
5159,954047
5160,497610
5161,907049
5162,296762
5163,986419
5164,270557
5165,173074
5166,582897
5167,471781
5168,995312
5169,425955
5170,934653
5171,364474
5172,565623
5173,330398
5174,734827
5175,433538
5176,363890
5177,843105
5178,149107
5179,851306
5180,180639
5181,387932
5182,678413
5183,526331
5184,207381
5185,157147
5186,565972
5187,884621
5188,623735
5189,791168
5190,785218
5191,584626
5192,907938
5193,543829
5194,892396
5195,399333
5196,323060
5197,866499
5198,761551
5199,526803
5200,765116
5201,242089
5202,318799
5203,341934
5204,854704
5205,854136
5206,373386
5207,812405
5208,757375
5209,765556
5210,896927
5211,931971
5212,731544
5213,234346
5214,911569
5215,471006
5216,602912
5217,794867
5218,356576
5219,225547
5220,146445
5221,556270
5222,722875
5223,245065
5224,731056
5225,193159
5226,805278
5227,245633
5228,184972
5229,260303
5230,798427
5231,169410
5232,869334
5233,877533
5234,910385
5235,228843
5236,408813
5237,532499
5238,488227
5239,610262
5240,189908
5241,719041
5242,857035
5243,480040
5244,132477
5245,496522
5246,550749
5247,986043
5248,867816
5249,709674
5250,321759
5251,175738
5252,590968
5253,167537
5254,668803
5255,423747
5256,454831
5257,752461
5258,823367
5259,175282
5260,827956
5261,782041
5262,276997
5263,696599
5264,997344
5265,665339
5266,635367
5267,672190
5268,486843
5269,619405
5270,317540
5271,468189
5272,392903
5273,585729
5274,307465
5275,445684
5276,930120
5277,675166
5278,720984
5279,852403
5280,476056
5281,930688
5282,806525
5283,124308
5284,420472
5285,638060
5286,136814
5287,299113
5288,948077
5289,658299
5290,789136
5291,219552
5292,831423
5293,227755
5294,436242
5295,316911
5296,846065
5297,405502
5298,243977
5299,152552
5300,366825
5301,894455
5302,964559
5303,570916
5304,160043
5305,151840
5306,436954
5307,819612
5308,469918
5309,827799
5310,774073
5311,268717
5312,389964
5313,996419
5314,988232
5315,627279
5316,571404
5317,318407
5318,563919
5319,427569
5320,718154
5321,290392
5322,867459
5323,999806
5324,196726
5325,523148
5326,928883
5327,182940
5328,859272
5329,936758
5330,700620
5331,446927
5332,141877
5333,298737
5334,222715
5335,287416
5336,533424
5337,312671
5338,479371
5339,917656
5340,156059
5341,487552
5342,346675
5343,600568
5344,967410
5345,415755
5346,859086
5347,229596
5348,158269
5349,336920
5350,406760
5351,297399
5352,255313
5353,497991
5354,752992
5355,726725
5356,557841
5357,865773
5358,329971
5359,678155
5360,582740
5361,633170
5362,742211
5363,575127
5364,457314
5365,266763
5366,629537
5367,699354
5368,972748
5369,884850
5370,754073
5371,923502
5372,569698
5373,292742
5374,516250
5375,395443
5376,476597
5377,716380
5378,211363
5379,381953
5380,636162
5381,871472
5382,780860
5383,812659
5384,757681
5385,836444
5386,829370
5387,903863
5388,547904
5389,636577
5390,594246
5391,981580
5392,987749
5393,309351
5394,689298
5395,138859
5396,636009
5397,426708
5398,234447
5399,764953
5400,493236
5401,421533
5402,545384
5403,553571
5404,910484
5405,308359
5406,690290
5407,291877
5408,762417
5409,193058
5410,316354
5411,184873
5412,404251
5413,923141
5414,846868
5415,525718
5416,407907
5417,726374
5418,521097
5419,399720
5420,520513
5421,565433
5422,207536
5423,720207
5424,240988
5425,371895
5426,512330
5427,296692
5428,225078
5429,615547
5430,526710
5431,685195
5432,920149
5433,407371
5434,515498
5435,191674
5436,961970
5437,983069
5438,134163
5439,777196
5440,222166
5441,168019
5442,770696
5443,454285
5444,358801
5445,692110
5446,144764
5447,412010
5448,683815
5449,922417
5450,922105
5451,528402
5452,159994
5453,675300
5454,613652
5455,428800
5456,860418
5457,904523
5458,879276
5459,828046
5460,357745
5461,495456
5462,479170
5463,340543
5464,532026
5465,155353
5466,803367
5467,200983
5468,332028
5469,235259
5470,154641
5471,431512
5472,197487
5473,129406
5474,929642
5475,361832
5476,151145
5477,891005
5478,439699
5479,281930
5480,397500
5481,710232
5482,985057
5483,978176
5484,875031
5485,908795
5486,970691
5487,473143
5488,175808
5489,246733
5490,649355
5491,371075
5492,818812
5493,128414
5494,488345
5495,487761
5496,190374
5497,767925
5498,759742
5499,856505
5500,743196
5501,695798
5502,913680
5503,792889
5504,881716
5505,458301
5506,132551
5507,864473
5508,371232
5509,408892
5510,687156
5511,952270
5512,339404
5513,726001
5514,409588
5515,128245
5516,841968
5517,303776
5518,263495
5519,257157
5520,542343
5521,782736
5522,272260
5523,649160
5524,121558
5525,867385
5526,961005
5527,768246
5528,290530
5529,361475
5530,640267
5531,760061
5532,816119
5533,120862
5534,182510
5535,848923
5536,447421
5537,917075
5538,114067
5539,945031
5540,214914
5541,167272
5542,410849
5543,878863
5544,688645
5545,171792
5546,258589
5547,773579
5548,634934
5549,451022
5550,595921
5551,626749
5552,837224
5553,671855
5554,803204
5555,924786
5556,187030
5557,340380
5558,887206
5559,672423
5560,518478
5561,989202
5562,979699
5563,878063
5564,629981
5565,901312
5566,136916
5567,846467
5568,436832
5569,185974
5570,404876
5571,683140
5572,654232
5573,517990
5574,613503
5575,203932
5576,675399
5577,509349
5578,981917
5579,655463
5580,829035
5581,602268
5582,462497
5583,941746
5584,689475
5585,196371
5586,731372
5587,434630
5588,187856
5589,196059
5590,572728
5591,486188
5592,666764
5593,938138
5594,391832
5595,309150
5596,308566
5597,553906
5598,659023
5599,391248
5600,637272
5601,716518
5602,612849
5603,484612
5604,237310
5605,762848
5606,893451
5607,893123
5608,395969
5609,334385
5610,861999
5611,315611
5612,153308
5613,897723
5614,364453
5615,616778
5616,207273
5617,686522
5618,119736
5619,240781
5620,512595
5621,372070
5622,119152
5623,726655
5624,809618
5625,794076
5626,633632
5627,802263
5628,111869
5629,914933
5630,379115
5631,248064
5632,919884
5633,647750
5634,515763
5635,840094
5636,616290
5637,953448
5638,281447
5639,237677
5640,969510
5641,386760
5642,776765
5643,174629
5644,174317
5645,659999
5646,158700
5647,736255
5648,369189
5649,615617
5650,900912
5651,824691
5652,660340
5653,575854
5654,166285
5655,297646
5656,466354
5657,134313
5658,498270
5659,142498
5660,624288
5661,448344
5662,247363
5663,241126
5664,338913
5665,480796
5666,488983
5667,712190
5668,330730
5669,534511
5670,521011
5671,233253
5672,557760
5673,441909
5674,720701
5675,632963
5676,248483
5677,262562
5678,994380
5679,351964
5680,628792
5681,829736
5682,453379
5683,597276
5684,445192
5685,236893
5686,654773
5687,754304
5688,152959
5689,655229
5690,716685
5691,963472
5692,161140
5693,382416
5694,470281
5695,713125
5696,318800
5697,731983
5698,896328
5699,210066
5700,530812
5701,468459
5702,877832
5703,691714
5704,939507
5705,358429
5706,699913
5707,605149
5708,546512
5709,307263
5710,979164
5711,929918
5712,428684
5713,654207
5714,921717
5715,755330
5716,374975
5717,922301
5718,562362
5719,603637
5720,795886
5721,819977
5722,443370
5723,218397
5724,442658
5725,310495
5726,949200
5727,626906
5728,665549
5729,285814
5730,117377
5731,435815
5732,764521
5733,933462
5734,129594
5735,515034
5736,952577
5737,313826
5738,824249
5739,414902
5740,992430
5741,273283
5742,278566
5743,240428
5744,313290
5745,842463
5746,156102
5747,522033
5748,810291
5749,231919
5750,951777
5751,649479
5752,263584
5753,271787
5754,783295
5755,695986
5756,172388
5757,472979
5758,751259
5759,801398
5760,633985
5761,320610
5762,189833
5763,208739
5764,687544
5765,441180
5766,617800
5767,432983
5768,363431
5769,767826
5770,679347
5771,449561
5772,751600
5773,472824
5774,966924
5775,742707
5776,592069
5777,640135
5778,899217
5779,290214
5780,807096
5781,728149
5782,336032
5783,205131
5784,648772
5785,423710
5786,622849
5787,661021
5788,785660
5789,584716
5790,585412
5791,272416
5792,499511
5793,222413
5794,419758
5795,740267
5796,145787
5797,443009
5798,125225
5799,571706
5800,242911
5801,653044
5802,393451
5803,933365
5804,460355
5805,137048
5806,822346
5807,585820
5808,358774
5809,869480
5810,375252
5811,922582
5812,193849
5813,204760
5814,335411
5815,894145
5816,536830
5817,860645
5818,627775
5819,178641
5820,391156
5821,217592
5822,409827
5823,655851
5824,628471
5825,704841
5826,126119
5827,293456
5828,154544
5829,285275
5830,958364
5831,153976
5832,539024
5833,300241
5834,308442
5835,413387
5836,628959
5837,251964
5838,383775
5839,666880
5840,184508
5841,114764
5842,805806
5843,708009
5844,708449
5845,893831
5846,237426
5847,762476
5848,720146
5849,338382
5850,918560
5851,833919
5852,225131
5853,749750
5854,942509
5855,625319
5856,647426
5857,329709
5858,407006
5859,761399
5860,907410
5861,824724
5862,378703
5863,413779
5864,466261
5865,430930
5866,816214
5867,892599
5868,369577
5869,368993
5870,229505
5871,174786
5872,776922
5873,776210
5874,497946
5875,701727
5876,305633
5877,273933
5878,189348
5879,865712
5880,734867
5881,897172
5882,678814
5883,441713
5884,557444
5885,425427
5886,256804
5887,834268
5888,968481
5889,271085
5890,216587
5891,742174
5892,775410
5893,497146
5894,445060
5895,579194
5896,391351
5897,821423
5898,383164
5899,861440
5900,324351
5901,923131
5902,847138
5903,754116
5904,674606
5905,292827
5906,161328
5907,192988
5908,323639
5909,217235
5910,787363
5911,872101
5912,210206
5913,394254
5914,932112
5915,673030
5916,202717
5917,539187
5918,957503
5919,409513
5920,864844
5921,926396
5922,609426
5923,890723
5924,120427
5925,164309
5926,826667
5927,626424
5928,111590
5929,514912
5930,849550
5931,322459
5932,867428
5933,640926
5934,523115
5935,306389
5936,175422
5937,577310
5938,984095
5939,389475
5940,137833
5941,904317
5942,443216
5943,820147
5944,349260
5945,773982
5946,357447
5947,373989
5948,652781
5949,563424
5950,724988
5951,435221
5952,836861
5953,705814
5954,933612
5955,125488
5956,374317
5957,285900
5958,117307
5959,596844
5960,658332
5961,268130
5962,870257
5963,492214
5964,411740
5965,596388
5966,219463
5967,428286
5968,335842
5969,562176
5970,860212
5971,203969
5972,236333
5973,299821
5974,454352
5975,546249
5976,420156
5977,788948
5978,554434
5979,630563
5980,586286
5981,468722
5982,604684
5983,739313
5984,922020
5985,186176
5986,955976
5987,675257
5988,838006
5989,484212
5990,963723
5991,405106
5992,913365
5993,137674
5994,547113
5995,940226
5996,974310
5997,358372
5998,827419
5999,277218
6000,310542
6001,706229
6002,564035
6003,318027
6004,286575
6005,886928
6006,435582
6007,895131
6008,121824
6009,676329
6010,290772
6011,736812
6012,992639
6013,993207
6014,354132
6015,576701
6016,810210
6017,767976
6018,190459
6019,521952
6020,679177
6021,182256
6022,513771
6023,917780
6024,688074
6025,918492
6026,696163
6027,670284
6028,935514
6029,379987
6030,215636
6031,524174
6032,191581
6033,399271
6034,668138
6035,134388
6036,387070
6037,991473
6038,945655
6039,590809
6040,488578
6041,758381
6042,312213
6043,180406
6044,919122
6045,520614
6046,199260
6047,865961
6048,662785
6049,934172
6050,742095
6051,702510
6052,601906
6053,379357
6054,112075
6055,771931
6056,902832
6057,359490
6058,972352
6059,579499
6060,220578
6061,351873
6062,391526
6063,813855
6064,476913
6065,179107
6066,871868
6067,390990
6068,548007
6069,731610
6070,485586
6071,966445
6072,611367
6073,896989
6074,888094
6075,804852
6076,539618
6077,579816
6078,602633
6079,871967
6080,996322
6081,949292
6082,225314
6083,452309
6084,941095
6085,957573
6086,620431
6087,643176
6088,195974
6089,326765
6090,673212
6091,932266
6092,924065
6093,681399
6094,341071
6095,972259
6096,169195
6097,738068
6098,579264
6099,252709
6100,839059
6101,516221
6102,153217
6103,561550
6104,437627
6105,722578
6106,847696
6107,851240
6108,950485
6109,240848
6110,766405
6111,319549
6112,199479
6113,489249
6114,566269
6115,897766
6116,279826
6117,312062
6118,181013
6119,976216
6120,140220
6121,248725
6122,942204
6123,296824
6124,425321
6125,497544
6126,708648
6127,840131
6128,928722
6129,430368
6130,515110
6131,438571
6132,953397
6133,192510
6134,623966
6135,660034
6136,213585
6137,745284
6138,668233
6139,969595
6140,706427
6141,235368
6142,519038
6143,427195
6144,555244
6145,180195
6146,603626
6147,635398
6148,904408
6149,269095
6150,302283
6151,973864
6152,581059
6153,621708
6154,282761
6155,236424
6156,290946
6157,570542
6158,193613
6159,706899
6160,160673
6161,517462
6162,955726
6163,420082
6164,136420
6165,307944
6166,989418
6167,691741
6168,630509
6169,997929
6170,420410
6171,901176
6172,943447
6173,592305
6174,132180
6175,826766
6176,346737
6177,503904
6178,793186
6179,272252
6180,156121
6181,401159
6182,231920
6183,189693
6184,778059
6185,599386
6186,473508
6187,591185
6188,551572
6189,823662
6190,599954
6191,700558
6192,362035
6193,231384
6194,961501
6195,807684
6196,929529
6197,684772
6198,415498
6199,473607
6200,306459
6201,423681
6202,385749
6203,577232
6204,473295
6205,585435
6206,307155
6207,114376
6208,190838
6209,321693
6210,397964
6211,370075
6212,514150
6213,439659
6214,815276
6215,405583
6216,600601
6217,504075
6218,662242
6219,742700
6220,424233
6221,120173
6222,156282
6223,189846
6224,330836
6225,818252
6226,570821
6227,517181
6228,243744
6229,404511
6230,755702
6231,367368
6232,236259
6233,204047
6234,878260
6235,468567
6236,998210
6237,267364
6238,822941
6239,253797
6240,209708
6241,117053
6242,680767
6243,895038
6244,836915
6245,572397
6246,427800
6247,539649
6248,895734
6249,393460
6250,802839
6251,154857
6252,845808
6253,940719
6254,503131
6255,595082
6256,589419
6257,689046
6258,302952
6259,292527
6260,161604
6261,203337
6262,561216
6263,184939
6264,561800
6265,647054
6266,980006
6267,902365
6268,391619
6269,459730
6270,605991
6271,666911
6272,637443
6273,938249
6274,780277
6275,713053
6276,195656
6277,293455
6278,804689
6279,765587
6280,394618
6281,966536
6282,705438
6283,844414
6284,740922
6285,390435
6286,251075
6287,178638
6288,309285
6289,588773
6290,981518
6291,664063
6292,462330
6293,884586
6294,378264
6295,142994
6296,552561
6297,352439
6298,456619
6299,590260
6300,337913
6301,685569
6302,761056
6303,238390
6304,892867
6305,954163
6306,192048
6307,808233
6308,158172
6309,967837
6310,574838
6311,873345
6312,263058
6313,802444
6314,111982
6315,826275
6316,548953
6317,625336
6318,741538
6319,280084
6320,857607
6321,565499
6322,363774
6323,608466
6324,826056
6325,592959
6326,417223
6327,549170
6328,775717
6329,775405
6330,111621
6331,694763
6332,616882
6333,442278
6334,851781
6335,119616
6336,520296
6337,809578
6338,927639
6339,232574
6340,386608
6341,937010
6342,659503
6343,790980
6344,113197
6345,552402
6346,474154
6347,112869
6348,632304
6349,386296
6350,575741
6351,353044
6352,832747
6353,238173
6354,455688
6355,184144
6356,709189
6357,289116
6358,677729
6359,157879
6360,535196
6361,438670
6362,643589
6363,188384
6364,757747
6365,285159
6366,888016
6367,651462
6368,333353
6369,836054
6370,502646
6371,494461
6372,390784
6373,828507
6374,795575
6375,941642
6376,502206
6377,178341
6378,885496
6379,245261
6380,476663
6381,185088
6382,429853
6383,236750
6384,395833
6385,334537
6386,884784
6387,376110
6388,946281
6389,779934
6390,177221
6391,946849
6392,275010
6393,223179
6394,446775
6395,474070
6396,585154
6397,785714
6398,415451
6399,272878
6400,377615
6401,692983
6402,874998
6403,133134
6404,406358
6405,522684
6406,230826
6407,431281
6408,840786
6409,567364
6410,527723
6411,182884
6412,450007
6413,573737
6414,801491
6415,496153
6416,695831
6417,172809
6418,592139
6419,792592
6420,734136
6421,362657
6422,819029
6423,312743
6424,725939
6425,650090
6426,898935
6427,960391
6428,321380
6429,199790
6430,645401
6431,806894
6432,204310
6433,335157
6434,930011
6435,646097
6436,675021
6437,683206
6438,528699
6439,870254
6440,168314
6441,596851
6442,948117
6443,778594
6444,412299
6445,384863
6446,500386
6447,738381
6448,665920
6449,267701
6450,136286
6451,365809
6452,724963
6453,186396
6454,317943
6455,510927
6456,243673
6457,154936
6458,285907
6459,837162
6460,748142
6461,819556
6462,739941
6463,589754
6464,627383
6465,125764
6466,201045
6467,811630
6468,374161
6469,594992
6470,250687
6471,310545
6472,358395
6473,665091
6474,997144
6475,940565
6476,291155
6477,645818
6478,396462
6479,683437
6480,317108
6481,562548
6482,675694
6483,144702
6484,788939
6485,454351
6486,869581
6487,604379
6488,358867
6489,939765
6490,261404
6491,699663
6492,267798
6493,604691
6494,577778
6495,350992
6496,947966
6497,253207
6498,658152
6499,496498
6500,600171
6501,827031
6502,573506
6503,400414
6504,363266
6505,487699
6506,609766
6507,733907
6508,842201
6509,128476
6510,239658
6511,951343
6512,917370
6513,701335
6514,264334
6515,423283
6516,599619
6517,591432
6518,214699
6519,551749
6520,944814
6521,327694
6522,197093
6523,929248
6524,158952
6525,921067
6526,648929
6527,182727
6528,514268
6529,129340
6530,999973
6531,968431
6532,601573
6533,387841
6534,131083
6535,472019
6536,986829
6537,112084
6538,934859
6539,541216
6540,480406
6541,851604
6542,488605
6543,608360
6544,157062
6545,232879
6546,207432
6547,851036
6548,408403
6549,889169
6550,752883
6551,378858
6552,265472
6553,266184
6554,937771
6555,660278
6556,246985
6557,808339
6558,962434
6559,515410
6560,760922
6561,399288
6562,611384
6563,644052
6564,126666
6565,643356
6566,564250
6567,636505
6568,941395
6569,251569
6570,138331
6571,748611
6572,749195
6573,689258
6574,501871
6575,780647
6576,579996
6577,603005
6578,368188
6579,395552
6580,193242
6581,437959
6582,853189
6583,185041
6584,754370
6585,922677
6586,245012
6587,654839
6588,962842
6589,838887
6590,485093
6591,553043
6592,637625
6593,169815
6594,999030
6595,421477
6596,135795
6597,990845
6598,931741
6599,160861
6600,861605
6601,721989
6602,508577
6603,421646
6604,352245
6605,990998
6606,911311
6607,972596
6608,364927
6609,519298
6610,478053
6611,887914
6612,327354
6613,332891
6614,426823
6615,161981
6616,394411
6617,588028
6618,470760
6619,278040
6620,636410
6621,451586
6622,225341
6623,138544
6624,382513
6625,949299
6626,251866
6627,470048
6628,820770
6629,969132
6630,297295
6631,876208
6632,552864
6633,945739
6634,753488
6635,474712
6636,884411
6637,983878
6638,753048
6639,790910
6640,937096
6641,833177
6642,744851
6643,708663
6644,769338
6645,900305
6646,928717
6647,289582
6648,229412
6649,130521
6650,230124
6651,735262
6652,337120
6653,560905
6654,439292
6655,761849
6656,892434
6657,914871
6658,256329
6659,132008
6660,968012
6661,456786
6662,968580
6663,994661
6664,387690
6665,662645
6666,127289
6667,232644
6668,927533
6669,157221
6670,188873
6671,889586
6672,364519
6673,232972
6674,841769
6675,487979
6676,649529
6677,849954
6678,687341
6679,810253
6680,567031
6681,189972
6682,733675
6683,550485
6684,215995
6685,800896
6686,574330
6687,582513
6688,827239
6689,550045
6690,914026
6691,614965
6692,361690
6693,867552
6694,736523
6695,231417
6696,385367
6697,984659
6698,377180
6699,944990
6700,661320
6701,660864
6702,306841
6703,984219
6704,874861
6705,455535
6706,657400
6707,249863
6708,171265
6709,740094
6710,941029
6711,137965
6712,595392
6713,619141
6714,956815
6715,340293
6716,845498
6717,478392
6718,155043
6719,427602
6720,200869
6721,491770
6722,228096
6723,691444
6724,629764
6725,746717
6726,393167
6727,420051
6728,343917
6729,715129
6730,930440
6731,428154
6732,193644
6733,325455
6734,894812
6735,317252
6736,852155
6737,500562
6738,630695
6739,144805
6740,979777
6741,546125
6742,546693
6743,491921
6744,168074
6745,789400
6746,384103
6747,806102
6748,721651
6749,283403
6750,886004
6751,397053
6752,894207
6753,124407
6754,905050
6755,357800
6756,171682
6757,627527
6758,627087
6759,226955
6760,827551
6761,419728
6762,285987
6763,125919
6764,672221
6765,235042
6766,366537
6767,486872
6768,518396
6769,286699
6770,510199
6771,479003
6772,568188
6773,606621
6774,327829
6775,807046
6776,150648
6777,717890
6778,370106
6779,921528
6780,328285
6781,114409
6782,507650
6783,254751
6784,669224
6785,831535
6786,916777
6787,917904
6788,156251
6789,767396
6790,312407
6791,634652
6792,704492
6793,573969
6794,504802
6795,783082
6796,550718
6797,703780
6798,464589
6799,743365
6800,495905
6801,288790
6802,892898
6803,238359
6804,685600
6805,121890
6806,527325
6807,858822
6808,568378
6809,386938
6810,969364
6811,352862
6812,907436
6813,266067
6814,851471
6815,616696
6816,926741
6817,156957
6818,642519
6819,520482
6820,575391
6821,379793
6822,216470
6823,173943
6824,448937
6825,471880
6826,775591
6827,980687
6828,938280
6829,266699
6830,359622
6831,699090
6832,579047
6833,169220
6834,161197
6835,612419
6836,202912
6837,529733
6838,954762
6839,621184
6840,722813
6841,437396
6842,613003
6843,516498
6844,762010
6845,602414
6846,941512
6847,277792
6848,217870
6849,146947
6850,795389
6851,418334
6852,973036
6853,462611
6854,740891
6855,872432
6856,619688
6857,188074
6858,426679
6859,765618
6860,672851
6861,519538
6862,395155
6863,713084
6864,178308
6865,593998
6866,365028
6867,233487
6868,202723
6869,572897
6870,195842
6871,318690
6872,333320
6873,530950
6874,242380
6875,118577
6876,210208
6877,565026
6878,854485
6879,293325
6880,413598
6881,658526
6882,946248
6883,637769
6884,923405
6885,847132
6886,538349
6887,674264
6888,537637
6889,839647
6890,185121
6891,853301
6892,534109
6893,766273
6894,565681
6895,441679
6896,311474
6897,288157
6898,809091
6899,216629
6900,663078
6901,417582
6902,165399
6903,907247
6904,633849
6905,783887
6906,417254
6907,482126
6908,867238
6909,928158
6910,439143
6911,149661
6912,799526
6913,414670
6914,753611
6915,474819
6916,506855
6917,799214
6918,255994
6919,744712
6920,969727
6921,136319
6922,831334
6923,454533
6924,738412
6925,989297
6926,177048
6927,657770
6928,275871
6929,778563
6930,789065
6931,468903
6932,605017
6933,124654
6934,729569
6935,335124
6936,193750
6937,675364
6938,537561
6939,754894
6940,715203
6941,555127
6942,878956
6943,302744
6944,664961
6945,940895
6946,580952
6947,358065
6948,696485
6949,381270
6950,863466
6951,924689
6952,155601
6953,680655
6954,718683
6955,439891
6956,849584
6957,684215
6958,920737
6959,807255
6960,736689
6961,431248
6962,874967
6963,298536
6964,551111
6965,142060
6966,377318
6967,622830
6968,415482
6969,577000
6970,800274
6971,190126
6972,321349
6973,199759
6974,363080
6975,400724
6976,479314
6977,719803
6978,440443
6979,525154
6980,566405
6981,331628
6982,200327
6983,172840
6984,450366
6985,132303
6986,388365
6987,742932
6988,272359
6989,662290
6990,480241
6991,649448
6992,128509
6993,710675
6994,818391
6995,850747
6996,743295
6997,355210
6998,172171
6999,249222
7000,141159
7001,782488
7002,215202
7003,472244
7004,801105
7005,669882
7006,132516
7007,607215
7008,159233
7009,313357
7010,560077
7011,661145
7012,454774
7013,585280
7014,917339
7015,138044
7016,419626
7017,773315
7018,450758
7019,827429
7020,656937
7021,626997
7022,179731
7023,589552
7024,171544
7025,739815
7026,940284
7027,286545
7028,672687
7029,201660
7030,326270
7031,965277
7032,933233
7033,947935
7034,384221
7035,276028
7036,739279
7037,638430
7038,666306
7039,939036
7040,392734
7041,869612
7042,219154
7043,989466
7044,910091
7045,630557
7046,428459
7047,384533
7048,517286
7049,235696
7050,922450
7051,116038
7052,475529
7053,404612
7054,930193
7055,291186
7056,428899
7057,729226
7058,602972
7059,950193
7060,178517
7061,218036
7062,309878
7063,277914
7064,547993
7065,285407
7066,539612
7067,538900
7068,862223
7069,836334
7070,611353
7071,154108
7072,308318
7073,628827
7074,267193
7075,637008
7076,971958
7077,169406
7078,980597
7079,621114
7080,722191
7081,476167
7082,123403
7083,371822
7084,180360
7085,897403
7086,951112
7087,549386
7088,694299
7089,347335
7090,463153
7091,968398
7092,158607
7093,523640
7094,430197
7095,839830
7096,848029
7097,685722
7098,122448
7099,149836
7100,919620
7101,430781
7102,639813
7103,900947
7104,344815
7105,884721
7106,466713
7107,575757
7108,744665
7109,598308
7110,969262
7111,560936
7112,569123
7113,639206
7114,329218
7115,206818
7116,744882
7117,297894
7118,632739
7119,790879
7120,306093
7121,447640
7122,143202
7123,274057
7124,791447
7125,255368
7126,832624
7127,364486
7128,433974
7129,616745
7130,758584
7131,489247
7132,471121
7133,549289
7134,462938
7135,834136
7136,296774
7137,248163
7138,304517
7139,173166
7140,359703
7141,972565
7142,301046
7143,493318
7144,143866
7145,467497
7146,790471
7147,266962
7148,260568
7149,902445
7150,829472
7151,869057
7152,813186
7153,722020
7154,861572
7155,160892
7156,862028
7157,621393
7158,178934
7159,594164
7160,588309
7161,301846
7162,225308
7163,394378
7164,643742
7165,435053
7166,511144
7167,341689
7168,704678
7169,196024
7170,333490
7171,804513
7172,752218
7173,446899
7174,969894
7175,874866
7176,246368
7177,551010
7178,175981
7179,398297
7180,129235
7181,230702
7182,867895
7183,606753
7184,815609
7185,405786
7186,440054
7187,523248
7188,458072
7189,634016
7190,495701
7191,670652
7192,473010
7193,257675
7194,354444
7195,464241
7196,687674
7197,208425
7198,440542
7199,432341
7200,331721
7201,810258
7202,286732
7203,487676
7204,321504
7205,617474
7206,558819
7207,721799
7208,212633
7209,529271
7210,475207
7211,194235
7212,160087
7213,124491
7214,392472
7215,261363
7216,359156
7217,869666
7218,420044
7219,887136
7220,724839
7221,201330
7222,672353
7223,195163
7224,209073
7225,531807
7226,374454
7227,227327
7228,997111
7229,748266
7230,310838
7231,948537
7232,381755
7233,451520
7234,302653
7235,366550
7236,802857
7237,572371
7238,564184
7239,756520
7240,510496
7241,116995
7242,811754
7243,713965
7244,988511
7245,781989
7246,495526
7247,137553
7248,635731
7249,871009
7250,547706
7251,258424
7252,350068
7253,404513
7254,886307
7255,212282
7256,964312
7257,193816
7258,436485
7259,492358
7260,546130
7261,136625
7262,554329
7263,412516
7264,500101
7265,770182
7266,137081
7267,793087
7268,626440
7269,263402
7270,634627
7271,801268
7272,223244
7273,873721
7274,388291
7275,346916
7276,733343
7277,513648
7278,618401
7279,181667
7280,719037
7281,842077
7282,400978
7283,752433
7284,246211
7285,254408
7286,993068
7287,684409
7288,336001
7289,290183
7290,607050
7291,313512
7292,336457
7293,859991
7294,197545
7295,684977
7296,139396
7297,224642
7298,541348
7299,263084
7300,802482
7301,448950
7302,471895
7303,712688
7304,320261
7305,127518
7306,677916
7307,156930
7308,287977
7309,207564
7310,480986
7311,678612
7312,809791
7313,232747
7314,632429
7315,166787
7316,352393
7317,785307
7318,505947
7319,753343
7320,983721
7321,266060
7322,560870
7323,615431
7324,337167
7325,808215
7326,323557
7327,430288
7328,928290
7329,515542
7330,966582
7331,862378
7332,765613
7333,888653
7334,210004
7335,341879
7336,957813
7337,924313
7338,293489
7339,395148
7340,732041
7341,781099
7342,655818
7343,697901
7344,794666
7345,697573
7346,382230
7347,529754
7348,123566
7349,324533
7350,516493
7351,682607
7352,579376
7353,629302
7354,143412
7355,553503
7356,659426
7357,877316
7358,300272
7359,391677
7360,260118
7361,203548
7362,707811
7363,674575
7364,376080
7365,923410
7366,847819
7367,115662
7368,754477
7369,245299
7370,160985
7371,324318
7372,553844
7373,144279
7374,501088
7375,169072
7376,605810
7377,637782
7378,266431
7379,712712
7380,510989
7381,233488
7382,704515
7383,538842
7384,643643
7385,664162
7386,170128
7387,748972
7388,302003
7389,904096
7390,794945
7391,941244
7392,138676
7393,784440
7394,544559
7395,799545
7396,969696
7397,833053
7398,785136
7399,247790
7400,552428
7401,708787
7402,961701
7403,616356
7404,716984
7405,206223
7406,919946
7407,122782
7408,198020
7409,131884
7410,497115
7411,775379
7412,574499
7413,742207
7414,448733
7415,662769
7416,695069
7417,826102
7418,986602
7419,857938
7420,809556
7421,157345
7422,843192
7423,329871
7424,399487
7425,932869
7426,393499
7427,563393
7428,155598
7429,787582
7430,913055
7431,589700
7432,747672
7433,442809
7434,389442
7435,258217
7436,204000
7437,860181
7438,562921
7439,317409
7440,152038
7441,283333
7442,335811
7443,193737
7444,324898
7445,930349
7446,366639
7447,691865
7448,384865
7449,500380
7450,788638
7451,411773
7452,997477
7453,970828
7454,770391
7455,252994
7456,778588
7457,350789
7458,586156
7459,445785
7460,223709
7461,215510
7462,416261
7463,371292
7464,719780
7465,864421
7466,810408
7467,286902
7468,767082
7469,609915
7470,409480
7471,778191
7472,832297
7473,874952
7474,945147
7475,446729
7476,752352
7477,215038
7478,585212
7479,196784
7480,191057
7481,514881
7482,684640
7483,197240
7484,298388
7485,800614
7486,142232
7487,214109
7488,960762
7489,129994
7490,230967
7491,205264
7492,718383
7493,728270
7494,239164
7495,985981
7496,801670
7497,874123
7498,792901
7499,751011
7500,827049
7501,591966
7502,287509
7503,320761
7504,818688
7505,182225
7506,617939
7507,487725
7508,960210
7509,232151
7510,116057
7511,517305
7512,124242
7513,396432
7514,613736
7515,325249
7516,194410
7517,334944
7518,830682
7519,971047
7520,276003
7521,275691
7522,665621
7523,392705
7524,700409
7525,738584
7526,578052
7527,764241
7528,427348
7529,886961
7530,243340
7531,286086
7532,618883
7533,572265
7534,235143
7535,411454
7536,871131
7537,226534
7538,276491
7539,923331
7540,761919
7541,674526
7542,517119
7543,508916
7544,578882
7545,628804
7546,780145
7547,178018
7548,938381
7549,426202
7550,531400
7551,210470
7552,284680
7553,278349
7554,996008
7555,664499
7556,821111
7557,266230
7558,907273
7559,422411
7560,968953
7561,344816
7562,660232
7563,552693
7564,142870
7565,113602
7566,448292
7567,584657
7568,875821
7569,668107
7570,953727
7571,150427
7572,515436
7573,430186
7574,961908
7575,866464
7576,676934
7577,927824
7578,158040
7579,648017
7580,481352
7581,663528
7582,825839
7583,456967
7584,256028
7585,387575
7586,256724
7587,457679
7588,471333
7589,694988
7590,139326
7591,372409
7592,233305
7593,287827
7594,533851
7595,497577
7596,872614
7597,379487
7598,111745
7599,694639
7600,348027
7601,224923
7602,387228
7603,934558
7604,802659
7605,726219
7606,851905
7607,119748
7608,399557
7609,711913
7610,506690
7611,784970
7612,945341
7613,825004
7614,474286
7615,297913
7616,632764
7617,667808
7618,937598
7619,455820
7620,583794
7621,112737
7622,328917
7623,569148
7624,900647
7625,534736
7626,685350
7627,515079
7628,892132
7629,639225
7630,643713
7631,234082
7632,896663
7633,332901
7634,485784
7635,572740
7636,835922
7637,896095
7638,765364
7639,651330
7640,531107
7641,663568
7642,269541
7643,690167
7644,444159
7645,655387
7646,587970
7647,981289
7648,357152
7649,333957
7650,762780
7651,813213
7652,184652
7653,931747
7654,485296
7655,972554
7656,771289
7657,902450
7658,698836
7659,629039
7660,273805
7661,983723
7662,447828
7663,113074
7664,192012
7665,915642
7666,398838
7667,526600
7668,149995
7669,848626
7670,560868
7671,953799
7672,281288
7673,906905
7674,540782
7675,994440
7676,575362
7677,173930
7678,416912
7679,663376
7680,967841
7681,775610
7682,312076
7683,809461
7684,488475
7685,330542
7686,565447
7687,188452
7688,735195
7689,809789
7690,512308
7691,371913
7692,617005
7693,861256
7694,334166
7695,655289
7696,853059
7697,722784
7698,292499
7699,690884
7700,359955
7701,690188
7702,530872
7703,862376
7704,573023
7705,426082
7706,924315
7707,651665
7708,888199
7709,973369
7710,409792
7711,556085
7712,277821
7713,656128
7714,981242
7715,357107
7716,195871
7717,896231
7718,435146
7719,888356
7720,896559
7721,202038
7722,147317
7723,628087
7724,941686
7725,259927
7726,302001
7727,973650
7728,748974
7729,310202
7730,342782
7731,211733
7732,530171
7733,805606
7734,892935
7735,762660
7736,813093
7737,508455
7738,754479
7739,342070
7740,421768
7741,360312
7742,877165
7743,383135
7744,413003
7745,946261
7746,467014
7747,587346
7748,597171
7749,637780
7750,421184
7751,296233
7752,670968
7753,934126
7754,872478
7755,826100
7756,270342
7757,319652
7758,280387
7759,726715
7760,950348
7761,207213
7762,950916
7763,119676
7764,407670
7765,311911
7766,758687
7767,776241
7768,544557
7769,344867
7770,247076
7771,143301
7772,576009
7773,438706
7774,407134
7775,685910
7776,808630
7777,677725
7778,329381
7779,735384
7780,315015
7781,944035
7782,354886
7783,775063
7784,172943
7785,472440
7786,331723
7787,479805
7788,759001
7789,525253
7790,409080
7791,617472
7792,567018
7793,156133
7794,767514
7795,969892
7796,752216
7797,446897
7798,729045
7799,328491
7800,491222
7801,398299
7802,675867
7803,440052
7804,684048
7805,760561
7806,234908
7807,155510
7808,435780
7809,732582
7810,671915
7811,879363
7812,502796
7813,657381
7814,555544
7815,137968
7816,635122
7817,547347
7818,227325
7819,450826
7820,696322
7821,603606
7822,697034
7823,912935
7824,988214
7825,622200
7826,204432
7827,762978
7828,930453
7829,570970
7830,491751
7831,789230
7832,499948
7833,219926
7834,176959
7835,939472
7836,454434
7837,186329
7838,563002
7839,475438
7840,806403
7841,894178
7842,989629
7843,630714
7844,947376
7845,638897
7846,299388
7847,789381
7848,878216
7849,307575
7850,956977
7851,427812
7852,572369
7853,965178
7854,933662
7855,163350
7856,611320
7857,209680
7858,317466
7859,713967
7860,510186
7861,603325
7862,171711
7863,226398
7864,460872
7865,258994
7866,349630
7867,588959
7868,258426
7869,419725
7870,226966
7871,623594
7872,272387
7873,415542
7874,752435
7875,446682
7876,807067
7877,718487
7878,559978
7879,527494
7880,121265
7881,849332
7882,205728
7883,431452
7884,361900
7885,536133
7886,458489
7887,424213
7888,258018
7889,975140
7890,449594
7891,172076
7892,271915
7893,380106
7894,782399
7895,913876
7896,966959
7897,371599
7898,856445
7899,687955
7900,519637
7901,966414
7902,958213
7903,880476
7904,656314
7905,880020
7906,981640
7907,698005
7908,547972
7909,707888
7910,334628
7911,396244
7912,885213
7913,954669
7914,853553
7915,210956
7916,853241
7917,529890
7918,861426
7919,334316
7920,947020
7921,821597
7922,467807
7923,990785
7924,606113
7925,578880
7926,771504
7927,544868
7928,667033
7929,300672
7930,868735
7931,990345
7932,597346
7933,671713
7934,802314
7935,165139
7936,975888
7937,750311
7938,794113
7939,139324
7940,347354
7941,463148
7942,575288
7943,601561
7944,256726
7945,180373
7946,617111
7947,818060
7948,241048
7949,319861
7950,843427
7951,407975
7952,686255
7953,338263
7954,915456
7955,112904
7956,937751
7957,598329
7958,474567
7959,523621
7960,892301
7961,817004
7962,527226
7963,368787
7964,183413
7965,438955
7966,130630
7967,676932
7968,667810
7969,306096
7970,883791
7971,142775
7972,945783
7973,753516
7974,221817
7975,907616
7976,281041
7977,928057
7978,523974
7979,735978
7980,677863
7981,122350
7982,206847
7983,314613
7984,248758
7985,457382
7986,601266
7987,387230
7988,873068
7989,270964
7990,288058
7991,766766
7992,484730
7993,612751
7994,805468
7995,507989
7996,211887
7997,561581
7998,437592
7999,342596
8000,545039
8001,260877
8002,135660
8003,184654
8004,830197
8005,458999
8006,629733
8007,658993
8008,690653
8009,308520
8010,228905
8011,426875
8012,327302
8013,896661
8014,681364
8015,188262
8016,187822
8017,564557
8018,531105
8019,394847
8020,804540
8021,835920
8022,409873
8023,628485
8024,820766
8025,987394
8026,138508
8027,548335
8028,269871
8029,178211
8030,244485
8031,404978
8032,613377
8033,335113
8034,204002
8035,537540
8036,570408
8037,529359
8038,683570
8039,267657
8040,770389
8041,644877
8042,366085
8043,965611
8044,332265
8045,563723
8046,724247
8047,117272
8048,878961
8049,503422
8050,390024
8051,974438
8052,996487
8053,696504
8054,258219
8055,502966
8056,819544
8057,599516
8058,936250
8059,752354
8060,142065
8061,362165
8062,676001
8063,929407
8064,129131
8065,328593
8066,321904
8067,737124
8068,718222
8069,615058
8070,952728
8071,514443
8072,424132
8073,495853
8074,943897
8075,882665
8076,826632
8077,678977
8078,711597
8079,524727
8080,856676
8081,457867
8082,542610
8083,249243
8084,751009
8085,881738
8086,279324
8087,320763
8088,200689
8089,842213
8090,232149
8091,487727
8092,147519
8093,984991
8094,543602
8095,631187
8096,264826
8097,599679
8098,576670
8099,423247
8100,543162
8101,623440
8102,345524
8103,693152
8104,230653
8105,736783
8106,182779
8107,648213
8108,891595
8109,952891
8110,732863
8111,864084
8112,571811
8113,610698
8114,564064
8115,957067
8116,618881
8117,436117
8118,845686
8119,997156
8120,547778
8121,656948
8122,626984
8123,688912
8124,819963
8125,594956
8126,411124
8127,656636
8128,905213
8129,706750
8130,714933
8131,283564
8132,885843
8133,405073
8134,956011
8135,186211
8136,715389
8137,571275
8138,645766
8139,778293
8140,145354
8141,137153
8142,359207
8143,136457
8144,746769
8145,176878
8146,766688
8147,233470
8148,720870
8149,526143
8150,735172
8151,330545
8152,809762
8153,216468
8154,173941
8155,906886
8156,741961
8157,934738
8158,139857
8159,448939
8160,369406
8161,407010
8162,438798
8163,709389
8164,230174
8165,158519
8166,928319
8167,206385
8168,598428
8169,744545
8170,134258
8171,584566
8172,983732
8173,660399
8174,636608
8175,602412
8176,911381
8177,178669
8178,820504
8179,880633
8180,341410
8181,118360
8182,373326
8183,888216
8184,843925
8185,862847
8186,643461
8187,868826
8188,658743
8189,910909
8190,990252
8191,445395
8192,628963
8193,839350
8194,708445
8195,537932
8196,123571
8197,931439
8198,161639
8199,192651
8200,707989
8201,923236
8202,444528
8203,578702
8204,637771
8205,413012
8206,962792
8207,613346
8208,621545
8209,853303
8210,324291
8211,674266
8212,872089
8213,973189
8214,780437
8215,251715
8216,418239
8217,390819
8218,740794
8219,812562
8220,202721
8221,233485
8222,234181
8223,643622
8224,196552
8225,530636
8226,928596
8227,183739
8228,647837
8229,447520
8230,937689
8231,702443
8232,255992
8233,667655
8234,552433
8235,448232
8236,344564
8237,687017
8238,207802
8239,609106
8240,766859
8241,434062
8242,189336
8243,271057
8244,173598
8245,549137
8246,497422
8247,994812
8248,872449
8249,737217
8250,205524
8251,614967
8252,953333
8253,204828
8254,515046
8255,290033
8256,785835
8257,167347
8258,744012
8259,669505
8260,167803
8261,970355
8262,978552
8263,414858
8264,623262
8265,944532
8266,208436
8267,339935
8268,551039
8269,479778
8270,279250
8271,272759
8272,320821
8273,679140
8274,952085
8275,542300
8276,935863
8277,670625
8278,582075
8279,503875
8280,249501
8281,993394
8282,905827
8283,870391
8284,770544
8285,268260
8286,939783
8287,460252
8288,997570
8289,176928
8290,468439
8291,446262
8292,335716
8293,483993
8294,754806
8295,929858
8296,124502
8297,838227
8298,665585
8299,269060
8300,997098
8301,595722
8302,179464
8303,879388
8304,277263
8305,146148
8306,555215
8307,410682
8308,603593
8309,302624
8310,418865
8311,317806
8312,427600
8313,732601
8314,563886
8315,948303
8316,451254
8317,697278
8318,494963
8319,974176
8320,393431
8321,478673
8322,340012
8323,855346
8324,956646
8325,756221
8326,886806
8327,401940
8328,822974
8329,275532
8330,630125
8331,468596
8332,770203
8333,186310
8334,212263
8335,814303
8336,375584
8337,528585
8338,291274
8339,675135
8340,235528
8341,291586
8342,405236
8343,243715
8344,922602
8345,721649
8346,622348
8347,898693
8348,363419
8349,617844
8350,951934
8351,850819
8352,725129
8353,679751
8354,865185
8355,696293
8356,582168
8357,295707
8358,424898
8359,295379
8360,592433
8361,303576
8362,943831
8363,313981
8364,718472
8365,849763
8366,807044
8367,129901
8368,491426
8369,841120
8370,717888
8371,992761
8372,345361
8373,346073
8374,599770
8375,465455
8376,700870
8377,578911
8378,780140
8379,421006
8380,169844
8381,376028
8382,184378
8383,429095
8384,236860
8385,673803
8386,202776
8387,861421
8388,484366
8389,655132
8390,178519
8391,987838
8392,903332
8393,996021
8394,941424
8395,981655
8396,309876
8397,470376
8398,233948
8399,896297
8400,731950
8401,713156
8402,187610
8403,957906
8404,756937
8405,573178
8406,538902
8407,647556
8408,368780
8409,708991
8410,191585
8411,568450
8412,523642
8413,639375
8414,130649
8415,329123
8416,183970
8417,456186
8418,544483
8419,274400
8420,551968
8421,466387
8422,188545
8423,857758
8424,919150
8425,918694
8426,817499
8427,480437
8428,809296
8429,364207
8430,173319
8431,247818
8432,549384
8433,262923
8434,967684
8435,425022
8436,776151
8437,416821
8438,497375
8439,372687
8440,181033
8441,189218
8442,233007
8443,642764
8444,363788
8445,288749
8446,534245
8447,433660
8448,565513
8449,711924
8450,950505
8451,617443
8452,609256
8453,149005
8454,408091
8455,112212
8456,270499
8457,986445
8458,840503
8459,709340
8460,323113
8461,761818
8462,406579
8463,515098
8464,686067
8465,616195
8466,438551
8467,632737
8468,799062
8469,598661
8470,632169
8471,907647
8472,668277
8473,791445
8474,143200
8475,344966
8476,225310
8477,178236
8478,382170
8479,493868
8480,139227
8481,269872
8482,451617
8483,941779
8484,462528
8485,548664
8486,202131
8487,365460
8488,673152
8489,394376
8490,765353
8491,620467
8492,812712
8493,373079
8494,980764
8495,745963
8496,413166
8497,699137
8498,830186
8499,359701
8500,972567
8501,578612
8502,135995
8503,779471
8504,790469
8505,893546
8506,429956
8507,654967
8508,621395
8509,561586
8510,258684
8511,390039
8512,996504
8513,913026
8514,781729
8515,218963
8516,819527
8517,688300
8518,665419
8519,940893
8520,478208
8521,957439
8522,563732
8523,932888
8524,427754
8525,286264
8526,435241
8527,384892
8528,446348
8529,136317
8530,822695
8531,878406
8532,948150
8533,212214
8534,317436
8535,845866
8536,212542
8537,115759
8538,930352
8539,204341
8540,335838
8541,566407
8542,521599
8543,918155
8544,409493
8545,758908
8546,181359
8547,541742
8548,835540
8549,582601
8550,792627
8551,914130
8552,943566
8553,662288
8554,416280
8555,633863
8556,774650
8557,182415
8558,891255
8559,491123
8560,190596
8561,214315
8562,700439
8563,875293
8564,142062
8565,230626
8566,491288
8567,841682
8568,327725
8569,676309
8570,535592
8571,397533
8572,527395
8573,614702
8574,482779
8575,777329
8576,993163
8577,970090
8578,345955
8579,785530
8580,944781
8581,978857
8582,133446
8583,264365
8584,668760
8585,320740
8586,641249
8587,918496
8588,951308
8589,718874
8590,371498
8591,759775
8592,321068
8593,416627
8594,504210
8595,295273
8596,496025
8597,164426
8598,985512
8599,699692
8600,228051
8601,878125
8602,384223
8603,997651
8604,492513
8605,846145
8606,814765
8607,653402
8608,235698
8609,366937
8610,963767
8611,837962
8612,334973
8613,675205
8614,283003
8615,528499
8616,563103
8617,461349
8618,773313
8619,303089
8620,145917
8621,411115
8622,571836
8623,680870
8624,652474
8625,242777
8626,435522
8627,724067
8628,855432
8629,243345
8630,162939
8631,393325
8632,195479
8633,486752
8634,932526
8635,162726
8636,426076
8637,732085
8638,957769
8639,888249
8640,539021
8641,689362
8642,594894
8643,382250
8644,941859
8645,390433
8646,270272
8647,226086
8648,225774
8649,146664
8650,178948
8651,588775
8652,508346
8653,838751
8654,893850
8655,869171
8656,790069
8657,351782
8658,690938
8659,501503
8660,593822
8661,379258
8662,417382
8663,496780
8664,934771
8665,256154
8666,165271
8667,575420
8668,968279
8669,256594
8670,270675
8671,112548
8672,505423
8673,173908
8674,749739
8675,363772
8676,642548
8677,842991
8678,857605
8679,338715
8680,557298
8681,311802
8682,240924
8683,338387
8684,180953
8685,433860
8686,926774
8687,897834
8688,127522
8689,677920
8690,255098
8691,274299
8692,884128
8693,265656
8694,598461
8695,489997
8696,438831
8697,761386
8698,515874
8699,280638
8700,752928
8701,883915
8702,247762
8703,113199
8704,165916
8705,624121
8706,660197
8707,784388
8708,398499
8709,962129
8710,184146
8711,615760
8712,238175
8713,920446
8714,859022
8715,314481
8716,490342
8717,670918
8718,262195
8719,505636
8720,173631
8721,976383
8722,671246
8723,742147
8724,601854
8725,959153
8726,865709
8727,232572
8728,363927
8729,400011
8730,866149
8731,557465
8732,888962
8733,395507
8734,708119
8735,963073
8736,333827
8737,153126
8738,115002
8739,954562
8740,621512
8741,485174
8742,429527
8743,745840
8744,587372
8745,658557
8746,938080
8747,391338
8748,659125
8749,413629
8750,966369
8751,573194
8752,394259
8753,126745
8754,765946
8755,673747
8756,394971
8757,233516
8758,195873
8759,434492
8760,651460
8761,888018
8762,602214
8763,655517
8764,310148
8765,178799
8766,655957
8767,139072
8768,170156
8769,613509
8770,763540
8771,436890
8772,509279
8773,886204
8774,930475
8775,193615
8776,788504
8777,971266
8778,699924
8779,261639
8780,136422
8781,545797
8782,637996
8783,830775
8784,340326
8785,563855
8786,163211
8787,645001
8788,705969
8789,563271
8790,478803
8791,418832
8792,664856
8793,879093
8794,627215
8795,657371
8796,819676
8797,997067
8798,871222
8799,377783
8800,585650
8801,984248
8802,447303
8803,599384
8804,669096
8805,799811
8806,254551
8807,823660
8808,245908
8809,710601
8810,231386
8811,431809
8812,768708
8813,239569
8814,150832
8815,336670
8816,369906
8817,960791
8818,322036
8819,172977
8820,626271
8821,140949
8822,503906
8823,974961
8824,966778
8825,479435
8826,181820
8827,818469
8828,609333
8829,842434
8830,733640
8831,401157
8832,513519
8833,409358
8834,793355
8835,592400
8836,882182
8837,703751
8838,472805
8839,634359
8840,634687
8841,346576
8842,696260
8843,189844
8844,959644
8845,926576
8846,889959
8847,725600
8848,240218
8849,926136
8850,875245
8851,700903
8852,916746
8853,415168
8854,585433
8855,984531
8856,874533
8857,992728
8858,668867
8859,522351
8860,684357
8861,648793
8862,859555
8863,953023
8864,732731
8865,803549
8866,294851
8867,540363
8868,724216
8869,518679
8870,802837
8871,366570
8872,427802
8873,195340
8874,310697
8875,997280
8876,904625
8877,258956
8878,982914
8879,948334
8880,627556
8881,755004
8882,885975
8883,645322
8884,838097
8885,963628
8886,244458
8887,343277
8888,720920
8889,437233
8890,144774
8891,275565
8892,989571
8893,136589
8894,492410
8895,255496
8896,247299
8897,213799
8898,693464
8899,623656
8900,221996
8901,406905
8902,197737
8903,568483
8904,322987
8905,953667
8906,281164
8907,647589
8908,449528
8909,139266
8910,802044
8911,834008
8912,943042
8913,794175
8914,533863
8915,857207
8916,480404
8917,408401
8918,650565
8919,919119
8920,199233
8921,288423
8922,897368
8923,655165
8924,708550
8925,396266
8926,367862
8927,284188
8928,508160
8929,938417
8930,637627
8931,822187
8932,990391
8933,467809
8934,938873
8935,672970
8936,394690
8937,162260
8938,538935
8939,196152
8940,319448
8941,888779
8942,511784
8943,318736
8944,202257
8945,395018
8946,987223
8947,911942
8948,941393
8949,452515
8950,462730
8951,828808
8952,740994
8953,981118
8954,588181
8955,326768
8956,896099
8957,530519
8958,681386
8959,828643
8960,941810
8961,628211
8962,443403
8963,689411
8964,987452
8965,269529
8966,893059
8967,646293
8968,730756
8969,376214
8970,813673
8971,963259
8972,790500
8973,383003
8974,637208
8975,738057
8976,972598
8977,830155
8978,690987
8979,456784
8980,256331
8981,934562
8982,663231
8983,248712
8984,505758
8985,703376
8986,408122
8987,240845
8988,156911
8989,726263
8990,442142
8991,558059
8992,181000
8993,616714
8994,889584
8995,480767
8996,884409
8997,112733
8998,776373
8999,544097
9000,448115
9001,928719
9002,329249
9003,840158
9004,183584
9005,150220
9006,281383
9007,677137
9008,633894
9009,826678
9010,111611
9011,881951
9012,742655
9013,670194
9014,541711
9015,618060
9016,409524
9017,119998
9018,208559
9019,148386
9020,533322
9021,488114
9022,864849
9023,609423
9024,487546
9025,286858
9026,679039
9027,532866
9028,339340
9029,345641
9030,423634
9031,465175
9032,791794
9033,807868
9034,121494
9035,535906
9036,899989
9037,807284
9038,961381
9039,867449
9040,956694
9041,209663
9042,374008
9043,811783
9044,705803
9045,201460
9046,706499
9047,195293
9048,366139
9049,618708
9050,773515
9051,494723
9052,739943
9053,381885
9054,250454
9055,469420
9056,180059
9057,357466
9058,335871
9059,806892
9060,291570
9061,152338
9062,185598
9063,212183
9064,509741
9065,886734
9066,613439
9067,194109
9068,909451
9069,220050
9070,176499
9071,350841
9072,460687
9073,268159
9074,546423
9075,545983
9076,446381
9077,177083
9078,788642
9079,343127
9080,645816
9081,194390
9082,212852
9083,316542
9084,721514
9085,358865
9086,604377
9087,253205
9088,596506
9089,299512
9090,830694
9091,971035
9092,546588
9093,427936
9094,195510
9095,235195
9096,401479
9097,957109
9098,652443
9099,925585
9100,680839
9101,294777
9102,781859
9103,303056
9104,664777
9105,419265
9106,795938
9107,419593
9108,580624
9109,871143
9110,781547
9111,277247
9112,743796
9113,599177
9114,577128
9115,222314
9116,447126
9117,415098
9118,623014
9119,661178
9120,792401
9121,752567
9122,454741
9123,222882
9124,166979
9125,543564
9126,385189
9127,314086
9128,197095
9129,999975
9130,439763
9131,718043
9132,849200
9133,304011
9134,346474
9135,905563
9136,355241
9137,581707
9138,379982
9139,433136
9140,688087
9141,641216
9142,533025
9143,401108
9144,959526
9145,587216
9146,877351
9147,359674
9148,597497
9149,877039
9150,274940
9151,412673
9152,484930
9153,762022
9154,153426
9155,283761
9156,805220
9157,570014
9158,579899
9159,594897
9160,382261
9161,470508
9162,356378
9163,418026
9164,888230
9165,162745
9166,364723
9167,293458
9168,402796
9169,284817
9170,242587
9171,564853
9172,736026
9173,490002
9174,769270
9175,639243
9176,238051
9177,858874
9178,848595
9179,526633
9180,192045
9181,328999
9182,274276
9183,983690
9184,598890
9185,352866
9186,497779
9187,386886
9188,166816
9189,474460
9190,175019
9191,213322
9192,790706
9193,113499
9194,624197
9195,642539
9196,711963
9197,712659
9198,734514
9199,608463
9200,521174
9201,926761
9202,541319
9203,425586
9204,833917
9205,880991
9206,583592
9207,934308
9208,256589
9209,671154
9210,189350
9211,918857
9212,180581
9213,489369
9214,199567
9215,958566
9216,541676
9217,906523
9218,463380
9219,111640
9220,794609
9221,848824
9222,900798
9223,361376
9224,192326
9225,130430
9226,515230
9227,560486
9228,727674
9229,438675
9230,255942
9231,482162
9232,848240
9233,552399
9234,907771
9235,663689
9236,138647
9237,418177
9238,139103
9239,602801
9240,357305
9241,981424
9242,628054
9243,780459
9244,251317
9245,196598
9246,731145
9247,394252
9248,888325
9249,923929
9250,435179
9251,188413
9252,896198
9253,821861
9254,383606
9255,553375
9256,252829
9257,911208
9258,383166
9259,275039
9260,177240
9261,452677
9262,360281
9263,798538
9264,245264
9265,529426
9266,954589
9267,443368
9268,418831
9269,137241
9270,870881
9271,461058
9272,302622
9273,389595
9274,258096
9275,502829
9276,988895
9277,179510
9278,235381
9279,125576
9280,478340
9281,957307
9282,374421
9283,478796
9284,201297
9285,831456
9286,253459
9287,554001
9288,586749
9289,253147
9290,384304
9291,392507
9292,870345
9293,116323
9294,956315
9295,194200
9296,536983
9297,325051
9298,428102
9299,156100
9300,617505
9301,890131
9302,440573
9303,140354
9304,573838
9305,542306
9306,974958
9307,370213
9308,760528
9309,322339
9310,675898
9311,129592
9312,807705
9313,483068
9314,859679
9315,455507
9316,883602
9317,661364
9318,969861
9319,899219
9320,640133
9321,182624
9322,860020
9323,282471
9324,684946
9325,405586
9326,815281
9327,440254
9328,568128
9329,676177
9330,899675
9331,622851
9332,577229
9333,499509
9334,415199
9335,507710
9336,141769
9337,175653
9338,585414
9339,524943
9340,440726
9341,842110
9342,200554
9343,320608
9344,521816
9345,926119
9346,330825
9347,312995
9348,951872
9349,441182
9350,687546
9351,873690
9352,742705
9353,276154
9354,145233
9355,739145
9356,830531
9357,227927
9358,831115
9359,420228
9360,219284
9361,291644
9362,963635
9363,316635
9364,622386
9365,814633
9366,343610
9367,528959
9368,653846
9369,437230
9370,956144
9371,343282
9372,870978
9373,740265
9374,277082
9375,146353
9376,688451
9377,349599
9378,948337
9379,773773
9380,401962
9381,435654
9382,195035
9383,294876
9384,366581
9385,125923
9386,478703
9387,564219
9388,653046
9389,372378
9390,686222
9391,364177
9392,488576
9393,189047
9394,330109
9395,712097
9396,565340
9397,686662
9398,512431
9399,557143
9400,497377
9401,914625
9402,271166
9403,694311
9404,975921
9405,583130
9406,873254
9407,387540
9408,425672
9409,489568
9410,607381
9411,769668
9412,900975
9413,406886
9414,616022
9415,399269
9416,158643
9417,430153
9418,198334
9419,883973
9420,474598
9421,297713
9422,134390
9423,387068
9424,632564
9425,668136
9426,497865
9427,583994
9428,269741
9429,348331
9430,689855
9431,277926
9432,278382
9433,656283
9434,170338
9435,270181
9436,723411
9437,341286
9438,812341
9439,538920
9440,519996
9441,233954
9442,924160
9443,876885
9444,698964
9445,228779
9446,938414
9447,545421
9448,260239
9449,990816
9450,628839
9451,500882
9452,484400
9453,646953
9454,682046
9455,185036
9456,476915
9457,342798
9458,315887
9459,682742
9460,284163
9461,334597
9462,707857
9463,485112
9464,391183
9465,738070
9466,990987
9467,790523
9468,413464
9469,383692
9470,501553
9471,177706
9472,868405
9473,169505
9474,421339
9475,135629
9476,954471
9477,395934
9478,203653
9479,613222
9480,612782
9481,697623
9482,664315
9483,636719
9484,949294
9485,409904
9486,293763
9487,241794
9488,242250
9489,573359
9490,183615
9491,122319
9492,686029
9493,769319
9494,900612
9495,526584
9496,238330
9497,122631
9498,474693
9499,659592
9500,576146
9501,866240
9502,157240
9503,512196
9504,207678
9505,407789
9506,678382
9507,734435
9508,794443
9509,417704
9510,248159
9511,825511
9512,541086
9513,296826
9514,684611
9515,559186
9516,840783
9517,398144
9518,841351
9519,606320
9520,961402
9521,859245
9522,728454
9523,265008
9524,385489
9525,661454
9526,377306
9527,752323
9528,585183
9529,917004
9530,786407
9531,141336
9532,668941
9533,320945
9534,207992
9535,479342
9536,440975
9537,215869
9538,424493
9539,993526
9540,541712
9541,549915
9542,582647
9543,253025
9544,220045
9545,176492
9546,878000
9547,630346
9548,657750
9549,939339
9550,831322
9551,700081
9552,405275
9553,529390
9554,212168
9555,683227
9556,404947
9557,381290
9558,277387
9559,634985
9560,450961
9561,451417
9562,546880
9563,747707
9564,478966
9565,116977
9566,925413
9567,154917
9568,478270
9569,571937
9570,610496
9571,965578
9572,706524
9573,870448
9574,171556
9575,982823
9576,277216
9577,904468
9578,696818
9579,531629
9580,187298
9581,486750
9582,539814
9583,540270
9584,764274
9585,201600
9586,435580
9587,209803
9588,756089
9589,925582
9590,176847
9591,979911
9592,586284
9593,778972
9594,492511
9595,453658
9596,739315
9597,901620
9598,420854
9599,253194
9600,789278
9601,721085
9602,922022
9603,428439
9604,645231
9605,363295
9606,128449
9607,432423
9608,725701
9609,148182
9610,279357
9611,164468
9612,223381
9613,782956
9614,215638
9615,793518
9616,801701
9617,496039
9618,223837
9619,464459
9620,600766
9621,834633
9622,191257
9623,952858
9624,482789
9625,405736
9626,336592
9627,607187
9628,807624
9629,230620
9630,591005
9631,345493
9632,415077
9633,377465
9634,993205
9635,823458
9636,512035
9637,650454
9638,927007
9639,766952
9640,311835
9641,241405
9642,574557
9643,497061
9644,417615
9645,347511
9646,505702
9647,425356
9648,256891
9649,439046
9650,206321
9651,430861
9652,305598
9653,884289
9654,753578
9655,247128
9656,255899
9657,506758
9658,602860
9659,973286
9660,139010
9661,941578
9662,251368
9663,627979
9664,593967
9665,588494
9666,794943
9667,225479
9668,973614
9669,241765
9670,681882
9671,210825
9672,426357
9673,572800
9674,896595
9675,394321
9676,804018
9677,705205
9678,836446
9679,308718
9680,779286
9681,391400
9682,902646
9683,169670
9684,911157
9685,691155
9686,283975
9687,839614
9688,193355
9689,516688
9690,123835
9691,169901
9692,737362
9693,658772
9694,910942
9695,780213
9696,467281
9697,980654
9698,990855
9699,947082
9700,283692
9701,529700
9702,885715
9703,476380
9704,708414
9705,516923
9706,647118
9707,122904
9708,192744
9709,954859
9710,211458
9711,885019
9712,470449
9713,594244
9714,146602
9715,417975
9716,663999
9717,170829
9718,462266
9719,170373
9720,697499
9721,418431
9722,217967
9723,987751
9724,365094
9725,731455
9726,201761
9727,188107
9728,284876
9729,757464
9730,318952
9731,761448
9732,648085
9733,288887
9734,677450
9735,817066
9736,760992
9737,166909
9738,142362
9739,659716
9740,175094
9741,983071
9742,584469
9743,693992
9744,584157
9745,344628
9746,305365
9747,791079
9748,266034
9749,166197
9750,127584
9751,565875
9752,488551
9753,279708
9754,241558
9755,441413
9756,127144
9757,296694
9758,165661
9759,967901
9760,173534
9761,849664
9762,815340
9763,121605
9764,231155
9765,522981
9766,191486
9767,129478
9768,921561
9769,952373
9770,254846
9771,832134
9772,970619
9773,272511
9774,321269
9775,711168
9776,432904
9777,521733
9778,759246
9779,231643
9780,215161
9781,906091
9782,263316
9783,581811
9784,219337
9785,253733
9786,577544
9787,939535
9788,343215
9789,729169
9790,622447
9791,603329
9792,664625
9793,781331
9794,374691
9795,340047
9796,340615
9797,479098
9798,933730
9799,294785
9800,194950
9801,665490
9802,827797
9803,982115
9804,626821
9805,310856
9806,774075
9807,418898
9808,478737
9809,286433
9810,124957
9811,706035
9812,732946
9813,201228
9814,610343
9815,393695
9816,155074
9817,117470
9818,209103
9819,318405
9820,478425
9821,392550
9822,420474
9823,393134
9824,578475
9825,204524
9826,894453
9827,762910
9828,343492
9829,124469
9830,160041
9831,860369
9832,707547
9833,194245
9834,335311
9835,964557
9836,312669
9837,156497
9838,641363
9839,566366
9840,432299
9841,959925
9842,711075
9843,286834
9844,617596
9845,985810
9846,473036
9847,582416
9848,173043
9849,354546
9850,295443
9851,775147
9852,423938
9853,840872
9854,676527
9855,859274
9856,792258
9857,175579
9858,823598
9859,133692
9860,631542
9861,353298
9862,473572
9863,824294
9864,220310
9865,169140
9866,829505
9867,136024
9868,902476
9869,383065
9870,252338
9871,368407
9872,570130
9873,211227
9874,315921
9875,829033
9876,636786
9877,941176
9878,628601
9879,348573
9880,587964
9881,410533
9882,636346
9883,418734
9884,973148
9885,225973
9886,579767
9887,565241
9888,434956
9889,731374
9890,394475
9891,394787
9892,333523
9893,402984
9894,677203
9895,816307
9896,526501
9897,816763
9898,237679
9899,438644
9900,430463
9901,306124
9902,694073
9903,273440
9904,624585
9905,659669
9906,498487
9907,386762
9908,876272
9909,414485
9910,181066
9911,233036
9912,399547
9913,686960
9914,888954
9915,650348
9916,462907
9917,262347
9918,449233
9919,987110
9920,825594
9921,671478
9922,633322
9923,541451
9924,872976
9925,387298
9926,363524
9927,232943
9928,525614
9929,488669
9930,533797
9931,496756
9932,541280
9933,834386
9934,355501
9935,906847
9936,131147
9937,416854
9938,816912
9939,337667
9940,314850
9941,953601
9942,523545
9943,900914
9944,337355
9945,266120
9946,784791
9947,983661
9948,590158
9949,884056
9950,790613
9951,265536
9952,632489
9953,981052
9954,410318
9955,147160
9956,795174
9957,170303
9958,356605
9959,462080
9960,138267
9961,862886
9962,704940
9963,854117
9964,844420
9965,394624
9966,453065
9967,143928
9968,351966
9969,467435
9970,501255
9971,252433
9972,938483
9973,392177
9974,260634
9975,421101
9976,228854
9977,698889
9978,530262
9979,654775
9980,342867
9981,954705
9982,731053
9983,805707
9984,538461
9985,538005
9986,708484
9987,853125
9988,403819
9989,250295
9990,218715
9991,871077
9992,258492
9993,419659
9994,635799
9995,258932
9996,870509
9997,611134
9998,803365
9999,117191
10000,317660
10001,435489
10002,855531
10003,723968
10004,531696
10005,332030
10006,267862
10007,359259
10008,971097
10009,699727
10010,468653
10011,989563
10012,586353
10013,604315
10014,570687
10015,964124
10016,151795
10017,922107
10018,886503
10019,437001
10020,189804
10021,488347
10022,842137
10023,409245
10024,239722
10025,856947
10026,339565
10027,287139
10028,609702
10029,487763
10030,842577
10031,985859
10032,874229
10033,457975
10034,906193
10035,541990
10036,835292
10037,550189
10038,416216
10039,370017
10040,960644
10041,841081
10042,431514
10043,222944
10044,576738
10045,298474
10046,718650
10047,439858
10048,728851
10049,952804
10050,514551
10051,929283
10052,606949
10053,961007
10054,832343
10055,465237
10056,936846
10057,599912
10058,969826
10059,585090
10060,306314
10061,114065
10062,916633
10063,850481
10064,558631
10065,408894
10066,371234
10067,522196
10068,609485
10069,487480
10070,711633
10071,566500
10072,181260
10073,975425
10074,985248
10075,750774
10076,472510
10077,303210
10078,743029
10079,411651
10080,878061
10081,261887
10082,419848
10083,261175
10084,168250
10085,499754
10086,325524
10087,236402
10088,654234
10089,621686
10090,317343
10091,212573
10092,653650
10093,397133
10094,828391
10095,443151
10096,656875
10097,580921
10098,358096
10099,461613
10100,904226
10101,340382
10102,285843
10103,401774
10104,155000
10105,924784
10106,887660
10107,572028
10108,610461
10109,863811
10110,836770
10111,680622
10112,724899
10113,221856
10114,915890
10115,142702
10116,991584
10117,265358
10118,314412
10119,527048
10120,398902
10121,322599
10122,608206
10123,816150
10124,515604
10125,184079
10126,717329
10127,417616
10128,694708
10129,825439
10130,976290
10131,425819
10132,986507
10133,711730
10134,520247
10135,408285
10136,719929
10137,441649
10138,189412
10139,184727
10140,682853
10141,893028
10142,429450
10143,484771
10144,682413
10145,722080
10146,798472
10147,360219
10148,597528
10149,629236
10150,553749
10151,910818
10152,274645
10153,911146
10154,351704
10155,868557
10156,972753
10157,798144
10158,681861
10159,681293
10160,126788
10161,327263
10162,862624
10163,410368
10164,494058
10165,462030
10166,356659
10167,879654
10168,556349
10169,333269
10170,196319
10171,195607
10172,704777
10173,572660
10174,126183
10175,477931
10176,740525
10177,278422
10178,594835
10179,981145
10180,987768
10181,697476
10182,357008
10183,170394
10184,579961
10185,664424
10186,941950
10187,795267
10188,603032
10189,334133
10190,395717
10191,655322
10192,955196
10193,561183
10194,375834
10195,530419
10196,237050
10197,122887
10198,493225
10199,667528
10200,587154
10201,821636
10202,633580
10203,601344
10204,834551
10205,457492
10206,741629
10207,914489
10208,593859
10209,873438
10210,387372
10211,180868
10212,951180
10213,279683
10214,889268
10215,512343
10216,726963
10217,598496
10218,456692
10219,632004
10220,266029
10221,422608
10222,497713
10223,776505
10224,598824
10225,876350
10226,623823
10227,246828
10228,430713
10229,568972
10230,288872
10231,183908
10232,315279
10233,281259
10234,523708
10235,463995
10236,249738
10237,985454
10238,782428
10239,743355
10240,524293
10241,951810
10242,610251
10243,618432
10244,889914
10245,687920
10246,791934
10247,141707
10248,936072
10249,909204
10250,222349
10251,354222
10252,454834
10253,908636
10254,777399
10255,568066
10256,527589
10257,151246
10258,760113
10259,559553
10260,336424
10261,849367
10262,439604
10263,243287
10264,714308
10265,837540
10266,332435
10267,532125
10268,242847
10269,913199
10270,311100
10271,781324
10272,461539
10273,675139
10274,151638
10275,529021
10276,283509
10277,436580
10278,324754
10279,235636
10280,746952
10281,947411
10282,546099
10283,739083
10284,453858
10285,971260
10286,168180
10287,998173
10288,770279
10289,468488
10290,852493
10291,204531
10292,930550
10293,396576
10294,838191
10295,721198
10296,317242
10297,393137
10298,261722
10299,939443
10300,831394
10301,604501
10302,933398
10303,518633
10304,325913
10305,732941
10306,486917
10307,435439
10308,402179
10309,653279
10310,326609
10311,837327
10312,366300
10313,518945
10314,671944
10315,688234
10316,249977
10317,419461
10318,547440
10319,302228
10320,451489
10321,603573
10322,495276
10323,948568
10324,276923
10325,589663
10326,879016
10327,969927
10328,455129
10329,254146
10330,423477
10331,661302
10332,785879
10333,591814
10334,542728
10335,840887
10336,129202
10337,231303
10338,736629
10339,182913
10340,920677
10341,405883
10342,695354
10343,346670
10344,985805
10345,913628
10346,935883
10347,354853
10348,742424
10349,783359
10350,346342
10351,679504
10352,734045
10353,856765
10354,759410
10355,408987
10356,856181
10357,898962
10358,812060
10359,284930
10360,477682
10361,879772
10362,748919
10363,418169
10364,941743
10365,697685
10366,382118
10367,438259
10368,476434
10369,342255
10370,185317
10371,529642
10372,646656
10373,730841
10374,893150
10375,115165
10376,211916
10377,771696
10378,493432
10379,274543
10380,144204
10381,779443
10382,452797
10383,999234
10384,492976
10385,173784
10386,131391
10387,907051
10388,742372
10389,448518
10390,734369
10391,399524
10392,233043
10393,817228
10394,311414
10395,207740
10396,149105
10397,686959
10398,711816
10399,843107
10400,776736
10401,799018
10402,694054
10403,584411
10404,142804
10405,378590
10406,784611
10407,753423
10408,590578
10409,297232
10410,337087
10411,238264
10412,608116
10413,191862
10414,130438
10415,727682
10416,791170
10417,344721
10418,575859
10419,745071
10420,134780
10421,937844
10422,937404
10423,798785
10424,693837
10425,785216
10426,607775
10427,568574
10428,808708
10429,360699
10430,280793
10431,676903
10432,158009
10433,131740
10434,296091
10435,355962
10436,794210
10437,783720
10438,112451
10439,304728
10440,216402
10441,224601
10442,934236
10443,262591
10444,497315
10445,363547
10446,734978
10447,857130
10448,726465
10449,192589
10450,485050
10451,931497
10452,731058
10453,516438
10454,123069
10455,538434
10456,375968
10457,654760
10458,211623
10459,722289
10460,152930
10461,161129
10462,839280
10463,690389
10464,492763
10465,421434
10466,267207
10467,636974
10468,391462
10469,579563
10470,713144
10471,341932
10472,812991
10473,620196
10474,372800
10475,835672
10476,201860
10477,643979
10478,126613
10479,713584
10480,493627
10481,390598
10482,178475
10483,594729
10484,277988
10485,911899
10486,740375
10487,903696
10488,636422
10489,941324
10490,570656
10491,837942
10492,212777
10493,922412
10494,116720
10495,613641
10496,483836
10497,291084
10498,778326
10499,738681
10500,168582
10501,412023
10502,596111
10503,886992
10504,845277
10505,705597
10506,393233
10507,764920
10508,510715
10509,924932
10510,665180
10511,781494
10512,218692
10513,442547
10514,656543
10515,551706
10516,254939
10517,114221
10518,431493
10519,736876
10520,406114
10521,370614
10522,183120
10523,859460
10524,522816
10525,388120
10526,550906
10527,303390
10528,827080
10529,346423
10530,943321
10531,574165
10532,889984
10533,480143
10534,842574
10535,617906
10536,240317
10537,147548
10538,881986
10539,303805
10540,592212
10541,541778
10542,670127
10543,164701
10544,574398
10545,967253
10546,704067
10547,155964
10548,856271
10549,719813
10550,524756
10551,890659
10552,558320
10553,951579
10554,734183
10555,362750
10556,970421
10557,542898
10558,499366
10559,799908
10560,272817
10561,591740
10562,916614
10563,669575
10564,423567
10565,150999
10566,239414
10567,891843
10568,431654
10569,606258
10570,900040
10571,676034
10572,205330
10573,540047
10574,671858
10575,965512
10576,427670
10577,318304
10578,957315
10579,756376
10580,155567
10581,201385
10582,234821
10583,672442
10584,311021
10585,503325
10586,226796
10587,250051
10588,852095
10589,571011
10590,763507
10591,614058
10592,324931
10593,204361
10594,653645
10595,971493
10596,261856
10597,657684
10598,468241
10599,307397
10600,276265
10601,901341
10602,666583
10603,870193
10604,798177
10605,737543
10606,868588
10607,177907
10608,413633
10609,252214
10610,308688
10611,266807
10612,804972
10613,646227
10614,931673
10615,376144
10616,476993
10617,437664
10618,912363
10619,146943
10620,443909
10621,178707
10622,871436
10623,270039
10624,973272
10625,217658
10626,620372
10627,854850
10628,478113
10629,293722
10630,836008
10631,426315
10632,323278
10633,677663
10634,560389
10635,174755
10636,213058
10637,474196
10638,883895
10639,745375
10640,135052
10641,959181
10642,865745
10643,734266
10644,678199
10645,650784
10646,372520
10647,232448
10648,417209
10649,633198
10650,833653
10651,463479
10652,783512
10653,118941
10654,280170
10655,927362
10656,843355
10657,758454
10658,686167
10659,671513
10660,463644
10661,574728
10662,347882
10663,490097
10664,360544
10665,158570
10666,717659
10667,615495
10668,685239
10669,149929
10670,158114
10671,569005
10672,753407
10673,447766
10674,598793
10675,668665
10676,632037
10677,213289
10678,448478
10679,378670
10680,247493
10681,664393
10682,588699
10683,301720
10684,391061
10685,341815
10686,285242
10687,651731
10688,681679
10689,126150
10690,539449
10691,364752
10692,327133
10693,611580
10694,672780
10695,628926
10696,587187
10697,999090
10698,459692
10699,938943
10700,637565
10701,544924
10702,771968
10703,822125
10704,597402
10705,412770
10706,946556
10707,553111
10708,708040
10709,682543
10710,516869
10711,237331
10712,940753
10713,748481
10714,595516
10715,982326
10716,664591
10717,226332
10718,713901
10719,855975
10720,479044
10721,933724
10722,163412
10723,125824
10724,366486
10725,187259
10726,714341
10727,724100
10728,691648
10729,261592
10730,491982
10731,460322
10732,420327
10733,492294
10734,412140
10735,204729
10736,562608
10737,343641
10738,186267
10739,729199
10740,428934
10741,194448
10742,236189
10743,159868
10744,409113
10745,725532
10746,312328
10747,331490
10748,610282
10749,865276
10750,926476
10751,926148
10752,363462
10753,231981
10754,128976
10755,190240
10756,487895
10757,479708
10758,951843
10759,513584
10760,759608
10761,834704
10762,223876
10763,295310
10764,905629
10765,424863
10766,172710
10767,750937
10768,542114
10769,223308
10770,361966
10771,685041
10772,482620
10773,175246
10774,984935
10775,543626
10776,133993
10777,700827
10778,298350
10779,167501
10780,353607
10781,936105
10782,141738
10783,791903
10784,307117
10785,718782
10786,953256
10787,196682
10788,867519
10789,328553
10790,336738
10791,406418
10792,891280
10793,465361
10794,832467
10795,273378
10796,661271
10797,141833
10798,385288
10799,992775
10800,641957
10801,711509
10802,850613
10803,918124
10804,279183
10805,240005
10806,609921
10807,841846
10808,533388
10809,898427
10810,679537
10811,380715
10812,905790
10813,704216
10814,703504
10815,460161
10816,384923
10817,691371
10818,989788
10819,596919
10820,629851
10821,276402
10822,136786
10823,901190
10824,699552
10825,830795
10826,317211
10827,613625
10828,706861
10829,316883
10830,721863
10831,436270
10832,595359
10833,137338
10834,904814
10835,249944
10836,219060
10837,982109
10838,572152
10839,724463
10840,619226
10841,732972
10842,201266
10843,571440
10844,364441
10845,809062
10846,189311
10847,488840
10848,111809
10849,304602
10850,702756
10851,165618
10852,224275
10853,296729
10854,986384
10855,784106
10856,915201
10857,685998
10858,490400
10859,735328
10860,280979
10861,945405
10862,247572
10863,113385
10864,174617
10865,694023
10866,456196
10867,969498
10868,576241
10869,908266
10870,382087
10871,749470
10872,451708
10873,772785
10874,879805
10875,588362
10876,217160
10877,643081
10878,402966
10879,210701
10880,188196
10881,210373
10882,234018
10883,991080
10884,629103
10885,658619
10886,228515
10887,169538
10888,359752
10889,458933
10890,561647
10891,847353
10892,923624
10893,674805
10894,429329
10895,805078
10896,537792
10897,292296
10898,955084
10899,315951
10900,946630
10901,822231
10902,597280
10903,737494
10904,938445
10905,798456
10906,737822
10907,746005
10908,308225
10909,500977
10910,237481
10911,508852
10912,179138
10913,911930
10914,250887
10915,348672
10916,548366
10917,373417
10918,284744
10919,643426
10920,888191
10921,843890
10922,438305
10923,769071
10924,568543
10925,506473
10926,213395
10927,752781
10928,702055
10929,134293
10930,832836
10931,598963
10932,977074
10933,305233
10934,824655
10935,142934
10936,915522
10937,312308
10938,678118
10939,371761
10940,633463
10941,934269
10942,387967
10943,583537
10944,625276
10945,505481
10946,794179
10947,783689
10948,417440
10949,448844
10950,873285
10951,694340
10952,541278
10953,362396
10954,121161
10955,815776
10956,960698
10957,736845
10958,823817
10959,507879
10960,660494
10961,423181
10962,264760
10963,385241
10964,272947
10965,792365
10966,312954
10967,200059
10968,810115
10969,401064
10970,733869
10971,710732
10972,181593
10973,279390
10974,634873
10975,380666
10976,271387
10977,661742
10978,881672
10979,472611
10980,272083
10981,662054
10982,743200
10983,822873
10984,939075
10985,797118
10986,831058
10987,869555
10988,778359
10989,384130
10990,351086
10991,176228
10992,964130
10993,922053
10994,846108
10995,124178
10996,996782
10997,940195
10998,781463
10999,635233
11000,286150
11001,644644
11002,925677
11003,988678
11004,218894
11005,974060
11006,739539
11007,451386
11008,773951
11009,145611
11010,764026
11011,340840
11012,887194
11013,116882
11014,285869
11015,510329
11016,863413
11017,519098
11018,644943
11019,739067
11020,901372
11021,989230
11022,596421
11023,909887
11024,545987
11025,261825
11026,638498
11027,299559
11028,754833
11029,367271
11030,838324
11031,729534
11032,343360
11033,317345
11034,562857
11035,852062
11036,282701
11037,509777
11038,679627
11039,479941
11040,719148
11041,370900
11042,725253
11043,339440
11044,566802
11045,232444
11046,581980
11047,985686
11048,472904
11049,449961
11050,495791
11051,257209
11052,164732
11053,380817
11054,914063
11055,859846
11056,615120
11057,313657
11058,535838
11059,953106
11060,831905
11061,454978
11062,223157
11063,377273
11064,345685
11065,585148
11066,591253
11067,824162
11068,799877
11069,167836
11070,511642
11071,844660
11072,519825
11073,426324
11074,564650
11075,957505
11076,452113
11077,356621
11078,302060
11079,941283
11080,146912
11081,786709
11082,217325
11083,879640
11084,655926
11085,390185
11086,741168
11087,225838
11088,316042
11089,813176
11090,923013
11091,884817
11092,284590
11093,853949
11094,561482
11095,862134
11096,292773
11097,395864
11098,902943
11099,545256
11100,458768
11101,946880
11102,659158
11103,980268
11104,597542
11105,296892
11106,834210
11107,248657
11108,583359
11109,825441
11110,378994
11111,387193
11112,671341
11113,463464
11114,280022
11115,525534
11116,758722
11117,241372
11118,372535
11119,442311
11120,480550
11121,320049
11122,533717
11123,233175
11124,752963
11125,344502
11126,378458
11127,991582
11128,352701
11129,745344
11130,791405
11131,143256
11132,305567
11133,157910
11134,369623
11135,280886
11136,920021
11137,616443
11138,735757
11139,677632
11140,776455
11141,660461
11142,113135
11143,907500
11144,983102
11145,785348
11146,702146
11147,150398
11148,121954
11149,769602
11150,892834
11151,881643
11152,216862
11153,906252
11154,497191
11155,906948
11156,112583
11157,534390
11158,642455
11159,865901
11160,817571
11161,433831
11162,189105
11163,287926
11164,642911
11165,682544
11166,114738
11167,375844
11168,923174
11169,342984
11170,484926
11171,838716
11172,674363
11173,570082
11174,429591
11175,754201
11176,245511
11177,529669
11178,659389
11179,221102
11180,690841
11181,445329
11182,910975
11183,459131
11184,830329
11185,605582
11186,643527
11187,333603
11188,341800
11189,434940
11190,209931
11191,162061
11192,588108
11193,972972
11194,259681
11195,781172
11196,179047
11197,562607
11198,405174
11199,283467
11200,235594
11201,763220
11202,536704
11203,509599
11204,852368
11205,392236
11206,546757
11207,468534
11208,778778
11209,219368
11210,261903
11211,964783
11212,518332
11213,393821
11214,845145
11215,187236
11216,243305
11217,442423
11218,974826
11219,777353
11220,499073
11221,875150
11222,585402
11223,214200
11224,455236
11225,936118
11226,800075
11227,559615
11228,230426
11229,290576
11230,999478
11231,891436
11232,986008
11233,388692
11234,801195
11235,592059
11236,943197
11237,610293
11238,208669
11239,850185
11240,208341
11241,856352
11242,371666
11243,641745
11244,696012
11245,827175
11246,985147
11247,346328
11248,503809
11249,172314
11250,582137
11251,850602
11252,898988
11253,679534
11254,926328
11255,758916
11256,513420
11257,819086
11258,951711
11259,447268
11260,669443
11261,298010
11262,446956
11263,792291
11264,273405
11265,397646
11266,313756
11267,482944
11268,159632
11269,491147
11270,840841
11271,960884
11272,845562
11273,957191
11274,117503
11275,811286
11276,243458
11277,195076
11278,895284
11279,510428
11280,795792
11281,870813
11282,581482
11283,974465
11284,982666
11285,443284
11286,469365
11287,249927
11288,988835
11289,748213
11290,302250
11291,904377
11292,665523
11293,194276
11294,860400
11295,838161
11296,291043
11297,806397
11298,124436
11299,715761
11300,316876
11301,335654
11302,947590
11303,989323
11304,691836
11305,738454
11306,596904
11307,445884
11308,276397
11309,778681
11310,414516
11311,377896
11312,632107
11313,753145
11314,708694
11315,608074
11316,568747
11317,122291
11318,816730
11319,761168
11320,962184
11321,639598
11322,296398
11323,387267
11324,663260
11325,593452
11326,749849
11327,372037
11328,817850
11329,958624
11330,565579
11331,897104
11332,766395
11333,809081
11334,897688
11335,927108
11336,434038
11337,959080
11338,525412
11339,817266
11340,538135
11341,893152
11342,674794
11343,839149
11344,429326
11345,284124
11346,955091
11347,612818
11348,980374
11349,444552
11350,902509
11351,578678
11352,868425
11353,737698
11354,911278
11355,658596
11356,309181
11357,531196
11358,187891
11359,318488
11360,196088
11361,394754
11362,126216
11363,673546
11364,573395
11365,854319
11366,888515
11367,242230
11368,530484
11369,924127
11370,664199
11371,178870
11372,217175
11373,912206
11374,461898
11375,538964
11376,966483
11377,426573
11378,210097
11379,888160
11380,843885
11381,434318
11382,713094
11383,966043
11384,162687
11385,519560
11386,217404
11387,786628
11388,138298
11389,871874
11390,356884
11391,390648
11392,656359
11393,501774
11394,930911
11395,368221
11396,517024
11397,161111
11398,192627
11399,838790
11400,716134
11401,737793
11402,593295
11403,505494
11404,906878
11405,425652
11406,139945
11407,881489
11408,678137
11409,951048
11410,720670
11411,241093
11412,489012
11413,565280
11414,319784
11415,632456
11416,506486
11417,448379
11418,693875
11419,414303
11420,386376
11421,876474
11422,761587
11423,122384
11424,516091
11425,954344
11426,962531
11427,928455
11428,323016
11429,438334
11430,482015
11431,816945
11432,782864
11433,504600
11434,985578
11435,634854
11436,801041
11437,132908
11438,774355
11439,743231
11440,464439
11441,472636
11442,155753
11443,339076
11444,543207
11445,631558
11446,992513
11447,142279
11448,377037
11449,385222
11450,891542
11451,290146
11452,999564
11453,709811
11454,190893
11455,965341
11456,331999
11457,393263
11458,895533
11459,680236
11460,713736
11461,956446
11462,531993
11463,194845
11464,487402
11465,948407
11466,276564
11467,218290
11468,871044
11469,358298
11470,997241
11471,595609
11472,250262
11473,788354
11474,721089
11475,621884
11476,186174
11477,755501
11478,955958
11479,964157
11480,483778
11481,537330
11482,675599
11483,885774
11484,806628
11485,468036
11486,204407
11487,291473
11488,212148
11489,921777
11490,654267
11491,194142
11492,870159
11493,998130
11494,578352
11495,691910
11496,510310
11497,487041
11498,836739
11499,427688
11500,393540
11501,125518
11502,724298
11503,796386
11504,773608
11505,547572
11506,974067
11507,982264
11508,250109
11509,276799
11510,948700
11511,218585
11512,820173
11513,603441
11514,546876
11515,345674
11516,306347
11517,984745
11518,353857
11519,831934
11520,385893
11521,992362
11522,970379
11523,306787
11524,786331
11525,414834
11526,791697
11527,978560
11528,239040
11529,406327
11530,527626
11531,514846
11532,431640
11533,196847
11534,999911
11535,472919
11536,695486
11537,450430
11538,303747
11539,164707
11540,339751
11541,440379
11542,401372
11543,898526
11544,711664
11545,190190
11546,810487
11547,371203
11548,514046
11549,594398
11550,301300
11551,880384
11552,911596
11553,485549
11554,292957
11555,154045
11556,373431
11557,958297
11558,341907
11559,637657
11560,797742
11561,300764
11562,467403
11563,308951
11564,351286
11565,383962
11566,220949
11567,459528
11568,391449
11569,902151
11570,152925
11571,839247
11572,334256
11573,484997
11574,245108
11575,813920
11576,211608
11577,476814
11578,241420
11579,726526
11580,617163
11581,950721
11582,897338
11583,127026
11584,457617
11585,776084
11586,801950
11587,262984
11588,463800
11589,471987
11590,271171
11591,892697
11592,280806
11593,289005
11594,329184
11595,158670
11596,422045
11597,414302
11598,584007
11599,884656
11600,693434
11601,776636
11602,386377
11603,255138
11604,961601
11605,360879
11606,677819
11607,920486
11608,727741
11609,953418
11610,206755
11611,122746
11612,515729
11613,639599
11614,709279
11615,274120
11616,824378
11617,455890
11618,166084
11619,992045
11620,386082
11621,386794
11622,221421
11623,584420
11624,306156
11625,858038
11626,525997
11627,232612
11628,330403
11629,433599
11630,288102
11631,127889
11632,512625
11633,525413
11634,256297
11635,456754
11636,593453
11637,505140
11638,625417
11639,784116
11640,986382
11641,216070
11642,880883
11643,497655
11644,779844
11645,252762
11646,274512
11647,730854
11648,753921
11649,184594
11650,342552
11651,722669
11652,376636
11653,123681
11654,516810
11655,537822
11656,941712
11657,772199
11658,579735
11659,462467
11660,780396
11661,278136
11662,780964
11663,251834
11664,594101
11665,348605
11666,636754
11667,494503
11668,795045
11669,241919
11670,757217
11671,887818
11672,293886
11673,426791
11674,862501
11675,573394
11676,196401
11677,284989
11678,242231
11679,477645
11680,252956
11681,268061
11682,666600
11683,460781
11684,657707
11685,253652
11686,878029
11687,715138
11688,814981
11689,528731
11690,715594
11691,860235
11692,571068
11693,894887
11694,227099
11695,788200
11696,469766
11697,226771
11698,357432
11699,696876
11700,286331
11701,186492
11702,435306
11703,855656
11704,326044
11705,803694
11706,932955
11707,610493
11708,618678
11709,957372
11710,328653
11711,840754
11712,728883
11713,239041
11714,151328
11715,281603
11716,718618
11717,559847
11718,190991
11719,900087
11720,214944
11721,883541
11722,543301
11723,167242
11724,465269
11725,353416
11726,631404
11727,176009
11728,850137
11729,521532
11730,400661
11731,408862
11732,601000
11733,966818
11734,550574
11735,751198
11736,985216
11737,215432
11738,711322
11739,617869
11740,480176
11741,856915
11742,926632
11743,128444
11744,380644
11745,782865
11746,906225
11747,257796
11748,354563
11749,496090
11750,935461
11751,882398
11752,405653
11753,736411
11754,197453
11755,328358
11756,841049
11757,559428
11758,743702
11759,499698
11760,214019
11761,916946
11762,936645
11763,875061
11764,442948
11765,218291
11766,411048
11767,635263
11768,773250
11769,277149
11770,442508
11771,350096
11772,486691
11773,610774
11774,957143
11775,713737
11776,837097
11777,764175
11778,168633
11779,578138
11780,546230
11781,267454
11782,596144
11783,460422
11784,683469
11785,721088
11786,124868
11787,894668
11788,806629
11789,324631
11790,846082
11791,436705
11792,283632
11793,509164
11794,858759
11795,183443
11796,150399
11797,158580
11798,289439
11799,229781
11800,198265
11801,866956
11802,962392
11803,524107
11804,526676
11805,183899
11806,660460
11807,735111
11808,520547
11809,851078
11810,311704
11811,951219
11812,897864
11813,198737
11814,417284
11815,873441
11816,703011
11817,575454
11818,625368
11819,379856
11820,915150
11821,492638
11822,980038
11823,553537
11824,493206
11825,797844
11826,716253
11827,437461
11828,367662
11829,236997
11830,730935
11831,334786
11832,334090
11833,762387
11834,674034
11835,237325
11836,922863
11837,403953
11838,316384
11839,722420
11840,853023
11841,911446
11842,880570
11843,689328
11844,443832
11845,301134
11846,941889
11847,903261
11848,225676
11849,987279
11850,277857
11851,804657
11852,511288
11853,319232
11854,652037
11855,284908
11856,373261
11857,757496
11858,812530
11859,530916
11860,293095
11861,572931
11862,611554
11863,780830
11864,278210
11865,443603
11866,357316
11867,741169
11868,451800
11869,139042
11870,664124
11871,477559
11872,293260
11873,403122
11874,341570
11875,478143
11876,854876
11877,844221
11878,821784
11879,308998
11880,579077
11881,458769
11882,637704
11883,136130
11884,877105
11885,790332
11886,963171
11887,193387
11888,508539
11889,403610
11890,853364
11891,404050
11892,127787
11893,199666
11894,711693
11895,433413
11896,400105
11897,802127
11898,834211
11899,749986
11900,942265
11901,463465
11902,742241
11903,165022
11904,430893
11905,157911
11906,122816
11907,149724
11908,647902
11909,848837
11910,481735
11911,336954
11912,848141
11913,647190
11914,368926
11915,198418
11916,329465
11917,790948
11918,983380
11919,174781
11920,448171
11921,598196
11922,907654
11923,386200
11924,344959
11925,363187
11926,400815
11927,819087
11928,409452
11929,993329
11930,943415
11931,271828
11932,792778
11933,783296
11934,793090
11935,263959
11936,397647
11937,191157
11938,405828
11939,336764
11940,361627
11941,167736
11942,777699
11943,507104
11944,978163
11945,302691
11946,820086
11947,982667
11948,589664
11949,179531
11950,357962
11951,117502
11952,957190
11953,572134
11954,645099
11955,124989
11956,365611
11957,844851
11958,243147
11959,532425
11960,700022
11961,869756
11962,168352
11963,638030
11964,499888
11965,596905
11966,979107
11967,124437
11968,236520
11969,860401
11970,335343
11971,194277
11972,921610
11973,886238
11974,316877
11975,185382
11976,475857
11977,325062
11978,645571
11979,770264
11980,468223
11981,308195
11982,275471
11983,939239
11984,971531
11985,405175
11986,846264
11987,517781
11988,964230
11989,194446
11990,283010
11991,755606
11992,555823
11993,277031
11994,547620
11995,997314
11996,171747
11997,460820
11998,495608
11999,948236
12000,427440
12001,242848
12002,532130
12003,402007
12004,243304
12005,154761
12006,209284
12007,431360
12008,491489
12009,929778
12010,129510
12011,535761
12012,676140
12013,728106
12014,576632
12015,415594
12016,661090
12017,175248
12018,346010
12019,473703
12020,446598
12021,175704
12022,752495
12023,800074
12024,264276
12025,874567
12026,599121
12027,992698
12028,841987
12029,719075
12030,890573
12031,856353
12032,850880
12033,339007
12034,733377
12035,581779
12036,172144
12037,449638
12038,670345
12039,424833
12040,574032
12041,993626
12042,542140
12043,263348
12044,914240
12045,881836
12046,682076
12047,813951
12048,621156
12049,612975
12050,334695
12051,946631
12052,658897
12053,667098
12054,493107
12055,266543
12056,698934
12057,459543
12058,829717
12059,938756
12060,177643
12061,836272
12062,862289
12063,896957
12064,162657
12065,572526
12066,854674
12067,462143
12068,251598
12069,987178
12070,309800
12071,147175
12072,501776
12073,259085
12074,113539
12075,907904
12076,414273
12077,784808
12078,112971
12079,769766
12080,866529
12081,329215
12082,848395
12083,406788
12084,122382
12085,407500
12086,892366
12087,848067
12088,438304
12089,191549
12090,262559
12091,625277
12092,449413
12093,986234
12094,112043
12095,131772
12096,496715
12097,601938
12098,889830
12099,686316
12100,480489
12101,843488
12102,127717
12103,926961
12104,766158
12105,897317
12106,726825
12107,118822
12108,111808
12109,417738
12110,140252
12111,505131
12112,934623
12113,256310
12114,164923
12115,296728
12116,802282
12117,794081
12118,520365
12119,279922
12120,566173
12121,766829
12122,288121
12123,353233
12124,632117
12125,784579
12126,447686
12127,883724
12128,386805
12129,875527
12130,647347
12131,761166
12132,515142
12133,482218
12134,708680
12135,677228
12136,735329
12137,430984
12138,293857
12139,643080
12140,162314
12141,394780
12142,333548
12143,486161
12144,924425
12145,565190
12146,327365
12147,309643
12148,147340
12149,418705
12150,795506
12151,390285
12152,741268
12153,829014
12154,740700
12155,356777
12156,698301
12157,494520
12158,437531
12159,762133
12160,893494
12161,730161
12162,185285
12163,829566
12164,586851
12165,587435
12166,876636
12167,553287
12168,789841
12169,911280
12170,421305
12171,135599
12172,169539
12173,705910
12174,811898
12175,773622
12176,665367
12177,940801
12178,634891
12179,870713
12180,469457
12181,212578
12182,483511
12183,929956
12184,116411
12185,375469
12186,721332
12187,562856
12188,384488
12189,499733
12190,307757
12191,913478
12192,592828
12193,164277
12194,774566
12195,496230
12196,295574
12197,458603
12198,792687
12199,533303
12200,641494
12201,279092
12202,409545
12203,167253
12204,175454
12205,345684
12206,551505
12207,599455
12208,361534
12209,868044
12210,239382
12211,205050
12212,473098
12213,577045
12214,992543
12215,543225
12216,385240
12217,831691
12218,752586
12219,692523
12220,345919
12221,559451
12222,849229
12223,514211
12224,397897
12225,807594
12226,536252
12227,190899
12228,935154
12229,132602
12230,223479
12231,472298
12232,782862
12233,111341
12234,943353
12235,416559
12236,312955
12237,951960
12238,558963
12239,278935
12240,521856
12241,960147
12242,842150
12243,733868
12244,189779
12245,641213
12246,524887
12247,675289
12248,404698
12249,654030
12250,528431
12251,437046
12252,622570
12253,537324
12254,335593
12255,308038
12256,350631
12257,666268
12258,739217
12259,227983
12260,162855
12261,518864
12262,895539
12263,672057
12264,933863
12265,764176
12266,435486
12267,419260
12268,547145
12269,226471
12270,303021
12271,988580
12272,589486
12273,688979
12274,781918
12275,277122
12276,146281
12277,503198
12278,788380
12279,218724
12280,595591
12281,748410
12282,696720
12283,740209
12284,603788
12285,904566
12286,138082
12287,825620
12288,216520
12289,663003
12290,915153
12291,379855
12292,388036
12293,131278
12294,575425
12295,319884
12296,766068
12297,127583
12298,533920
12299,865467
12300,712625
12301,651082
12302,279715
12303,598792
12304,166154
12305,598464
12306,991275
12307,744509
12308,937254
12309,506578
12310,113465
12311,247492
12312,523676
12313,709017
12314,961935
12315,150368
12316,237953
12317,368746
12318,817045
12319,280643
12320,848561
12321,727483
12322,430681
12323,723907
12324,843977
12325,187452
12326,620094
12327,195639
12328,712994
12329,804654
12330,126151
12331,520164
12332,327444
12333,485384
12334,844289
12335,209941
12336,511983
12337,170426
12338,309906
12339,146581
12340,556150
12341,912001
12342,237018
12343,646457
12344,885028
12345,813325
12346,922864
12347,245529
12348,620566
12349,184852
12350,334101
12351,342302
12352,861195
12353,762380
12354,597843
12355,308410
12356,990904
12357,267101
12358,391612
12359,698436
12360,869198
12361,637108
12362,830311
12363,300665
12364,771969
12365,445327
12366,690823
12367,529520
12368,654993
12369,324255
12370,123780
12371,334518
12372,192956
12373,954559
12374,153179
12375,597232
12376,309017
12377,466949
12378,444460
12379,821455
12380,790307
12381,938709
12382,485731
12383,188319
12384,402533
12385,681325
12386,564660
12387,731811
12388,233553
12389,879622
12390,494338
12391,698119
12392,579634
12393,973273
12394,548830
12395,941621
12396,787395
12397,911650
12398,689604
12399,576074
12400,466014
12401,908113
12402,945806
12403,624004
12404,221824
12405,575618
12406,701823
12407,430898
12408,962092
12409,523511
12410,867320
12411,198413
12412,337645
12413,183783
12414,816894
12415,793947
12416,783953
12417,741814
12418,968073
12419,802712
12420,663160
12421,505233
12422,593544
12423,897596
12424,442329
12425,889399
12426,817694
12427,889087
12428,119287
12429,617221
12430,726776
12431,199661
12432,669141
12433,114652
12434,414934
12435,141832
12436,473875
12437,978156
12438,600045
12439,297988
12440,175588
12441,498932
12442,859317
12443,867958
12444,190562
12445,129170
12446,807803
12447,648583
12448,313730
12449,388897
12450,634081
12451,882448
12452,793117
12453,550411
12454,147885
12455,440919
12456,951681
12457,370799
12458,921621
12459,613624
12460,613936
12461,930518
12462,675520
12463,397256
12464,852525
12465,168823
12466,350326
12467,177020
12468,446314
12469,746627
12470,788581
12471,909388
12472,491684
12473,666445
12474,939867
12475,235287
12476,895970
12477,924917
12478,855045
12479,478766
12480,714183
12481,563258
12482,435407
12483,933430
12484,787589
12485,357533
12486,997046
12487,310463
12488,680768
12489,933725
12490,706159
12491,162973
12492,494895
12493,740299
12494,503788
12495,311068
12496,747784
12497,697314
12498,171772
12499,226333
12500,635666
12501,259057
12502,243807
12503,852806
12504,955482
12505,509569
12506,367479
12507,596701
12508,979415
12509,691649
12510,830497
12511,901420
12512,797645
12513,665838
12514,630777
12515,542571
12516,967020
12517,295311
12518,826522
12519,172143
12520,581772
12521,881843
12522,223309
12523,634690
12524,181730
12525,208643
12526,857078
12527,918278
12528,120082
12529,679707
12530,189929
12531,842708
12532,567234
12533,190241
12534,240167
12535,559049
12536,313025
12537,507284
12538,214638
12539,993133
12540,354190
12541,385122
12542,423350
12543,353606
12544,800085
12545,832185
12546,415165
12547,660661
12548,361967
12549,514073
12550,920878
12551,282061
12552,432087
12553,490806
12554,322090
12555,677614
12556,407533
12557,647673
12558,238546
12559,717761
12560,323391
12561,378236
12562,876421
12563,745070
12564,166745
12565,757988
12566,118791
12567,280304
12568,371729
12569,149275
12570,842761
12571,433386
12572,400134
12573,188980
12574,441897
12575,851658
12576,119503
12577,906377
12578,417408
12579,304273
12580,750213
12581,976570
12582,139358
12583,270773
12584,425027
12585,834380
12586,308257
12587,830460
12588,266510
12589,902897
12590,771866
12591,789531
12592,822263
12593,597248
12594,324007
12595,375969
12596,153515
12597,184975
12598,620685
12599,847482
12600,612486
12601,602915
12602,741086
12603,903385
12604,664531
12605,179170
12606,781297
12607,251631
12608,390927
12609,356579
12610,924227
12611,242090
12612,620197
12613,326983
12614,896340
12615,126612
12616,836241
12617,981889
12618,269445
12619,580193
12620,636324
12621,594499
12622,178241
12623,538624
12624,233986
12625,162019
12626,862491
12627,477683
12628,887860
12629,855000
12630,453236
12631,779898
12632,143749
12633,946317
12634,690623
12635,177313
12636,376578
12637,922880
12638,185316
12639,438258
12640,334053
12641,612845
12642,862003
12643,654530
12644,927163
12645,851873
12646,927603
12647,127335
12648,593115
12649,749862
12650,915233
12651,906722
12652,671464
12653,262685
12654,987128
12655,337086
12656,328885
12657,769380
12658,840066
12659,727683
12660,337526
12661,761199
12662,150160
12663,506658
12664,977713
12665,345083
12666,590579
12667,474630
12668,247292
12669,255479
12670,134934
12671,455916
12672,297233
12673,678947
12674,513985
12675,719812
12676,181266
12677,312825
12678,370932
12679,488174
12680,549976
12681,592213
12682,354390
12683,164700
12684,774535
12685,264083
12686,542363
12687,224117
12688,164244
12689,582012
12690,449929
12691,380281
12692,815395
12693,920798
12694,129729
12695,327995
12696,190713
12697,230900
12698,676363
12699,648476
12700,669006
12701,499367
12702,585556
12703,883563
12704,913151
12705,258249
12706,227109
12707,982215
12708,949035
12709,932965
12710,235404
12711,653156
12712,510865
12713,714644
12714,714076
12715,510297
12716,394163
12717,933549
12718,733110
12719,261857
12720,779252
12721,909527
12722,747216
12723,691249
12724,176431
12725,468952
12726,674963
12727,894873
12728,815035
12729,909756
12730,253257
12731,990125
12732,604749
12733,770140
12734,262026
12735,738680
12736,446106
12737,350598
12738,930598
12739,562474
12740,622539
12741,475966
12742,404731
12743,886521
12744,236039
12745,325345
12746,268968
12747,997190
12748,310607
12749,948360
12750,974703
12751,940163
12752,619307
12753,317634
12754,956449
12755,479198
12756,713783
12757,644300
12758,864054
12759,611104
12760,201667
12761,610792
12762,572169
12763,680211
12764,563970
12765,328344
12766,361844
12767,929654
12768,159358
12769,397472
12770,736421
12771,792333
12772,831722
12773,777228
12774,631281
12775,631609
12776,264400
12777,464928
12778,455361
12779,992574
12780,978900
12781,917284
12782,889985
12783,287605
12784,842119
12785,865126
12786,679240
12787,513706
12788,687427
12789,917845
12790,278966
12791,441255
12792,725070
12793,935451
12794,388121
12795,472579
12796,140752
12797,985557
12798,751043
12799,906191
12800,740524
12801,636605
12802,749167
12803,780675
12804,278423
12805,357009
12806,697477
12807,888621
12808,564790
12809,209972
12810,118309
12811,126510
12812,519437
12813,611860
12814,938327
12815,579408
12816,229274
12817,135831
12818,938911
12819,144028
12820,821637
12821,351866
12822,931034
12823,484553
12824,437795
12825,754214
12826,621311
12827,861922
12828,396044
12829,538617
12830,817564
12831,119413
12832,287881
12833,766621
12834,512342
12835,741628
12836,296680
12837,994538
12838,663034
12839,505363
12840,449310
12841,914488
12842,906291
12843,457181
12844,816508
12845,368715
12846,237984
12847,481882
12848,736089
12849,166187
12850,799282
12851,274215
12852,791097
12853,590626
12854,920354
12855,953550
12856,329415
12857,560421
12858,568622
12859,280841
12860,832693
12861,422842
12862,265799
12863,983402
12864,174723
12865,776859
12866,134500
12867,265359
12868,576107
12869,678879
12870,330279
12871,617252
12872,687060
12873,616940
12874,865777
12875,712443
12876,642571
12877,926977
12878,348065
12879,248230
12880,624965
12881,262823
12882,541615
12883,670874
12884,262255
12885,793978
12886,112275
12887,662673
12888,216194
12889,592993
12890,695165
12891,868868
12892,266775
12893,383229
12894,946231
12895,458799
12896,708171
12897,324286
12898,954966
12899,813127
12900,139036
12901,697838
12902,356658
12903,995793
12904,772651
12905,410057
12906,348473
12907,394887
12908,765294
12909,564629
12910,757677
12911,673095
12912,765862
12913,643675
12914,797319
12915,970902
12916,454024
12917,468834
12918,658279
12919,412271
12920,789132
12921,144561
12922,446283
12923,979541
12924,721895
12925,509187
12926,683754
12927,484068
12928,570936
12929,846373
12930,146073
12931,310430
12932,696416
12933,418892
12934,904782
12935,697000
12936,469322
12937,349367
12938,317715
12939,855788
12940,186928
12941,235318
12942,933087
12943,151460
12944,238917
12945,129659
12946,675961
12947,807314
12948,281735
12949,439958
12950,728447
12951,777693
12952,875482
12953,917237
12954,345095
12955,447259
12956,167686
12957,521656
12958,409426
12959,758971
12960,649542
12961,479839
12962,440950
12963,850581
12964,272162
12965,503870
12966,172325
12967,346671
12968,458040
12969,966694
12970,542241
12971,388864
12972,464145
12973,140289
12974,792820
12975,408817
12976,890611
12977,400634
12978,129008
12979,190208
12980,711198
12981,533191
12982,128312
12983,759248
12984,857047
12985,295782
12986,550721
12987,346948
12988,834736
12989,133033
12990,606690
12991,568067
12992,191456
12993,362246
12994,807161
12995,182563
12996,527916
12997,807473
12998,398034
12999,944258
13000,623496
13001,507773
13002,831568
13003,875185
13004,916822
13005,419111
13006,589365
13007,787919
13008,879114
13009,302590
13010,138233
13011,154807
13012,163004
13013,294231
13014,427406
13015,652413
13016,117091
13017,956571
13018,500525
13019,445984
13020,939537
13021,227860
13022,657932
13023,729167
13024,335034
13025,894536
13026,343217
13027,529020
13028,885899
13029,675722
13030,112021
13031,379267
13032,304270
13033,457080
13034,632960
13035,224583
13036,296525
13037,457648
13038,942409
13039,735004
13040,958955
13041,363525
13042,758011
13043,118808
13044,617194
13045,119504
13046,926927
13047,364237
13048,287788
13049,907382
13050,701584
13051,884625
13052,824688
13053,506014
13054,466353
13055,777045
13056,953600
13057,866839
13058,839926
13059,323048
13060,769752
13061,361005
13062,900915
13063,639781
13064,954312
13065,438998
13066,285375
13067,713126
13068,723783
13069,341370
13070,619634
13071,284791
13072,538996
13073,931999
13074,426605
13075,250936
13076,656327
13077,786988
13078,749258
13079,580061
13080,138962
13081,903694
13082,941330
13083,580373
13084,588574
13085,114856
13086,674465
13087,761920
13088,123043
13089,963475
13090,368253
13091,930943
13092,754307
13093,545489
13094,135730
13095,308286
13096,220980
13097,868610
13098,998655
13099,861668
13100,160796
13101,805097
13102,516843
13103,813282
13104,853487
13105,753952
13106,730823
13107,861996
13108,629656
13109,605311
13110,698795
13111,980406
13112,144210
13113,723172
13114,888547
13115,519691
13116,862468
13117,333522
13118,965840
13119,486191
13120,651325
13121,987519
13122,628600
13123,251803
13124,178270
13125,443464
13126,880202
13127,390323
13128,113366
13129,576206
13130,744914
13131,456251
13132,776766
13133,799740
13134,575494
13135,353263
13136,569155
13137,761784
13138,615849
13139,206154
13140,438645
13141,639110
13142,490399
13143,840093
13144,262346
13145,933929
13146,907061
13147,825907
13148,986415
13149,417084
13150,942114
13151,347908
13152,976134
13153,987111
13154,633323
13155,851902
13156,407729
13157,127920
13158,566179
13159,189248
13160,330370
13161,188808
13162,372069
13163,441749
13164,883132
13165,751703
13166,660826
13167,786363
13168,114520
13169,669009
13170,423001
13171,577344
13172,455605
13173,992898
13174,114064
13175,175456
13176,710448
13177,191022
13178,239072
13179,439547
13180,606948
13181,676372
13182,929282
13183,354377
13184,541772
13185,450398
13186,827325
13187,695454
13188,346762
13189,272263
13190,264076
13191,633957
13192,703637
13193,743028
13194,719835
13195,522197
13196,286921
13197,926434
13198,609796
13199,331532
13200,120061
13201,838283
13202,317342
13203,116357
13204,282738
13205,151961
13206,922201
13207,955829
13208,537529
13209,291505
13210,675396
13211,517549
13212,299544
13213,830926
13214,168251
13215,939999
13216,948180
13217,412362
13218,909512
13219,145116
13220,747215
13221,117349
13222,155001
13223,845408
13224,610460
13225,200831
13226,732513
13227,294041
13228,394156
13229,571573
13230,427072
13231,317878
13232,116909
13233,546844
13234,390133
13235,782091
13236,820205
13237,442822
13238,665385
13239,571870
13240,435488
13241,887302
13242,811239
13243,209183
13244,563997
13245,340212
13246,644635
13247,656969
13248,796585
13249,495459
13250,940188
13251,137620
13252,381589
13253,243931
13254,562485
13255,706755
13256,645171
13257,537298
13258,204276
13259,437000
13260,460455
13261,770115
13262,947903
13263,789314
13264,596569
13265,691525
13266,384629
13267,630653
13268,882431
13269,774387
13270,670226
13271,424402
13272,985546
13273,582336
13274,865145
13275,440688
13276,480145
13277,409244
13278,818359
13279,182190
13280,441272
13281,190373
13282,926017
13283,875028
13284,631278
13285,113915
13286,752628
13287,507864
13288,222249
13289,205671
13290,191301
13291,205231
13292,716596
13293,508721
13294,922830
13295,963369
13296,429311
13297,674331
13298,211459
13299,184546
13300,938312
13301,587588
13302,308356
13303,746128
13304,421534
13305,836148
13306,539086
13307,723253
13308,723965
13309,187394
13310,511257
13311,178575
13312,689297
13313,501908
13314,911479
13315,744451
13316,693993
13317,474368
13318,876008
13319,378641
13320,255033
13321,315281
13322,840324
13323,962425
13324,229812
13325,238015
13326,121922
13327,817067
13328,625401
13329,139515
13330,540691
13331,775623
13332,967900
13333,574775
13334,825642
13335,198768
13336,521098
13337,119402
13338,950618
13339,311737
13340,288350
13341,842924
13342,224862
13343,549819
13344,968575
13345,497516
13346,280382
13347,400072
13348,678848
13349,232511
13350,534077
13351,489413
13352,188722
13353,843535
13354,320017
13355,198939
13356,566041
13357,642580
13358,918805
13359,207120
13360,338171
13361,143288
13362,474787
13363,255314
13364,297852
13365,506759
13366,552339
13367,289749
13368,368959
13369,891937
13370,482094
13371,953881
13372,280854
13373,769801
13374,844188
13375,403091
13376,511090
13377,643212
13378,126354
13379,643652
13380,765881
13381,118609
13382,242348
13383,530606
13384,153677
13385,723038
13386,619939
13387,772348
13388,636161
13389,941579
13390,548832
13391,697841
13392,996102
13393,880368
13394,820241
13395,787453
13396,502271
13397,251681
13398,981796
13399,292741
13400,477054
13401,342659
13402,376743
13403,570281
13404,553739
13405,779287
13406,586983
13407,746491
13408,266760
13409,228390
13410,359885
13411,946216
13412,812030
13413,887071
13414,155403
13415,518647
13416,332078
13417,863280
13418,724432
13419,461718
13420,688244
13421,180130
13422,627276
13423,762911
13424,613902
13425,846066
13426,316908
13427,562404
13428,282824
13429,335310
13430,428754
13431,674870
13432,546446
13433,699551
13434,666043
13435,411832
13436,657840
13437,542270
13438,793123
13439,669963
13440,223512
13441,742406
13442,600571
13443,339901
13444,767151
13445,231857
13446,190068
13447,339317
13448,984627
13449,273373
13450,543454
13451,498890
13452,669475
13453,874765
13454,264478
13455,114658
13456,321975
13457,960852
13458,314228
13459,675942
13460,535963
13461,353656
13462,298905
13463,254847
13464,800107
13465,214608
13466,222811
13467,867819
13468,397317
13469,535792
13470,768292
13471,431393
13472,197590
13473,205789
13474,238641
13475,424296
13476,801163
13477,164498
13478,163930
13479,416683
13480,215728
13481,960023
13482,190239
13483,524315
13484,679717
13485,767428
13486,231642
13487,212293
13488,563015
13489,325188
13490,366977
13491,846233
13492,375178
13493,299977
13494,492345
13495,261935
13496,586442
13497,307466
13498,253420
13499,971234
13500,811101
13501,510103
13502,964751
13503,201574
13504,294784
13505,163435
13506,782042
13507,503762
13508,389668
13509,137518
13510,259023
13511,450588
13512,948965
13513,516222
13514,762814
13515,333991
13516,722009
13517,493043
13518,790522
13519,658649
13520,266279
13521,771635
13522,643179
13523,712848
13524,887926
13525,812695
13526,126909
13527,673215
13528,348937
13529,390382
13530,418106
13531,470076
13532,498083
13533,305496
13534,590513
13535,983442
13536,378525
13537,273532
13538,142743
13539,659593
13540,776803
13541,816679
13542,892102
13543,369112
13544,150226
13545,337460
13546,840456
13547,314909
13548,355738
13549,934004
13550,112235
13551,505728
13552,232664
13553,520398
13554,726561
13555,119086
13556,433931
13557,288026
13558,994322
13559,505579
13560,583131
13561,975920
13562,825805
13563,943068
13564,663498
13565,671681
13566,441963
13567,959358
13568,865378
13569,642968
13570,897934
13571,520613
13572,551967
13573,297016
13574,668449
13575,506051
13576,447950
13577,288913
13578,954261
13579,183381
13580,607836
13581,639408
13582,619567
13583,844504
13584,862258
13585,125982
13586,673308
13587,681495
13588,903763
13589,382790
13590,987777
13591,636045
13592,259182
13593,418457
13594,170339
13595,646952
13596,722226
13597,838907
13598,192526
13599,805655
13600,990377
13601,421041
13602,972355
13603,578912
13604,606081
13605,553607
13606,746103
13607,980096
13608,187299
13609,756656
13610,863676
13611,435581
13612,479132
13613,495422
13614,747985
13615,556009
13616,250347
13617,442608
13618,588805
13619,603887
13620,974309
13621,740114
13622,665119
13623,204201
13624,244302
13625,375717
13626,116659
13627,475572
13628,343681
13629,852895
13630,500693
13631,630560
13632,384552
13633,822843
13634,308005
13635,299822
13636,578086
13637,869585
13638,350988
13639,990191
13640,827019
13641,472201
13642,140690
13643,111246
13644,303453
13645,449696
13646,826435
13647,994132
13648,223836
13649,441317
13650,617969
13651,558864
13652,687361
13653,208858
13654,660588
13655,917350
13656,791943
13657,585341
13658,264338
13659,385211
13660,298422
13661,222908
13662,978270
13663,752553
13664,676330
13665,528084
13666,868292
13667,840997
13668,669636
13669,744137
13670,875298
13671,215004
13672,446763
13673,246520
13674,660743
13675,439462
13676,290492
13677,676425
13678,328625
13679,710509
13680,231294
13681,431717
13682,675969
13683,703688
13684,834851
13685,355036
13686,200378
13687,362685
13688,529391
13689,729876
13690,203970
13691,160207
13692,375502
13693,929991
13694,654278
13695,956192
13696,852028
13697,445819
13698,596847
13699,836862
13700,733172
13701,518416
13702,895475
13703,365805
13704,845373
13705,393529
13706,502934
13707,580965
13708,634984
13709,904318
13710,494749
13711,940458
13712,589734
13713,986568
13714,449079
13715,662739
13716,915417
13717,906522
13718,448767
13719,156747
13720,608677
13721,198982
13722,329901
13723,726099
13724,918856
13725,888988
13726,149128
13727,199566
13728,702420
13729,598216
13730,113201
13731,213024
13732,474166
13733,273934
13734,701724
13735,953924
13736,677301
13737,735856
13738,490360
13739,859024
13740,867227
13741,150120
13742,896527
13743,327196
13744,435178
13745,242417
13746,373202
13747,285491
13748,154328
13749,957500
13750,844225
13751,572892
13752,765228
13753,502178
13754,537624
13755,368625
13756,315455
13757,722475
13758,605336
13759,771721
13760,413603
13761,144309
13762,629175
13763,605776
13764,452676
13765,429218
13766,334782
13767,613046
13768,404293
13769,682573
13770,508780
13771,484491
13772,324503
13773,395654
13774,237425
13775,221139
13776,587217
13777,910538
13778,144094
13779,391647
13780,998424
13781,972537
13782,830212
13783,545022
13784,266742
13785,902665
13786,723872
13787,713025
13788,732075
13789,704842
13790,539483
13791,672878
13792,293019
13793,697543
13794,689356
13795,594896
13796,987379
13797,995576
13798,884598
13799,142990
13800,915610
13801,255076
13802,598435
13803,378700
13804,413776
13805,584521
13806,867056
13807,337893
13808,150275
13809,761396
13810,919747
13811,238378
13812,337197
13813,840409
13814,361162
13815,173442
13816,112570
13817,934309
13818,703071
13819,575394
13820,857627
13821,441369
13822,311780
13823,557292
13824,330510
13825,157672
13826,400382
13827,364074
13828,734515
13829,214541
13830,752403
13831,354285
13832,254442
13833,423381
13834,264232
13835,631745
13836,701233
13837,353573
13838,824017
13839,415198
13840,121233
13841,815280
13842,282030
13843,999499
13844,670453
13845,662270
13846,380450
13847,172740
13848,450258
13849,424245
13850,634657
13851,239756
13852,810643
13853,959618
13854,733813
13855,890545
13856,371631
13857,706596
13858,860974
13859,124362
13860,243772
13861,955449
13862,436519
13863,475406
13864,204051
13865,964346
13866,571153
13867,789413
13868,554931
13869,578204
13870,253817
13871,619475
13872,532190
13873,811720
13874,510154
13875,680739
13876,611288
13877,326393
13878,243220
13879,117737
13880,773188
13881,171095
13882,494924
13883,748451
13884,912804
13885,381554
13886,819809
13887,589431
13888,837260
13889,572058
13890,195193
13891,933021
13892,811371
13893,510825
13894,117378
13895,844879
13896,163677
13897,610995
13898,688865
13899,974588
13900,451554
13901,904716
13902,781604
13903,277296
13904,621712
13905,317305
13906,721261
13907,404840
13908,335707
13909,806728
13910,930485
13911,562361
13912,845999
13913,721829
13914,420078
13915,358430
13916,796685
13917,658213
13918,445889
13919,219958
13920,359126
13921,997941
13922,626241
13923,550048
13924,215374
13925,827226
13926,774527
13927,935816
13928,573839
13929,303244
13930,592741
13931,215942
13932,625801
13933,416413
13934,767546
13935,890842
13936,856118
13937,362503
13938,231916
13939,865013
13940,246338
13941,507476
13942,551560
13943,141931
13944,916607
13945,883603
13946,875416
13947,777631
13948,936808
13949,204835
13950,314153
13951,815579
13952,159725
13953,282125
13954,259354
13955,301564
13956,309751
13957,382202
13958,780303
13959,828970
13960,225342
13961,494532
13962,548304
13963,478054
13964,620435
13965,154237
13966,373111
13967,539285
13968,394848
13969,326769
13970,888481
13971,511554
13972,341075
13973,586783
13974,228886
13975,266992
13976,260914
13977,359733
13978,437607
13979,315546
13980,954489
13981,376671
13982,762785
13983,324185
13984,612784
13985,839495
13986,512218
13987,758226
13988,399920
13989,199467
13990,865558
13991,279822
13992,775252
13993,601669
13994,224934
13995,456785
13996,742328
13997,825529
13998,582831
13999,794453
14000,794013
14001,549259
14002,417150
14003,449170
14004,471155
14005,867134
14006,735957
14007,398360
14008,431092
14009,992078
14010,799678
14011,632705
14012,744848
14013,717724
14014,438932
14015,406904
14016,927853
14017,840316
14018,568482
14019,198304
14020,150438
14021,122042
14022,265475
14023,969228
14024,466419
14025,833521
14026,945643
14027,447953
14028,734614
14029,480405
14030,726869
14031,400219
14032,270824
14033,379657
14034,625153
14035,834321
14036,872944
14037,934144
14038,262955
14039,906452
14040,574927
14041,417501
14042,453442
14043,597341
14044,910447
14045,971924
14046,210995
14047,283861
14048,517058
14049,893729
14050,612571
14051,569586
14052,612883
14053,646655
14054,437260
14055,786598
14056,880043
14057,470344
14058,493671
14059,138896
14060,872296
14061,226205
14062,888778
14063,319449
14064,117770
14065,765154
14066,966137
14067,862949
14068,492481
14069,596179
14070,307698
14071,499970
14072,909793
14073,359192
14074,116652
14075,244305
14076,721059
14077,729256
14078,396461
14079,291736
14080,335509
14081,861067
14082,706689
14083,814733
14084,116068
14085,913353
14086,419264
14087,357680
14088,171578
14089,603888
14090,171250
14091,912641
14092,644697
14093,125767
14094,331965
14095,486720
14096,436138
14097,680270
14098,286139
14099,713834
14100,724619
14101,705633
14102,837002
14103,518244
14104,281867
14105,335878
14106,490992
14107,736504
14108,676341
14109,899839
14110,313391
14111,483123
14112,423280
14113,499601
14114,507802
14115,786066
14116,944229
14117,307050
14118,214112
14119,777297
14120,925955
14121,864755
14122,208141
14123,279019
14124,890388
14125,818421
14126,408598
14127,759807
14128,649418
14129,688086
14130,181540
14131,906130
14132,743261
14133,132942
14134,670288
14135,625991
14136,172201
14137,767647
14138,286859
14139,363114
14140,232321
14141,199789
14142,321383
14143,952207
14144,687221
14145,458207
14146,504025
14147,215531
14148,634607
14149,905977
14150,800792
14151,899420
14152,816054
14153,527720
14154,567951
14155,397718
14156,523127
14157,928904
14158,345640
14159,273189
14160,576970
14161,744150
14162,599523
14163,141318
14164,306689
14165,591336
14166,904289
14167,258196
14168,218555
14169,855563
14170,964892
14171,836833
14172,294107
14173,427722
14174,491618
14175,770410
14176,227664
14177,468301
14178,324895
14179,837633
14180,405253
14181,683533
14182,244210
14183,509740
14184,282672
14185,194108
14186,483531
14187,607578
14188,761664
14189,206258
14190,438669
14191,808585
14192,840037
14193,961688
14194,297790
14195,166613
14196,745442
14197,466666
14198,344860
14199,660196
14200,624120
14201,520867
14202,897600
14203,232573
14204,288631
14205,338545
14206,872481
14207,448736
14208,262906
14209,671247
14210,934425
14211,553345
14212,143714
14213,467065
14214,876698
14215,605319
14216,228452
14217,771734
14218,467633
14219,877138
14220,537607
14221,237061
14222,516627
14223,438037
14224,722484
14225,184779
14226,561448
14227,429526
14228,485175
14229,740762
14230,820891
14231,949826
14232,451771
14233,664159
14234,722972
14235,958187
14236,242414
14237,153615
14238,519923
14239,196584
14240,643278
14241,394970
14242,382251
14243,588078
14244,973006
14245,579877
14246,635944
14247,829435
14248,995559
14249,356356
14250,470514
14251,628459
14252,327072
14253,862815
14254,434262
14255,957768
14256,477311
14257,402802
14258,888688
14259,681082
14260,667604
14261,698424
14262,459729
14263,910877
14264,203338
14265,192683
14266,484956
14267,429685
14268,805242
14269,847517
14270,437886
14271,211081
14272,711941
14273,232726
14274,616978
14275,857604
14276,727023
14277,206905
14278,758475
14279,953848
14280,920084
14281,900355
14282,867055
14283,962035
14284,709421
14285,866343
14286,329017
14287,892864
14288,497773
14289,946073
14290,265657
14291,543921
14292,362867
14293,865153
14294,610199
14295,618396
14296,278865
14297,759621
14298,733346
14299,321206
14300,295411
14301,573691
14302,743399
14303,163864
14304,164560
14305,355090
14306,774851
14307,661545
14308,626485
14309,370072
14310,121230
14311,860010
14312,491394
14313,397967
14314,536186
14315,867753
14316,405580
14317,175347
14318,507680
14319,800041
14320,599090
14321,350025
14322,871004
14323,450654
14324,171648
14325,974728
14326,276620
14327,218218
14328,443037
14329,611271
14330,286665
14331,510493
14332,672255
14333,895733
14334,253358
14335,789434
14336,596641
14337,878263
14338,596073
14339,446077
14340,746900
14341,692085
14342,971624
14343,299915
14344,683996
14345,622380
14346,212943
14347,955430
14348,570822
14349,729818
14350,806460
14351,367371
14352,838424
14353,343276
14354,244459
14355,219617
14356,176896
14357,586723
14358,746751
14359,779027
14360,901875
14361,267532
14362,738876
14363,948012
14364,778715
14365,909360
14366,176584
14367,878556
14368,236427
14369,715667
14370,317286
14371,886645
14372,343887
14373,484025
14374,291401
14375,366760
14376,226570
14377,381702
14378,912920
14379,748247
14380,146116
14381,796218
14382,401815
14383,756350
14384,186989
14385,340327
14386,764093
14387,325957
14388,863930
14389,811964
14390,867522
14391,196663
14392,606420
14393,336343
14394,849448
14395,151545
14396,921329
14397,528154
14398,815884
14399,648699
14400,840939
14401,491241
14402,306875
14403,908963
14404,141940
14405,883596
14406,175512
14407,818468
14408,759342
14409,725442
14410,432672
14411,331068
14412,819180
14413,574296
14414,661826
14415,111424
14416,249533
14417,695982
14418,303707
14419,974960
14420,662410
14421,782699
14422,625814
14423,670593
14424,224146
14425,872634
14426,173733
14427,449203
14428,749914
14429,695227
14430,111773
14431,914837
14432,987012
14433,663199
14434,497021
14435,958691
14436,319488
14437,363789
14438,399889
14439,888856
14440,851221
14441,617442
14442,784982
14443,474290
14444,448083
14445,576173
14446,422324
14447,667836
14448,265289
14449,876178
14450,969102
14451,575589
14452,174221
14453,274058
14454,112765
14455,954048
14456,848373
14457,515099
14458,237581
14459,900339
14460,769304
14461,735988
14462,840190
14463,844685
14464,126851
14465,765792
14466,519328
14467,162391
14468,285623
14469,187824
14470,854948
14471,772845
14472,828939
14473,740609
14474,690155
14475,879841
14476,820736
14477,588310
14478,949265
14479,410567
14480,570224
14481,203122
14482,931191
14483,508547
14484,562043
14485,507979
14486,161463
14487,220404
14488,301045
14489,868362
14490,421348
14491,869058
14492,877257
14493,658991
14494,252368
14495,437293
14496,923359
14497,931540
14498,324059
14499,730375
14500,193272
14501,612602
14502,437989
14503,847366
14504,351932
14505,822155
14506,308885
14507,830336
14508,135321
14509,612050
14510,285404
14511,812994
14512,957907
14513,564976
14514,538903
14515,911534
14516,588213
14517,996020
14518,391027
14519,356511
14520,444296
14521,217471
14522,911974
14523,786567
14524,556177
14525,907285
14526,876537
14527,296966
14528,273705
14529,174894
14530,983239
14531,798780
14532,760952
14533,150407
14534,490135
14535,709558
14536,158020
14537,848470
14538,315208
14539,140010
14540,624872
14541,448784
14542,702483
14543,165133
14544,496662
14545,671743
14546,775454
14547,967685
14548,834352
14549,575270
14550,347332
14551,248515
14552,433302
14553,400250
14554,118907
14555,818066
14556,149351
14557,650597
14558,441501
14559,857759
14560,441941
14561,889787
14562,119475
14563,525644
14564,926892
14565,959296
14566,843453
14567,622982
14568,978856
14569,114256
14570,222282
14571,205572
14572,640000
14573,536289
14574,397844
14575,676636
14576,290081
14577,522813
14578,867634
14579,514614
14580,370635
14581,150721
14582,592522
14583,172168
14584,496024
14585,457877
14586,994154
14587,835262
14588,679932
14589,432408
14590,147489
14591,433104
14592,152153
14593,837963
14594,963766
14595,614332
14596,291769
14597,517741
14598,838531
14599,428896
14600,571285
14601,244336
14602,116621
14603,998362
14604,770080
14605,276031
14606,467975
14607,822789
14608,136471
14609,901891
14610,459788
14611,837035
14612,325813
14613,209844
14614,194910
14615,652475
14616,887397
14617,855433
14618,201079
14619,469551
14620,870415
14621,389885
14622,795906
14623,653080
14624,887566
14625,811503
14626,855266
14627,837128
14628,732418
14629,571934
14630,393479
14631,895437
14632,672455
14633,294450
14634,234808
14635,863777
14636,925402
14637,988306
14638,179635
14639,904256
14640,996945
14641,302163
14642,956190
14643,814351
14644,622300
14645,483874
14646,909923
14647,168280
14648,453966
14649,901280
14650,778560
14651,596817
14652,993481
14653,263463
14654,943567
14655,450037
14656,132612
14657,966880
14658,294915
14659,856242
14660,128149
14661,898461
14662,725905
14663,692949
14664,623141
14665,944431
14666,875292
14667,133860
14668,661489
14669,785680
14670,345609
14671,535874
14672,314285
14673,684212
14674,121526
14675,239435
14676,281665
14677,816023
14678,891254
14679,369768
14680,684668
14681,606855
14682,676471
14683,522654
14684,682776
14685,954594
14686,342056
14687,193321
14688,275040
14689,821394
14690,972132
14691,452730
14692,829593
14693,821850
14694,220238
14695,154342
14696,812563
14697,510993
14698,293326
14699,242383
14700,285125
14701,118578
14702,511705
14703,664190
14704,795541
14705,820922
14706,247098
14707,784420
14708,832713
14709,701730
14710,745411
14711,937688
14712,422158
14713,744715
14714,694241
14715,916231
14716,191921
14717,430503
14718,158301
14719,900169
14720,685896
14721,920414
14722,515689
14723,526461
14724,289150
14725,230004
14726,425766
14727,256465
14728,968148
14729,417581
14730,794574
14731,505292
14732,379641
14733,976663
14734,601110
14735,950354
14736,927669
14737,400043
14738,488814
14739,897633
14740,726125
14741,694890
14742,994454
14743,256626
14744,387409
14745,702633
14746,471883
14747,959482
14748,320281
14749,364052
14750,809451
14751,525814
14752,442095
14753,408523
14754,520481
14755,319953
14756,842959
14757,833386
14758,744544
14759,945520
14760,378738
14761,916076
14762,413806
14763,378298
14764,134843
14765,848620
14766,481518
14767,615451
14768,892897
14769,158518
14770,928318
14771,900386
14772,639284
14773,847908
14774,858821
14775,616147
14776,162126
14777,681051
14778,511922
14779,341411
14780,723286
14781,681619
14782,689722
14783,452409
14784,794678
14785,635913
14786,309255
14787,787189
14788,202915
14789,707988
14790,323937
14791,805779
14792,114801
14793,885113
14794,342923
14795,315754
14796,135203
14797,998438
14798,453593
14799,699089
14800,421629
14801,294187
14802,195372
14803,564164
14804,925451
14805,117023
14806,340709
14807,964844
14808,179882
14809,250791
14810,555429
14811,137549
14812,974761
14813,226368
14814,451255
14815,358243
14816,635271
14817,796528
14818,381060
14819,879222
14820,562980
14821,475440
14822,729139
14823,763871
14824,124404
14825,335374
14826,614150
14827,963596
14828,852763
14829,939173
14830,144806
14831,822975
14832,219747
14833,826895
14834,573970
14835,600307
14836,464590
14837,943830
14838,346936
14839,826567
14840,371601
14841,649297
14842,733771
14843,432546
14844,499466
14845,385783
14846,792523
14847,222776
14848,576570
14849,920947
14850,728168
14851,614805
14852,327830
14853,736355
14854,768327
14855,370105
14856,591803
14857,423496
14858,936790
14859,385364
14860,744013
14861,223059
14862,298641
14863,799843
14864,114561
14865,306842
14866,751758
14867,640465
14868,807718
14869,709921
14870,737216
14871,840906
14872,729035
14873,614966
14874,328189
14875,322332
14876,191223
14877,874310
14878,834983
14879,550486
14880,782666
14881,215992
14882,215408
14883,472422
14884,882053
14885,783234
14886,873870
14887,890156
14888,951772
14889,926267
14890,767180
14891,286736
14892,650226
14893,291432
14894,212613
14895,721819
14896,283235
14897,375370
14898,621742
14899,335277
14900,570948
14901,468766
14902,979169
14903,658203
14904,392452
14905,604456
14906,168746
14907,770873
14908,989384
14909,680566
14910,563303
14911,764060
14912,234882
14913,163243
14914,855128
14915,941030
14916,411379
14917,502802
14918,949229
14919,879389
14920,442655
14921,982017
14922,879061
14923,688863
14924,988200
14925,381735
14926,555214
14927,954079
14928,677166
14929,289243
14930,399086
14931,523279
14932,430338
14933,191764
14934,858891
14935,150259
14936,598099
14937,113322
14938,213179
14939,977306
14940,799616
14941,297330
14942,156880
14943,734403
14944,608574
14945,918995
14946,279856
14947,758564
14948,512228
14949,311316
14950,288755
14951,157208
14952,695204
14953,703407
14954,833676
14955,906625
14956,140190
14957,448612
14958,976250
14959,605187
14960,252679
14961,597696
14962,629036
14963,654953
14964,620933
14965,537731
14966,962636
14967,203685
14968,862032
14969,211886
14970,507988
14971,493874
14972,636359
14973,538723
14974,765823
14975,202565
14976,741053
14977,493657
14978,636076
14979,382383
14980,348299
14981,309866
14982,556174
14983,888124
14984,293576
14985,896311
14986,652258
14987,444863
14988,690359
14989,383311
14990,779706
14991,252524
14992,553070
14993,911001
14994,351339
14995,467350
14996,690815
14997,861755
14998,508919
14999,342502
15000,569860
15001,730392
15002,708601
15003,673813
15004,919152
15005,818061
15006,311679
15007,950684
15008,642417
15009,897967
15010,712521
15011,330077
15012,951124
15013,817477
15014,407974
15015,131838
15016,256031
15017,633084
15018,671712
15019,112105
15020,593691
15021,793800
15022,379703
15023,387900
15024,256727
15025,900487
15026,709545
15027,962495
15028,808366
15029,769700
15030,631836
15031,166386
15032,701676
15033,875822
15034,632532
15035,937438
15036,945621
15037,273718
15038,279325
15039,524821
15040,733934
15041,609755
15042,567098
15043,128809
15044,199992
15045,687392
15046,634226
15047,496007
15048,163996
15049,882307
15050,913775
15051,662117
15052,140723
15053,626609
15054,840964
15055,328443
15056,676611
15057,648212
15058,406016
15059,849167
15060,158933
15061,473728
15062,167036
15063,993173
15064,385618
15065,577111
15066,353726
15067,214110
15068,660557
15069,940584
15070,461371
15071,974276
15072,688601
15073,555976
15074,627681
15075,781852
15076,589548
15077,442905
15078,870416
15079,974604
15080,389858
15081,209835
15082,286541
15083,201064
15084,837500
15085,933229
15086,154734
15087,307660
15088,604718
15089,299791
15090,307972
15091,350693
15092,467992
15093,517306
15094,375116
15095,715388
15096,653964
15097,729238
15098,770972
15099,454553
15100,700049
15101,227694
15102,253577
15103,350790
15104,220077
15105,228262
15106,998062
15107,638121
15108,621579
15109,367332
15110,290821
15111,806171
15112,570409
15113,235975
15114,675384
15115,806867
15116,283334
15117,845876
15118,955849
15119,982636
15120,688762
15121,171887
15122,310343
15123,912468
15124,435967
15125,618731
15126,318210
15127,532270
15128,286246
15129,365772
15130,571593
15131,239444
15132,527702
15133,640956
15134,736685
15135,961370
15136,328592
15137,606872
15138,120929
15139,952729
15140,439431
15141,992310
15142,353493
15143,832298
15144,214325
15145,591318
15146,272851
15147,465888
15148,700425
15149,543256
15150,371295
15151,818592
15152,339379
15153,181361
15154,918165
15155,370839
15156,898434
15157,362652
15158,609912
15159,303839
15160,967223
15161,263480
15162,670157
15163,935699
15164,801518
15165,966911
15166,695522
15167,346870
15168,504039
15169,416262
15170,973211
15171,502603
15172,470183
15173,365048
15174,572925
15175,836075
15176,403183
15177,519885
15178,492904
15179,383134
15180,821829
15181,691118
15182,876708
15183,403983
15184,123150
15185,484801
15186,847816
15187,730313
15188,655059
15189,809559
15190,897206
15191,188750
15192,525898
15193,758102
15194,148577
15195,817300
15196,512662
15197,119677
15198,338055
15199,642664
15200,288129
15201,304419
15202,742204
15203,456917
15204,633829
15205,592898
15206,237736
15207,685911
15208,192358
15209,962158
15210,238176
15211,552743
15212,753623
15213,422161
15214,465948
15215,875775
15216,901109
15217,769566
15218,192013
15219,808924
15220,590217
15221,584552
15222,785304
15223,790674
15224,552068
15225,247430
15226,668018
15227,991337
15228,907440
15229,552524
15230,143023
15231,824758
15232,976971
15233,148746
15234,279777
15235,338412
15236,809788
15237,534314
15238,608807
15239,757821
15240,601442
15241,425114
15242,248422
15243,471892
15244,225097
15245,587576
15246,877007
15247,780232
15248,501440
15249,459759
15250,359954
15251,275220
15252,444677
15253,291930
15254,805188
15255,376496
15256,404324
15257,323966
15258,580563
15259,259645
15260,269623
15261,820486
15262,556796
15263,795361
15264,242619
15265,434848
15266,966581
15267,804716
15268,704875
15269,426083
15270,756845
15271,154514
15272,554330
15273,630715
15274,947377
15275,412079
15276,492357
15277,822376
15278,445579
15279,947833
15280,658031
15281,683306
15282,814273
15283,846637
15284,622354
15285,885992
15286,243741
15287,963603
15288,706565
15289,773805
15290,739649
15291,974774
15292,226399
15293,595127
15294,381083
15295,310678
15296,595583
15297,696680
15298,518696
15299,427813
15300,163351
15301,764392
15302,435686
15303,648366
15304,406202
15305,815705
15306,676793
15307,159399
15308,791836
15309,623595
15310,246536
15311,473330
15312,345359
15313,214244
15314,701200
15315,631776
15316,264897
15317,936482
15318,423740
15319,744249
15320,175309
15321,208265
15322,917900
15323,687514
15324,818289
15325,408722
15326,842078
15327,898131
15328,164590
15329,873722
15330,835099
15331,783094
15332,249832
15333,751570
15334,581838
15335,240070
15336,759000
15337,856799
15338,725812
15339,371429
15340,917735
15341,890875
15342,295078
15343,263554
15344,775062
15345,967309
15346,574310
15347,450456
15348,582509
15349,783261
15350,559304
15351,729044
15352,238886
15353,676562
15354,840917
15355,606442
15356,675866
15357,859383
15358,630851
15359,214855
15360,978094
15361,661332
15362,551593
15363,623232
15364,883066
15365,473497
15366,701051
15367,743578
15368,571507
15369,365686
15370,895336
15371,855111
15372,887723
15373,486575
15374,770542
15375,997908
15376,350972
15377,454435
15378,299742
15379,578518
15380,971325
15381,267570
15382,622201
15383,529268
15384,614002
15385,706926
15386,160084
15387,674890
15388,151903
15389,621745
15390,562768
15391,514357
15392,406484
15393,282153
15394,559621
15395,867577
15396,640771
15397,175523
15398,306248
15399,908368
15400,992833
15401,786296
15402,849979
15403,208431
15404,362531
15405,679479
15406,767190
15407,331015
15408,719640
15409,617476
15410,147946
15411,966720
15412,354882
15413,172355
15414,592705
15415,473012
15416,751292
15417,695957
15418,827262
15419,661881
15420,504464
15421,670066
15422,424058
15423,800921
15424,354442
15425,691437
15426,219922
15427,136724
15428,359154
15429,947679
15430,160665
15431,428131
15432,186038
15433,335287
15434,461807
15435,696326
15436,269087
15437,904416
15438,349721
15439,276956
15440,389942
15441,948543
15442,495307
15443,933489
15444,318397
15445,845475
15446,285777
15447,913224
15448,495520
15449,974771
15450,603321
15451,940695
15452,665217
15453,310675
15454,486849
15455,706088
15456,286010
15457,401607
15458,925457
15459,563478
15460,571677
15461,325653
15462,518373
15463,604249
15464,358737
15465,778819
15466,554335
15467,989625
15468,586419
15469,909664
15470,412514
15471,137087
15472,921913
15473,509638
15474,563006
15475,720930
15476,124398
15477,806407
15478,335380
15479,363392
15480,532585
15481,687519
15482,558406
15483,865210
15484,641088
15485,898134
15486,346602
15487,542180
15488,457781
15489,573632
15490,994250
15491,303555
15492,215753
15493,581835
15494,482682
15495,183181
15496,313958
15497,196967
15498,327820
15499,807071
15500,290633
15501,491449
15502,921505
15503,272391
15504,446686
15505,551879
15506,543692
15507,465460
15508,533991
15509,817658
15510,758512
15511,651021
15512,149447
15513,642510
15514,625280
15515,915094
15516,471449
15517,834448
15518,165733
15519,632899
15520,934729
15521,379200
15522,337161
15523,315368
15524,206050
15525,901104
15526,709398
15527,961992
15528,761048
15529,206378
15530,466290
15531,693904
15532,506517
15533,660404
15534,976974
15535,166221
15536,297126
15537,799316
15538,422583
15539,146642
15540,821195
15541,452387
15542,697899
15543,391123
15544,556793
15545,731463
15546,426670
15547,723276
15548,519531
15549,765027
15550,966008
15551,611954
15552,327067
15553,797900
15554,972509
15555,877002
15556,597468
15557,412708
15558,659428
15559,746217
15560,579070
15561,829928
15562,135921
15563,545298
15564,813386
15565,861828
15566,613010
15567,323963
15568,805769
15569,245142
15570,885091
15571,561272
15572,315760
15573,779374
15574,586910
15575,637336
15576,266425
15577,453288
15578,745802
15579,161303
15580,530175
15581,153116
15582,244989
15583,813801
15584,376798
15585,484804
15586,828515
15587,443531
15588,556946
15589,924660
15590,765192
15591,731876
15592,333329
15593,365365
15594,643645
15595,242389
15596,435150
15597,608169
15598,407130
15599,560451
15600,660191
15601,745433
15602,352740
15603,726719
15604,288588
15605,127419
15606,330305
15607,758683
15608,279951
15609,857500
15610,851837
15611,833587
15612,582702
15613,216620
15614,549826
15615,505302
15616,986604
15617,741873
15618,872474
15619,994791
15620,461213
15621,688767
15622,878965
15623,218952
15624,982177
15625,949069
15626,145989
15627,634956
15628,732440
15629,671765
15630,163083
15631,705841
15632,863803
15633,619046
15634,186404
15635,532267
15636,275846
15637,492177
15638,738421
15639,638124
15640,136878
15641,384431
15642,350787
15643,396797
15644,763412
15645,964367
15646,335117
15647,282635
15648,244169
15649,283331
15650,653610
15651,622278
15652,845873
15653,428249
15654,675389
15655,917592
15656,240561
15657,617662
15658,400717
15659,189567
15660,320916
15661,370834
15662,835535
15663,634580
15664,140509
15665,450031
15666,495849
15667,993819
15668,294937
15669,231258
15670,129703
15671,867395
15672,649138
15673,848993
15674,867979
15675,676461
15676,272854
15677,660771
15678,668968
15679,133174
15680,167186
15681,993019
15682,114153
15683,121103
15684,151059
15685,528112
15686,728576
15687,158928
15688,440097
15689,970097
15690,792427
15691,785505
15692,882862
15693,890087
15694,147515
15695,524504
15696,733219
15697,128812
15698,975258
15699,496002
15700,994160
15701,458311
15702,464038
15703,249687
15704,380604
15705,416160
15706,111274
15707,304049
15708,975698
15709,739286
15710,830684
15711,420819
15712,596200
15713,350688
15714,910098
15715,420123
15716,604387
15717,283560
15718,405077
15719,814774
15720,614310
15721,930624
15722,675230
15723,367498
15724,860536
15725,852339
15726,509564
15727,688604
15728,982474
15729,503257
15730,277189
15731,250319
15732,796624
15733,137709
15734,495386
15735,773650
15736,411120
15737,555269
15738,748021
15739,988643
15740,349440
15741,933792
15742,155299
15743,925611
15744,187271
15745,706194
15746,895604
15747,790197
15748,383306
15749,412830
15750,553067
15751,260706
15752,135299
15753,184353
15754,722910
15755,716095
15756,813880
15757,761913
15758,429116
15759,484373
15760,395544
15761,152837
15762,787029
15763,749235
15764,580004
15765,390561
15766,795230
15767,949600
15768,556171
15769,932398
15770,233927
15771,643364
15772,319458
15773,434719
15774,292869
15775,560274
15776,760930
15777,121985
15778,237948
15779,399232
15780,900482
15781,736133
15782,735565
15783,676928
15784,727366
15785,560730
15786,668421
15787,497900
15788,296988
15789,977140
15790,474891
15791,447978
15792,112908
15793,273715
15794,344126
15795,825281
15796,456489
15797,352309
15798,907975
15799,958866
15800,865934
15801,927358
15802,678504
15803,889193
15804,650623
15805,180825
15806,407971
15807,279646
15808,364212
15809,521033
15810,189010
15811,843431
15812,943096
15813,794117
15814,583167
15815,694274
15816,742120
15817,355869
15818,671021
15819,934203
15820,968407
15821,296500
15822,216373
15823,986173
15824,248537
15825,233012
15826,897729
15827,734406
15828,609267
15829,157213
15830,280573
15831,720100
15832,617464
15833,802221
15834,880811
15835,784044
15836,794022
15837,625049
15838,448609
15839,496999
15840,802661
15841,962257
15842,230100
15843,900641
15844,647740
15845,369460
15846,206843
15847,833185
15848,969564
15849,776775
15850,776335
15851,745315
15852,701826
15853,598686
15854,221821
15855,447617
15856,506252
15857,941056
15858,390658
15859,138504
15860,170724
15861,452338
15862,740635
15863,594157
15864,587972
15865,579791
15866,664286
15867,188258
15868,565121
15869,924038
15870,681360
15871,394387
15872,519354
15873,413173
15874,266243
15875,980431
15876,730230
15877,839548
15878,893553
15879,955018
15880,562017
15881,342592
15882,621384
15883,847295
15884,334411
15885,172380
15886,388529
15887,873867
15888,695946
15889,215413
15890,331728
15891,200251
15892,128042
15893,525278
15894,758978
15895,119841
15896,719623
15897,810251
15898,128738
15899,585055
15900,792229
15901,273339
15902,917132
15903,246393
15904,345214
15905,701025
15906,631441
15907,908935
15908,614963
15909,737221
15910,191218
15911,523241
15912,675840
15913,640796
15914,559642
15915,116849
15916,373863
15917,478838
15918,618571
15919,285774
15920,645036
15921,125618
15922,555523
15923,502807
15924,912628
15925,982020
15926,171271
15927,494620
15928,310831
15929,595398
15930,879056
15931,276931
15932,204427
15933,707516
15934,846428
15935,475230
15936,637961
15937,454129
15938,605157
15939,822553
15940,878584
15941,989389
15942,586695
15943,823249
15944,738512
15945,604461
15946,429023
15947,894513
15948,675131
15949,151598
15950,212971
15951,508945
15952,894201
15953,484342
15954,729854
15955,492383
15956,797021
15957,739187
15958,653004
15959,925126
15960,393427
15961,895697
15962,895001
15963,389698
15964,974764
15965,589388
15966,595117
15967,689073
15968,277088
15969,442481
15970,268907
15971,791814
15972,473320
15973,752096
15974,345365
15975,167444
15976,631802
15977,385778
15978,984894
15979,191385
15980,920950
15981,760705
15982,684384
15983,614800
15984,205755
15985,952402
15986,717892
15987,849327
15988,439628
15989,921534
15990,121258
15991,567730
15992,132376
15993,496623
15994,303892
15995,346613
15996,182130
15997,725133
15998,810080
15999,864621
16000,710831
16001,810664
16002,687944
16003,513185
16004,440748
16005,113505
16006,142461
16007,907874
16008,466285
16009,266069
16010,937910
16011,505922
16012,337174
16013,953820
16014,438466
16015,858816
16016,430281
16017,601464
16018,741509
16019,256631
16020,262525
16021,540789
16022,906882
16023,793704
16024,248444
16025,471886
16026,448943
16027,173497
16028,986704
16029,549558
16030,407814
16031,338422
16032,565780
16033,766692
16034,364049
16035,809766
16036,127183
16037,608829
16038,512303
16039,429649
16040,846961
16041,203374
16042,192655
16043,838778
16044,780242
16045,698396
16046,605952
16047,359944
16048,902394
16049,947181
16050,351747
16051,221160
16052,923720
16053,333229
16054,485456
16055,673437
16056,486040
16057,862843
16058,434290
16059,812925
16060,756855
16061,602408
16062,418000
16063,502330
16064,879925
16065,178665
16066,556774
16067,502002
16068,462613
16069,365026
16070,731899
16071,854811
16072,681981
16073,510996
16074,924651
16075,530944
16076,854483
16077,844594
16078,573231
16079,643618
16080,772250
16081,170121
16082,996192
16083,628644
16084,217259
16085,211726
16086,954599
16087,613350
16088,292139
16089,516663
16090,754484
16091,245290
16092,360291
16093,999296
16094,938637
16095,910746
16096,177250
16097,746397
16098,911186
16099,417576
16100,702919
16101,224496
16102,497418
16103,417248
16104,625652
16105,942334
16106,471277
16107,695044
16108,711754
16109,958556
16110,311476
16111,817734
16112,233105
16113,598587
16114,907713
16115,668363
16116,753613
16117,213715
16118,465926
16119,368985
16120,191924
16121,900172
16122,328822
16123,607614
16124,858467
16125,185875
16126,528668
16127,152063
16128,536855
16129,838381
16130,964056
16131,614098
16132,193744
16133,428230
16134,517579
16135,939377
16136,831328
16137,989303
16138,948146
16139,145082
16140,979038
16141,830888
16142,932892
16143,366110
16144,887563
16145,855599
16146,186427
16147,116939
16148,286268
16149,644574
16150,302166
16151,349884
16152,146010
16153,577318
16154,978630
16155,823795
16156,223212
16157,465914
16158,700435
16159,831992
16160,264970
16161,800276
16162,314280
16163,815450
16164,640934
16165,369773
16166,282252
16167,670167
16168,801524
16169,355047
16170,975086
16171,504061
16172,581893
16173,408921
16174,558216
16175,156556
16176,670324
16177,416631
16178,380011
16179,792924
16180,215204
16181,263241
16182,856852
16183,810514
16184,641253
16185,200682
16186,189707
16187,287172
16188,917804
16189,818385
16190,246112
16191,376971
16192,752530
16193,823448
16194,631176
16195,254883
16196,298821
16197,599212
16198,693179
16199,151052
16200,313355
16201,205569
16202,728279
16203,150724
16204,527399
16205,806970
16206,841686
16207,197058
16208,155324
16209,764232
16210,672681
16211,964691
16212,705605
16213,802954
16214,845677
16215,904494
16216,796623
16217,940594
16218,997183
16219,146225
16220,503566
16221,819936
16222,697088
16223,419300
16224,614329
16225,366941
16226,375126
16227,529087
16228,714926
16229,852332
16230,956016
16231,343154
16232,814177
16233,536700
16234,675201
16235,194419
16236,979253
16237,990164
16238,869922
16239,699688
16240,638424
16241,665612
16242,596215
16243,219156
16244,446179
16245,500718
16246,511429
16247,812999
16248,531409
16249,154418
16250,756941
16251,723745
16252,210495
16253,318773
16254,195797
16255,538898
16256,644083
16257,804100
16258,333079
16259,573182
16260,705283
16261,731618
16262,485610
16263,697414
16264,602970
16265,772427
16266,548439
16267,911531
16268,674503
16269,962877
16270,203476
16271,334655
16272,284217
16273,754405
16274,529913
16275,963573
16276,202780
16277,730370
16278,260277
16279,135764
16280,391518
16281,135324
16282,143511
16283,351345
16284,425714
16285,671738
16286,347657
16287,449501
16288,986146
16289,583464
16290,625189
16291,387878
16292,425018
16293,575267
16294,371816
16295,842864
16296,565350
16297,319854
16298,678519
16299,399799
16300,364203
16301,407996
16302,937740
16303,221961
16304,265511
16305,907992
16306,506416
16307,916179
16308,142535
16309,884031
16310,769142
16311,456285
16312,142764
16313,824445
16314,647715
16315,615887
16316,607684
16317,608012
16318,953357
16319,761110
16320,347562
16321,417114
16322,541092
16323,387661
16324,601257
16325,741716
16326,131983
16327,387205
16328,671377
16329,471711
16330,987009
16331,608548
16332,480730
16333,372683
16334,758590
16335,119773
16336,119061
16337,817916
16338,520437
16339,534241
16340,160890
16341,292241
16342,931186
16343,722602
16344,621399
16345,284498
16346,797954
16347,143868
16348,309243
16349,821989
16350,444934
16351,690630
16352,493000
16353,452805
16354,932242
16355,538745
16356,896654
16357,394380
16358,966270
16359,426848
16360,731273
16361,241848
16362,486217
16363,126286
16364,394820
16365,310043
16366,494560
16367,828942
16368,139231
16369,981296
16370,470735
16371,250600
16372,688891
16373,819984
16374,870906
16375,664860
16376,795895
16377,389568
16378,310470
16379,519032
16380,811377
16381,532399
16382,125019
16383,332705
16384,971270
16385,454424
16386,176901
16387,144929
16388,468794
16389,268225
16390,261323
16391,770517
16392,621706
16393,124091
16394,509275
16395,955720
16396,487620
16397,156127
16398,819177
16399,362525
16400,898307
16401,189691
16402,582486
16403,750666
16404,827200
16405,263609
16406,774501
16407,935826
16408,834947
16409,985748
16410,751234
16411,503910
16412,920636
16413,150836
16414,567856
16415,490532
16416,709893
16417,369910
16418,222655
16419,447299
16420,824224
16421,623291
16422,345751
16423,498829
16424,159388
16425,482628
16426,205138
16427,183219
16428,841549
16429,432046
16430,415500
16431,499502
16432,214239
16433,551217
16434,856975
16435,718981
16436,889955
16437,400546
16438,521795
16439,890539
16440,759616
16441,524380
16442,670447
16443,986111
16444,215799
16445,826595
16446,249811
16447,416036
16448,783053
16449,985399
16450,450248
16451,574006
16452,412508
16453,691640
16454,979374
16455,227916
16456,739154
16457,546722
16458,468121
16459,275561
16460,947338
16461,116187
16462,846302
16463,437237
16464,846614
16465,763899
16466,729111
16467,613866
16468,483615
16469,204041
16470,940713
16471,419767
16472,442448
16473,747889
16474,179854
16475,137577
16476,340673
16477,724532
16478,652325
16479,532164
16480,837629
16481,154863
16482,821725
16483,579336
16484,737300
16485,493296
16486,780275
16487,745503
16488,122974
16489,161602
16490,538529
16491,931402
16492,367688
16493,621223
16494,654667
16495,561806
16496,716659
16497,476314
16498,893854
16499,673940
16500,805247
16501,226082
16502,410162
16503,501971
16504,278479
16505,820541
16506,981512
16507,628462
16508,494096
16509,372899
16510,117941
16511,957773
16512,426072
16513,162722
16514,234379
16515,434843
16516,284810
16517,677388
16518,962038
16519,322837
16520,150297
16521,647451
16522,892869
16523,406983
16524,280634
16525,848584
16526,560862
16527,866338
16528,927954
16529,158170
16530,884588
16531,623766
16532,422537
16533,222098
16534,456621
16535,166843
16536,543924
16537,255670
16538,584531
16539,175024
16540,889325
16541,180245
16542,616983
16543,565501
16544,232723
16545,288281
16546,678636
16547,897510
16548,157682
16549,521165
16550,843299
16551,338391
16552,741996
16553,994938
16554,671585
16555,496776
16556,549527
16557,417378
16558,794241
16559,347794
16560,694862
16561,793673
16562,112544
16563,388029
16564,601433
16565,156753
16566,897605
16567,434091
16568,442272
16569,817767
16570,280441
16571,441704
16572,950390
16573,199572
16574,520302
16575,592953
16576,379613
16577,934100
16578,968504
16579,694765
16580,615764
16581,534610
16582,523406
16583,568694
16584,840032
16585,369016
16586,297787
16587,908072
16588,799177
16589,474156
16590,414697
16591,668394
16592,987522
16593,655513
16594,912275
16595,269415
16596,418202
16597,225409
16598,741207
16599,872124
16600,519926
16601,293354
16602,611823
16603,242411
16604,285481
16605,854842
16606,637806
16607,252806
16608,445085
16609,746428
16610,467636
16611,629165
16612,391342
16613,169032
16614,738231
16615,324326
16616,485170
16617,313665
16618,952738
16619,759993
16620,891218
16621,151366
16622,960937
16623,840788
16624,961377
16625,231268
16626,859254
16627,482453
16628,718716
16629,439924
16630,223181
16631,415453
16632,824090
16633,701178
16634,577287
16635,222469
16636,533326
16637,767058
16638,371300
16639,128633
16640,400755
16641,625705
16642,504028
16643,172487
16644,966852
16645,389090
16646,985318
16647,450329
16648,554616
16649,307796
16650,979639
16651,168884
16652,604598
16653,578391
16654,219486
16655,492207
16656,475661
16657,653588
16658,366615
16659,291574
16660,428263
16661,236340
16662,160213
16663,683200
16664,886730
16665,781700
16666,657253
16667,696450
16668,269211
16669,495183
16670,795725
16671,242967
16672,887594
16673,125481
16674,644919
16675,200760
16676,571962
16677,258866
16678,349502
16679,179764
16680,913356
16681,145880
16682,595710
16683,740104
16684,187321
16685,201043
16686,572241
16687,286582
16688,886921
16689,811624
16690,630586
16691,446146
16692,604381
16693,459816
16694,262098
16695,546256
16696,665645
16697,797126
16698,691458
16699,658158
16700,964186
16701,763713
16702,930230
16703,151733
16704,621915
16705,846180
16706,653439
16707,509066
16708,517249
16709,124266
16710,719607
16711,917773
16712,371471
16713,925958
16714,649735
16715,128786
16716,147461
16717,609760
16718,641548
16719,189738
16720,842207
16721,120273
16722,440631
16723,480214
16724,935051
16725,574092
16726,591974
16727,967527
16728,472211
16729,975268
16730,695730
16731,751443
16732,568289
16733,815120
16734,440095
16735,860117
16736,238796
16737,736821
16738,141672
16739,272515
16740,175748
16741,385641
16742,264768
16743,700761
16744,584879
16745,661182
16746,113852
16747,119447
16748,918659
16749,330086
16750,189036
16751,127644
16752,927296
16753,642378
16754,766135
16755,712122
16756,950695
16757,457719
16758,139270
16759,625156
16760,826143
16761,975914
16762,750301
16763,496690
16764,802352
16765,702519
16766,995008
16767,288907
16768,398710
16769,534915
16770,205926
16771,122487
16772,238474
16773,616013
16774,708954
16775,928416
16776,677558
16777,624356
16778,506385
16779,916210
16780,776978
16781,422139
16782,785177
16783,833524
16784,701655
16785,575786
16786,166345
16787,246991
16788,995416
16789,556213
16790,880046
16791,348792
16792,780641
16793,278389
16794,636055
16795,795232
16796,511788
16797,958271
16798,319452
16799,804133
16800,234289
16801,723712
16802,242162
16803,467373
16804,445260
16805,383932
16806,553045
16807,169369
16808,667499
16809,910442
16810,628860
16811,383348
16812,673838
16813,395558
16814,538067
16815,561716
16816,955359
16817,853187
16818,152891
16819,508876
16820,404453
16821,561404
16822,954647
16823,569591
16824,144149
16825,308498
16826,990680
16827,779810
16828,501546
16829,545077
16830,972594
16831,868398
16832,153240
16833,508015
16834,115076
16835,722571
16836,516780
16837,324188
16838,438186
16839,654930
16840,780298
16841,462565
16842,452300
16843,461869
16844,772809
16845,146749
16846,382519
16847,748846
16848,217136
16849,588338
16850,757583
16851,511559
16852,958036
16853,565183
16854,519756
16855,686038
16856,526891
16857,840154
16858,639497
16859,677141
16860,439290
16861,184300
16862,238305
16863,701884
16864,353192
16865,255407
16866,544685
16867,143173
16868,247660
16869,776825
16870,157219
16871,851961
16872,616718
16873,642793
16874,520732
16875,399613
16876,766740
16877,750518
16878,794448
16879,834175
16880,165514
16881,262285
16882,915321
16883,794008
16884,347531
16885,173697
16886,880789
16887,290971
16888,894820
16889,404845
16890,715073
16891,894380
16892,586745
16893,779017
16894,460262
16895,738542
16896,738854
16897,510828
16898,374417
16899,724360
16900,365650
16901,803757
16902,418827
16903,250615
16904,988891
16905,419523
16906,141478
16907,577442
16908,298082
16909,175490
16910,159008
16911,527816
16912,514324
16913,606726
16914,905817
16915,111450
16916,215371
16917,826775
16918,303241
16919,985739
16920,793211
16921,140942
16922,966753
16923,128020
16924,479768
16925,148227
16926,504082
16927,993571
16928,634660
16929,774873
16930,943141
16931,472118
16932,767388
16933,156259
16934,733808
16935,440722
16936,371626
16937,513623
16938,312999
16939,679349
16940,532552
16941,507378
16942,622855
16943,415195
16944,684950
16945,841114
16946,290664
16947,867763
16948,606629
16949,764364
16950,332501
16951,435650
16952,756167
16953,510471
16954,374778
16955,863491
16956,764676
16957,258399
16958,878725
16959,689039
16960,754983
16961,283443
16962,185652
16963,955452
16964,570844
16965,894479
16966,116492
16967,375578
16968,901450
16969,797611
16970,267957
16971,384095
16972,412483
16973,219736
16974,176313
16975,585818
16976,136598
16977,604280
16978,168570
16979,812867
16980,681640
16981,713612
16982,564849
16983,201848
16984,731494
16985,348893
16986,301111
16987,795333
16988,772559
16989,391154
16990,462307
16991,786438
16992,502276
16993,315729
16994,161629
16995,396107
16996,570010
16997,161173
16998,673931
16999,902340
17000,667598
17001,135888
17002,267067
17003,798245
17004,869160
17005,606014
17006,938968
17007,444705
17008,690217
17009,790062
17010,135192
17011,938256
17012,694425
17013,833913
17014,355406
17015,173903
17016,379817
17017,338688
17018,148782
17019,642855
17020,189129
17021,575887
17022,701554
17023,745107
17024,590693
17025,983694
17026,113047
17027,213326
17028,498367
17029,667990
17030,481821
17031,647428
17032,130065
17033,677395
17034,289510
17035,735702
17036,489694
17037,677083
17038,142632
17039,247753
17040,174788
17041,297764
17042,576044
17043,265416
17044,497948
17045,422909
17046,876051
17047,583919
17048,660222
17049,198051
17050,928166
17051,639660
17052,122809
17053,859029
17054,961666
17055,907223
17056,224462
17057,625610
17058,549163
17059,216589
17060,165095
17061,456945
17062,256490
17063,541672
17064,802814
17065,906527
17066,131851
17067,241316
17068,372559
17069,407635
17070,119641
17071,399448
17072,156750
17073,288165
17074,329896
17075,866174
17076,127386
17077,534117
17078,512122
17079,888985
17080,617315
17081,804875
17082,115689
17083,508418
17084,682787
17085,292829
17086,161334
17087,516289
17088,962770
17089,691082
17090,135539
17091,698697
17092,177244
17093,722950
17094,565018
17095,812256
17096,888321
17097,293365
17098,538877
17099,932118
17100,327193
17101,862694
17102,426980
17103,426284
17104,812584
17105,651487
17106,154333
17107,564690
17108,620339
17109,772716
17110,138643
17111,452201
17112,178804
17113,217237
17114,348542
17115,444002
17116,949392
17117,462400
17118,579668
17119,795566
17120,548792
17121,601041
17122,742956
17123,985649
17124,581947
17125,303155
17126,750831
17127,132343
17128,800770
17129,164635
17130,239960
17131,558262
17132,432200
17133,864842
17134,533329
17135,532889
17136,692262
17137,175416
17138,345650
17139,984785
17140,977968
17141,792097
17142,353849
17143,701157
17144,254710
17145,542964
17146,414730
17147,692974
17148,585491
17149,230835
17150,431272
17151,606908
17152,816044
17153,239472
17154,953205
17155,204956
17156,490625
17157,768613
17158,680695
17159,294409
17160,644904
17161,235467
17162,714707
17163,756446
17164,154913
17165,243648
17166,450965
17167,626790
17168,310371
17169,180032
17170,982600
17171,828350
17172,645376
17173,324869
17174,335844
17175,729873
17176,837659
17177,683543
17178,754934
17179,683231
17180,921801
17181,586123
17182,909456
17183,901275
17184,299144
17185,970859
17186,492208
17187,144460
17188,307787
17189,596386
17190,852306
17191,563109
17192,325286
17193,334919
17194,236096
17195,291146
17196,894645
17197,930657
17198,622476
17199,136492
17200,947247
17201,878103
17202,499992
17203,491795
17204,939756
17205,830717
17206,331943
17207,195501
17208,201036
17209,117150
17210,680860
17211,194917
17212,234600
17213,764278
17214,697150
17215,696822
17216,450814
17217,997121
17218,179427
17219,660585
17220,507776
17221,446533
17222,345945
17223,415657
17224,507208
17225,800577
17226,281873
17227,614676
17228,728297
17229,440064
17230,327703
17231,806916
17232,522446
17233,868289
17234,607191
17235,860106
17236,815815
17237,985490
17238,140695
17239,263871
17240,634198
17241,905536
17242,424770
17243,751436
17244,842504
17245,441312
17246,719592
17247,759781
17248,687364
17249,890054
17250,688076
17251,558557
17252,856874
17253,733898
17254,566742
17255,156377
17256,576509
17257,991807
17258,761483
17259,709517
17260,323448
17261,736164
17262,322992
17263,677545
17264,158647
17265,281175
17266,633048
17267,574933
17268,873250
17269,583134
17270,433765
17271,127619
17272,889728
17273,951152
17274,526271
17275,678473
17276,534452
17277,853212
17278,682042
17279,368165
17280,569888
17281,202786
17282,839222
17283,893427
17284,508187
17285,476919
17286,421044
17287,698960
17288,990380
17289,779678
17290,308326
17291,606084
17292,644045
17293,812337
17294,854772
17295,957928
17296,117776
17297,403226
17298,293612
17299,202250
17300,382787
17301,602540
17302,773053
17303,259179
17304,981093
17305,478076
17306,887923
17307,812690
17308,364902
17309,477620
17310,210338
17311,780309
17312,995628
17313,813682
17314,847262
17315,561544
17316,342625
17317,395346
17318,123736
17319,658964
17320,910622
17321,177382
17322,597732
17323,869113
17324,260904
17325,938177
17326,135625
17327,383688
17328,143810
17329,541522
17330,633267
17331,833704
17332,505165
17333,663204
17334,417708
17335,379056
17336,825963
17337,994684
17338,703371
17339,934001
17340,851246
17341,280540
17342,888867
17343,817858
17344,642110
17345,189208
17346,897760
17347,241182
17348,112710
17349,753481
17350,575582
17351,876201
17352,544690
17353,667783
17354,908173
17355,969597
17356,694112
17357,568787
17358,150231
17359,482252
17360,848334
17361,184307
17362,727748
17363,858599
17364,770027
17365,866796
17366,328946
17367,607738
17368,132475
17369,873603
17370,704393
17371,600213
17372,223350
17373,592030
17374,249745
17375,581815
17376,472739
17377,479718
17378,818184
17379,898786
17380,733741
17381,432580
17382,507751
17383,984469
17384,345462
17385,307095
17386,214173
17387,353661
17388,385113
17389,599741
17390,978364
17391,473667
17392,622938
17393,113732
17394,362268
17395,769001
17396,807139
17397,282102
17398,183281
17399,760106
17400,815648
17401,282430
17402,230463
17403,318122
17404,564130
17405,802899
17406,125882
17407,294221
17408,427868
17409,836983
17410,756122
17411,510098
17412,268480
17413,664629
17414,603333
17415,311079
17416,627490
17417,781335
17418,138211
17419,773148
17420,325185
17421,517809
17422,806067
17423,536741
17424,151629
17425,720990
17426,476062
17427,721558
17428,405139
17429,763249
17430,366980
17431,204675
17432,657630
17433,412118
17434,299980
17435,770612
17436,546784
17437,971239
17438,577548
17439,878320
17440,219653
17441,343816
17442,622080
17443,721917
17444,964553
17445,921646
17446,228197
17447,299119
17448,997997
17449,747120
17450,276360
17451,227757
17452,393130
17453,194793
17454,325890
17455,803824
17456,764154
17457,286437
17458,680464
17459,340968
17460,235308
17461,326602
17462,411285
17463,697010
17464,800461
17465,883659
17466,473896
17467,944627
17468,791566
17469,264475
17470,254481
17471,631538
17472,542739
17473,648636
17474,290398
17475,960849
17476,514945
17477,859278
17478,336272
17479,974903
17480,800997
17481,634386
17482,993301
17483,592373
17484,792814
17485,320850
17486,156501
17487,279221
17488,725837
17489,951738
17490,650132
17491,917662
17492,641951
17493,363159
17494,898953
17495,733582
17496,414635
17497,344467
17498,150064
17499,727587
17500,867267
17501,360753
17502,866571
17503,481763
17504,336926
17505,816141
17506,976313
17507,750414
17508,872550
17509,497513
17510,188727
17511,817389
17512,758759
17513,857568
17514,959223
17515,288248
17516,809190
17517,244865
17518,621454
17519,847225
17520,931243
17521,646817
17522,570284
17523,853328
17524,722107
17525,360192
17526,605704
17527,452636
17528,260359
17529,637412
17530,745782
17531,779994
17532,789968
17533,637740
17534,126359
17535,486288
17536,195943
17537,572804
17538,530603
17539,862651
17540,394325
17541,820244
17542,251372
17543,270061
17544,418576
17545,302025
17546,740829
17547,452148
17548,494393
17549,904154
17550,812502
17551,757468
17552,319268
17553,201765
17554,333262
17555,932584
17556,835833
17557,372961
17558,170825
17559,973377
17560,829372
17561,259652
17562,547910
17563,444244
17564,179010
17565,348232
17566,627812
17567,138861
17568,995944
17569,161224
17570,647114
17571,861232
17572,655297
17573,184551
17574,730899
17575,674334
17576,931336
17577,351400
17578,780209
17579,501433
17580,998464
17581,359587
17582,492666
17583,779641
17584,872717
17585,601371
17586,224760
17587,906977
17588,131317
17589,548893
17590,793611
17591,915178
17592,967897
17593,525712
17594,287891
17595,642482
17596,927416
17597,400294
17598,809797
17599,897444
17600,919219
17601,945430
17602,421891
17603,456687
17604,352827
17605,297178
17606,497706
17607,544318
17608,946142
17609,378332
17610,791075
17611,884526
17612,398734
17613,840321
17614,954231
17615,816486
17616,183479
17617,124200
17618,814794
17619,955611
17620,437005
17621,116715
17622,236061
17623,536607
17624,483815
17625,645886
17626,204273
17627,778317
17628,500037
17629,468649
17630,939697
17631,797516
17632,454283
17633,219255
17634,947314
17635,724684
17636,155359
17637,964656
17638,706286
17639,863716
17640,610802
17641,393226
17642,286204
17643,855535
17644,258488
17645,904525
17646,781485
17647,781925
17648,940185
17649,584941
17650,298478
17651,908797
17652,631275
17653,777950
17654,992548
17655,591044
17656,882898
17657,141610
17658,960640
17659,321635
17660,439701
17661,482748
17662,718421
17663,397498
17664,522843
17665,774390
17666,496126
17667,457971
17668,164069
17669,882426
17670,416220
17671,792895
17672,774718
17673,935113
17674,688017
17675,409241
17676,239726
17677,533095
17678,231525
17679,320643
17680,710774
17681,733279
17682,810169
17683,312896
17684,215468
17685,542337
17686,172421
17687,449939
17688,751226
17689,782742
17690,793244
17691,286924
17692,313131
17693,926439
17694,898555
17695,864791
17696,423004
17697,542889
17698,264609
17699,167278
17700,265065
17701,891864
17702,568008
17703,961003
17704,190691
17705,514547
17706,921100
17707,952800
17708,615146
17709,863375
17710,125547
17711,932991
17712,235414
17713,855172
17714,209593
17715,844973
17716,155572
17717,532311
17718,365749
17719,688643
17720,879553
17721,555738
17722,814441
17723,404874
17724,674953
17725,428653
17726,837702
17727,645469
17728,374878
17729,955824
17730,622266
17731,185528
17732,715174
17733,546041
17734,411655
17735,586198
17736,596791
17737,293138
17738,652016
17739,531161
17740,373040
17741,564533
17742,477985
17743,394791
17744,879751
17745,594065
17746,409961
17747,494467
17748,995697
17749,973144
17750,872004
17751,548703
17752,502080
17753,587960
17754,861665
17755,368403
17756,646683
17757,893125
17758,730818
17759,203740
17760,404172
17761,507949
17762,753957
17763,938140
17764,493411
17765,383637
17766,980859
17767,597105
17768,586840
17769,252342
17770,972216
17771,459335
17772,417081
17773,794074
17774,662577
17775,233032
17776,766806
17777,608583
17778,320174
17779,480697
17780,240779
17781,617348
17782,958597
17783,188813
17784,534146
17785,363883
17786,466143
17787,377869
17788,414481
17789,937476
17790,685404
17791,647744
17792,858554
17793,431027
17794,928065
17795,534698
17796,900701
17797,229472
17798,727705
17799,761205
17800,344714
17801,799378
17802,544388
17803,832894
17804,598337
17805,247365
17806,945580
17807,506451
17808,983201
17809,884060
17810,900606
17811,866834
17812,281098
17813,205860
17814,840251
17815,676924
17816,742036
17817,296064
17818,574856
17819,425617
17820,131719
17821,387469
17822,663442
17823,750239
17824,872887
17825,355497
17826,994378
17827,818164
17828,565253
17829,843483
17830,805711
17831,646584
17832,538457
17833,731049
17834,529818
17835,722282
17836,839275
17837,805255
17838,123502
17839,467751
17840,351962
17841,267228
17842,453069
17843,459236
17844,252437
17845,274719
17846,822253
17847,341943
17848,957877
17849,672908
17850,327573
17851,723338
17852,242552
17853,972851
17854,903363
17855,418497
17856,780579
17857,950228
17858,250941
17859,781291
17860,655626
17861,146452
17862,903691
17863,417801
17864,740364
17865,121630
17866,815351
17867,953062
17868,440312
17869,191461
17870,929737
17871,640195
17872,290602
17873,121302
17874,264303
17875,499571
17876,591529
17877,133964
17878,908632
17879,559085
17880,279489
17881,750972
17882,472180
17883,257925
17884,906096
17885,457814
17886,935588
17887,581800
17888,500520
17889,979771
17890,877607
17891,822286
17892,468492
17893,604914
17894,404548
17895,653904
17896,846667
17897,563037
17898,571222
17899,396367
17900,204700
17901,963701
17902,595153
17903,773835
17904,996657
17905,302587
17906,555796
17907,146423
17908,781320
17909,589048
17910,595481
17911,235096
17912,764742
17913,195413
17914,486818
17915,855370
17916,957014
17917,401572
17918,117094
17919,479073
17920,803460
17921,626846
17922,949140
17923,657282
17924,219025
17925,442726
17926,688238
17927,250549
17928,697005
17929,603569
17930,680463
17931,478730
17932,209436
17933,571413
17934,644376
17935,540665
17936,235003
17937,610364
17938,837323
17939,855073
17940,845504
17941,531770
17942,384374
17943,789129
17944,830830
17945,947644
17946,645624
17947,613908
17948,193558
17949,316918
17950,814852
17951,529170
17952,721194
17953,613596
17954,160050
17955,124462
17956,618159
17957,856761
17958,959918
17959,331692
17960,533417
17961,864378
17962,331108
17963,199823
17964,856177
17965,687255
17966,759414
17967,743124
17968,634053
17969,263980
17970,424657
17971,625870
17972,751327
17973,582083
17974,827165
17975,582411
17976,303619
17977,257774
17978,905755
17979,522589
17980,768085
17981,640424
17982,737209
17983,527754
17984,559718
17985,728442
17986,710544
17987,736625
17988,196719
17989,191118
17990,567917
17991,214817
17992,584995
17993,916536
17994,777688
17995,970251
17996,631533
17997,751863
17998,919495
17999,565707
18000,712446
18001,809209
18002,926980
18003,650757
18004,533743
18005,181227
18006,480540
18007,720629
18008,968109
18009,173230
18010,549225
18011,224396
18012,256864
18013,568619
18014,677690
18015,928556
18016,237774
18017,515288
18018,717333
18019,439069
18020,892659
18021,122875
18022,157932
18023,489975
18024,134497
18025,544130
18026,776862
18027,785045
18028,916350
18029,418575
18030,941585
18031,602871
18032,655884
18033,502573
18034,217303
18035,879650
18036,995796
18037,844166
18038,651421
18039,285556
18040,611762
18041,643678
18042,538815
18043,757672
18044,352020
18045,260376
18046,798148
18047,829992
18048,699331
18049,597204
18050,587317
18051,821795
18052,789967
18053,962704
18054,508040
18055,654461
18056,853895
18057,621457
18058,283996
18059,537695
18060,237149
18061,861508
18062,493229
18063,666948
18064,453536
18065,220508
18066,274874
18067,177525
18068,746122
18069,459657
18070,421508
18071,291900
18072,730564
18073,484868
18074,367637
18075,654614
18076,628403
18077,382907
18078,594271
18079,879945
18080,740521
18081,973406
18082,903270
18083,270233
18084,462697
18085,217972
18086,147065
18087,201786
18088,426701
18089,402730
18090,434886
18091,319291
18092,957712
18093,241941
18094,531223
18095,195603
18096,835814
18097,954216
18098,238445
18099,892824
18100,524144
18101,398737
18102,150340
18103,481887
18104,907806
18105,297485
18106,448507
18107,977637
18108,113437
18109,659743
18110,790772
18111,414431
18112,274210
18113,946113
18114,824784
18115,198762
18116,525711
18117,148844
18118,686778
18119,400313
18120,766032
18121,642477
18122,663039
18123,112637
18124,942569
18125,457488
18126,881617
18127,976077
18128,505054
18129,942881
18130,139817
18131,688575
18132,904530
18133,796595
18134,268973
18135,419664
18136,871102
18137,828055
18138,796027
18139,940166
18140,194855
18141,571844
18142,186668
18143,956452
18144,155328
18145,680214
18146,195567
18147,869982
18148,666296
18149,307626
18150,822452
18151,308066
18152,586346
18153,877725
18154,446111
18155,947309
18156,939110
18157,578145
18158,653346
18159,714962
18160,517340
18161,186116
18162,375778
18163,200598
18164,312471
18165,371098
18166,409222
18167,649818
18168,240313
18169,759719
18170,960183
18171,155731
18172,782562
18173,132886
18174,496097
18175,223443
18176,985552
18177,282523
18178,684910
18179,522380
18180,129383
18181,490920
18182,867659
18183,183124
18184,560055
18185,281939
18186,385276
18187,113889
18188,246044
18189,591379
18190,882893
18191,377407
18192,141621
18193,944189
18194,859179
18195,281656
18196,815398
18197,648473
18198,528376
18199,615157
18200,482816
18201,840713
18202,606974
18203,640274
18204,692908
18205,824135
18206,272821
18207,551101
18208,743494
18209,599923
18210,744078
18211,265078
18212,273277
18213,823695
18214,214939
18215,558652
18216,842273
18217,733483
18218,432834
18219,199733
18220,734179
18221,993456
18222,634551
18223,800832
18224,415912
18225,215475
18226,172882
18227,582009
18228,793219
18229,140918
18230,495754
18231,586497
18232,219395
18233,947462
18234,419859
18235,454655
18236,997376
18237,299210
18238,228288
18239,268070
18240,629956
18241,145094
18242,276269
18243,475728
18244,193708
18245,570447
18246,324935
18247,870685
18248,948710
18249,310305
18250,626724
18251,451031
18252,604099
18253,531840
18254,435865
18255,187023
18256,200805
18257,644970
18258,366178
18259,393598
18260,435281
18261,855635
18262,116919
18263,925347
18264,274539
18265,980836
18266,699257
18267,798646
18268,545696
18269,252329
18270,779447
18271,334048
18272,237287
18273,813304
18274,561610
18275,507954
18276,284462
18277,334376
18278,138603
18279,820857
18280,949352
18281,988077
18282,981324
18283,594502
18284,462520
18285,854293
18286,765721
18287,333512
18288,519385
18289,735301
18290,489805
18291,769961
18292,361308
18293,149597
18294,717487
18295,314514
18296,482190
18297,858989
18298,526966
18299,761194
18300,808555
18301,769377
18302,867174
18303,198547
18304,329336
18305,273467
18306,753091
18307,883752
18308,306135
18309,907527
18310,992022
18311,832522
18312,447714
18313,143128
18314,338011
18315,480678
18316,407723
18317,127914
18318,897698
18319,329808
18320,189274
18321,565617
18322,232607
18323,907055
18324,601301
18325,987133
18326,995318
18327,262680
18328,488974
18329,958961
18330,288510
18331,818155
18332,617200
18333,557073
18334,850951
18335,726797
18336,207067
18337,616504
18338,851663
18339,959289
18340,663437
18341,296095
18342,994389
18343,237855
18344,808704
18345,639479
18346,329491
18347,205883
18348,631930
18349,983670
18350,414309
18351,274328
18352,785220
18353,590165
18354,422054
18355,501812
18356,911575
18357,390594
18358,580367
18359,588548
18360,179175
18361,146443
18362,382721
18363,511417
18364,888154
18365,372804
18366,757369
18367,118426
18368,234348
18369,966505
18370,705407
18371,169412
18372,360142
18373,821562
18374,444889
18375,946659
18376,990446
18377,421110
18378,211619
18379,237452
18380,403824
18381,529797
18382,922734
18383,706626
18384,570815
18385,894116
18386,324791
18387,159864
18388,236185
18389,475496
18390,814214
18391,137021
18392,901417
18393,420651
18394,276189
18395,468525
18396,778753
18397,412136
18398,997872
18399,738790
18400,125260
18401,186807
18402,652377
18403,155227
18404,154771
18405,618877
18406,393358
18407,748485
18408,595512
18409,146390
18410,171057
18411,997336
18412,547318
18413,796128
18414,145694
18415,443108
18416,585377
18417,944294
18418,743862
18419,222376
18420,465086
18421,514076
18422,559588
18423,807445
18424,899644
18425,684349
18426,943758
18427,874101
18428,457847
18429,574026
18430,906065
18431,943174
18432,215107
18433,881846
18434,959716
18435,865272
18436,725528
18437,618469
18438,239850
18439,687581
18440,759612
18441,524320
18442,147651
18443,850906
18444,313028
18445,842705
18446,767799
18447,472382
18448,449815
18449,458012
18450,864347
18451,362593
18452,339846
18453,409462
18454,370794
18455,918120
18456,649570
18457,550950
18458,874806
18459,298697
18460,576777
18461,265197
18462,141837
18463,622607
18464,214784
18465,159043
18466,490584
18467,204869
18468,649034
18469,514423
18470,369802
18471,482971
18472,867955
18473,737176
18474,491152
18475,676501
18476,807806
18477,887788
18478,340254
18479,845537
18480,293912
18481,803790
18482,294608
18483,732968
18484,317751
18485,680494
18486,510407
18487,250516
18488,688775
18489,310458
18490,219056
18491,146109
18492,258135
18493,796227
18494,827823
18495,518116
18496,483336
18497,729344
18498,886212
18499,517420
18500,537400
18501,645593
18502,605112
18503,546485
18504,789160
18505,412235
18506,285085
18507,803976
18508,394915
18509,519234
18510,723629
18511,941304
18512,588532
18513,655589
18514,949491
18515,277520
18516,382009
18517,587836
18518,123777
18519,529525
18520,508513
18521,885378
18522,722509
18523,862125
18524,458763
18525,902916
18526,670910
18527,592965
18528,750008
18529,783956
18530,505692
18531,112311
18532,663165
18533,471672
18534,742267
18535,857566
18536,726069
18537,156717
18538,843572
18539,866077
18540,642279
18541,851447
18542,113239
18543,785076
18544,632202
18545,344933
18546,213646
18547,143235
18548,198080
18549,323274
18550,361415
18551,280877
18552,315073
18553,122130
18554,708855
18555,876315
18556,991974
18557,552459
18558,915708
18559,113140
18560,624162
18561,884184
18562,991278
18563,543944
18564,535437
18565,130162
18566,677488
18567,191618
18568,568417
18569,709460
18570,361132
18571,122545
18572,727486
18573,549611
18574,505087
18575,165359
18576,967911
18577,671189
18578,872755
18579,994510
18580,986309
18581,379850
18582,548899
18583,958826
18584,897434
18585,757882
18586,240996
18587,149381
18588,617067
18589,758450
18590,651087
18591,533925
18592,156998
18593,189098
18594,954833
18595,682539
18596,762049
18597,805835
18598,730597
18599,153085
18600,754178
18601,813320
18602,722414
18603,587191
18604,308855
18605,998526
18606,293429
18607,154581
18608,117961
18609,843980
18610,341499
18611,477190
18612,209936
18613,643860
18614,731397
18615,836111
18616,656198
18617,251065
18618,627802
18619,820545
18620,348862
18621,872363
18622,828746
18623,697505
18624,493732
18625,772524
18626,547960
18627,225686
18628,588703
18629,215289
18630,424425
18631,263188
18632,464100
18633,354585
18634,801730
18635,132919
18636,943668
18637,347098
18638,617879
18639,279386
18640,725666
18641,320701
18642,865090
18643,114184
18644,823493
18645,916936
18646,423873
18647,908739
18648,875055
18649,599609
18650,354097
18651,121733
18652,841611
18653,929178
18654,768877
18655,929618
18656,768421
18657,559454
18658,205660
18659,238768
18660,528050
18661,855505
18662,531658
18663,286474
18664,201703
18665,194822
18666,163562
18667,580712
18668,827518
18669,138087
18670,904563
18671,912760
18672,948836
18673,437043
18674,428856
18675,159938
18676,324621
18677,614372
18678,630598
18679,947276
18680,979872
18681,307595
18682,998274
18683,830622
18684,675455
18685,562277
18686,955790
18687,212583
18688,244107
18689,683636
18690,754837
18691,886710
18692,203940
18693,396735
18694,929953
18695,797209
18696,168904
18697,831293
18698,454622
18699,630317
18700,979659
18701,989226
18702,317837
18703,855666
18704,487066
18705,803700
18706,163713
18707,803260
18708,427699
18709,724305
18710,904912
18711,603434
18712,551508
18713,630974
18714,543327
18715,599890
18716,499331
18717,133236
18718,264607
18719,786304
18720,361531
18721,760005
18722,482537
18723,841440
18724,929009
18725,703662
18726,464711
18727,966840
18728,935764
18729,388438
18730,943967
18731,913475
18732,380821
18733,993425
18734,574363
18735,758821
18736,239931
18737,856610
18738,362715
18739,641819
18740,617724
18741,377907
18742,784582
18743,693707
18744,166110
18745,907558
18746,667876
18747,297981
18748,552210
18749,659695
18750,198578
18751,900267
18752,685994
18753,515139
18754,892064
18755,150196
18756,716870
18757,337490
18758,919924
18759,928127
18760,825864
18761,872674
18762,541177
18763,288692
18764,897099
18765,758627
18766,192771
18767,538124
18768,211233
18769,152620
18770,730164
18771,467570
18772,177285
18773,972166
18774,738161
18775,452760
18776,266305
18777,666804
18778,771669
18779,737721
18780,519416
18781,364805
18782,611625
18783,765752
18784,932303
18785,511547
18786,548705
18787,941706
18788,493941
18789,443507
18790,147337
18791,502710
18792,277674
18793,178861
18794,636744
18795,494525
18796,426582
18797,966472
18798,896952
18799,672946
18800,530756
18801,319392
18802,187979
18803,854111
18804,958275
18805,812954
18806,896368
18807,911934
18808,781269
18809,277953
18810,146474
18811,452571
18812,663871
18813,390627
18814,820731
18815,722260
18816,283820
18817,123472
18818,161100
18819,123032
18820,245102
18821,682641
18822,561280
18823,135361
18824,453435
18825,658900
18826,143562
18827,659228
18828,143874
18829,690416
18830,300046
18831,416876
18832,593300
18833,173974
18834,224636
18835,934265
18836,775494
18837,995004
18838,355935
18839,694336
18840,783693
18841,330010
18842,233245
18843,512768
18844,686313
18845,809921
18846,174966
18847,247419
18848,246963
18849,305237
18850,598967
18851,631899
18852,544442
18853,858351
18854,230397
18855,323355
18856,237886
18857,647645
18858,314840
18859,615985
18860,461529
18861,310734
18862,250152
18863,555818
18864,250848
18865,627459
18866,656415
18867,410903
18868,739609
18869,302861
18870,325704
18871,618850
18872,491989
18873,136994
18874,136682
18875,831219
18876,308198
18877,861015
18878,484276
18879,243781
18880,212905
18881,185672
18882,846709
18883,721023
18884,343178
18885,212321
18886,921956
18887,151660
18888,806034
18889,428957
18890,951536
18891,850189
18892,918300
18893,959739
18894,190267
18895,321232
18896,200154
18897,278839
18898,687554
18899,759587
18900,513579
18901,943193
18902,496557
18903,676833
18904,929783
18905,398057
18906,615194
18907,150588
18908,121632
18909,362301
18910,606681
18911,327889
18912,584822
18913,993143
18914,700800
18915,669292
18916,936114
18917,499533
18918,353628
18919,791876
18920,551250
18921,204890
18922,439981
18923,362070
18924,191152
18925,431214
18926,491151
18927,230773
18928,921239
18929,465354
18930,141530
18931,273401
18932,969981
18933,936721
18934,908301
18935,423439
18936,566963
18937,363190
18938,286807
18939,147895
18940,479404
18941,440909
18942,951707
18943,370805
18944,128104
18945,935225
18946,775118
18947,600855
18948,944122
18949,823187
18950,779125
18951,657812
18952,948042
18953,276393
18954,596908
18955,830800
18956,359087
18957,136777
18958,392515
18959,261288
18960,186091
18961,325387
18962,428094
18963,160708
18964,537383
18965,529196
18966,846038
18967,782229
18968,982670
18969,310893
18970,904821
18971,258688
18972,137313
18973,773462
18974,547402
18975,696411
18976,949162
18977,863252
18978,653285
18979,924911
18980,243462
18981,811994
18982,243150
18983,234949
18984,803793
18985,194760
18986,493560
18987,266468
18988,911120
18989,990465
18990,220169
18991,177184
18992,690494
18993,637381
18994,654987
18995,716411
18996,954989
18997,192934
18998,437691
18999,561486
19000,153153
19001,987617
19002,556295
19003,138735
19004,580320
19005,996130
19006,494032
19007,911672
19008,820277
19009,896630
19010,731833
19011,369619
19012,607548
19013,323285
19014,900110
19015,677636
19016,289777
19017,229627
19018,329468
19019,456357
19020,506787
19021,474191
19022,983377
19023,776296
19024,832654
19025,525530
19026,180509
19027,330268
19028,288529
19029,157434
19030,173656
19031,549207
19032,834214
19033,968083
19034,417642
19035,942708
19036,270999
19037,448646
19038,950654
19039,480897
19040,188541
19041,809828
19042,897413
19043,951222
19044,616636
19045,480329
19046,758445
19047,994841
19048,632862
19049,549620
19050,416969
19051,784160
19052,505384
19053,112579
19054,248382
19055,262463
19056,906944
19057,355378
19058,463311
19059,900453
19060,708995
19061,866953
19062,490090
19063,150394
19064,817039
19065,407404
19066,406948
19067,329055
19068,130725
19069,222193
19070,297211
19071,166872
19072,576315
19073,969424
19074,543959
19075,386878
19076,916011
19077,493755
19078,772531
19079,390470
19080,382285
19081,588104
19082,749140
19083,417938
19084,772987
19085,486106
19086,395223
19087,467900
19088,771411
19089,492635
19090,971848
19091,737399
19092,789658
19093,931369
19094,893237
19095,613071
19096,861913
19097,437456
19098,722745
19099,846899
19100,954830
19101,153386
19102,484594
19103,805148
19104,841620
19105,191329
19106,568194
19107,231020
19108,614760
19109,859518
19110,482717
19111,728669
19112,483157
19113,121170
19114,159301
19115,431551
19116,917279
19117,306956
19118,214022
19119,599590
19120,823514
19121,507188
19122,441244
19123,363367
19124,865117
19125,320674
19126,767322
19127,810576
19128,120242
19129,774687
19130,801045
19131,626665
19132,782556
19133,550848
19134,215598
19135,989534
19136,822850
19137,869544
19138,971700
19139,797093
19140,797549
19141,261497
19142,359294
19143,979319
19144,822410
19145,445545
19146,325338
19147,930261
19148,805928
19149,517674
19150,396491
19151,922078
19152,204568
19153,664750
19154,795973
19155,974676
19156,179799
19157,688969
19158,145851
19159,555920
19160,688513
19161,450690
19162,997245
19163,510657
19164,117546
19165,933173
19166,610771
19167,863685
19168,571898
19169,964625
19170,811531
19171,531997
19172,855814
19173,781799
19174,349950
19175,879584
19176,469763
19177,795694
19178,461248
19179,803691
19180,652695
19181,401739
19182,243644
19183,837199
19184,420581
19185,901351
19186,136947
19187,168223
19188,948208
19189,460064
19190,436367
19191,814976
19192,152437
19193,366708
19194,930422
19195,397160
19196,806795
19197,654271
19198,317370
19199,864822
19200,331560
19201,679632
19202,890321
19203,479966
19204,782775
19205,913500
19206,625738
19207,695482
19208,172452
19209,458169
19210,935299
19211,695922
19212,282318
19213,406323
19214,921133
19215,522713
19216,737085
19217,710108
19218,999907
19219,151021
19220,920805
19221,669629
19222,498772
19223,824185
19224,743544
19225,908927
19226,499356
19227,534179
19228,525408
19229,650881
19230,442233
19231,663256
19232,934597
19233,802616
19234,355811
19235,834076
19236,270565
19237,369057
19238,526920
19239,848306
19240,735923
19241,867160
19242,198573
19243,130492
19244,808093
19245,900732
19246,639594
19247,197989
19248,369513
19249,876245
19250,422715
19251,377900
19252,447708
19253,659696
19254,552205
19255,221416
19256,880238
19257,772194
19258,170681
19259,772778
19260,636759
19261,382548
19262,470085
19263,673550
19264,835849
19265,924435
19266,293171
19267,126916
19268,136061
19269,413536
19270,991091
19271,690564
19272,587441
19273,220339
19274,691020
19275,501577
19276,911274
19277,391871
19278,654585
19279,707586
19280,893484
19281,847658
19282,754636
19283,115503
19284,260671
19285,972346
19286,902146
19287,628767
19288,659203
19289,690415
19290,292024
19291,517028
19292,708513
19293,853152
19294,561751
19295,813485
19296,569492
19297,516460
19298,893327
19299,225587
19300,580401
19301,138302
19302,390964
19303,628279
19304,880389
19305,749294
19306,795139
19307,138998
19308,664552
19309,872206
19310,226299
19311,462829
19312,757319
19313,972818
19314,319423
19315,932467
19316,333725
19317,485984
19318,403302
19319,812933
19320,639745
19321,150464
19322,728019
19323,693879
19324,305794
19325,506482
19326,422040
19327,875894
19328,598952
19329,222027
19330,456124
19331,274342
19332,951052
19333,441874
19334,320484
19335,898039
19336,735032
19337,617166
19338,950724
19339,118844
19340,131182
19341,387940
19342,540813
19343,425080
19344,942445
19345,826236
19346,583530
19347,216992
19348,417467
19349,496721
19350,601928
19351,296097
19352,702548
19353,873310
19354,672385
19355,154972
19356,680002
19357,563795
19358,208977
19359,195259
19360,294076
19361,163159
19362,381203
19363,580893
19364,461577
19365,451048
19366,870690
19367,688675
19368,845933
19369,475759
19370,235934
19371,536916
19372,483500
19373,509771
19374,604956
19375,136946
19376,691211
19377,546009
19378,905302
19379,264105
19380,742993
19381,458168
19382,294981
19383,834907
19384,703664
19385,914069
19386,287268
19387,810810
19388,331561
19389,864823
19390,734172
19391,719158
19392,279087
19393,818681
19394,687122
19395,850453
19396,925711
19397,455000
19398,223151
19399,298149
19400,669628
19401,936874
19402,385448
19403,543297
19404,622763
19405,506974
19406,214948
19407,692315
19408,306790
19409,631400
19410,701080
19411,182472
19412,567328
19413,768536
19414,327937
19415,370406
19416,909077
19417,576710
19418,908765
19419,978214
19420,473817
19421,335969
19422,370573
19423,121171
19424,406105
19425,921415
19426,483156
19427,230565
19428,541954
19429,416252
19430,304109
19431,346380
19432,172550
19433,826427
19434,793559
19435,263874
19436,408689
19437,733311
19438,679282
19439,810577
19440,189768
19441,488383
19442,688049
19443,613682
19444,721092
19445,404673
19446,922391
19447,570651
19448,893952
19449,989535
19450,778917
19451,275633
19452,227420
19453,299422
19454,939665
19455,638363
19456,990103
19457,845614
19458,863684
19459,195536
19460,518859
19461,845286
19462,870473
19463,795972
19464,878658
19465,469153
19466,442504
19467,389235
19468,419695
19469,827488
19470,429736
19471,612540
19472,193214
19473,762541
19474,754342
19475,342463
19476,476226
19477,621183
19478,722818
19479,153489
19480,853609
19481,114829
19482,753774
19483,931474
19484,334716
19485,780075
19486,629462
19487,445230
19488,990417
19489,972347
19490,135391
19491,493096
19492,797738
19493,391453
19494,421377
19495,998930
19496,220945
19497,946964
19498,958301
19499,888749
19500,520005
19501,538961
19502,426568
19503,195734
19504,888165
19505,957845
19506,187549
19507,973531
19508,740396
19509,588603
19510,146484
19511,656354
19512,443654
19513,942079
19514,247397
19515,213385
19516,752791
19517,422481
19518,134727
19519,255142
19520,832862
19521,660306
19522,197647
19523,329188
19524,504923
19525,583075
19526,471991
19527,165195
19528,906419
19529,241416
19530,898038
19531,188942
19532,959238
19533,157482
19534,400188
19535,127030
19536,766165
19537,897342
19538,270892
19539,448573
19540,456758
19541,296395
19542,967976
19543,671442
19544,934596
19545,933900
19546,262383
19547,347625
19548,749852
19549,442232
19550,407700
19551,650880
19552,329839
19553,712315
19554,977347
19555,824382
19556,112699
19557,414513
19558,273412
19559,616260
19560,407228
19561,677823
19562,569190
19563,892534
19564,858522
19565,481657
19566,561005
19567,723137
19568,538682
19569,656009
19570,741263
19571,259453
19572,548735
19573,636758
19574,556476
19575,621332
19576,244763
19577,707587
19578,485354
19579,730850
19580,708299
19581,324158
19582,260509
19583,360346
19584,351577
19585,169560
19586,391870
19587,167740
19588,499239
19589,447265
19590,944923
19591,630810
19592,936720
19593,700650
19594,684104
19595,182970
19596,841284
19597,536438
19598,482949
19599,514409
19600,303676
19601,696009
19602,271824
19603,249562
19604,111399
19605,541907
19606,704194
19607,457986
19608,835041
19609,905452
19610,380409
19611,751328
19612,331099
19613,190033
19614,558777
19615,759369
19616,818499
19617,513417
19618,618128
19619,362623
19620,621800
19621,291046
19622,706871
19623,837852
19624,193577
19625,212675
19626,529197
19627,971364
19628,666014
19629,947587
19630,307268
19631,658269
19632,909399
19633,797373
19634,870320
19635,732670
19636,318433
19637,435740
19638,563945
19639,924910
19640,401904
19641,286405
19642,652588
19643,887098
19644,956874
19645,724797
19646,427231
19647,803792
19648,310892
19649,145515
19650,627305
19651,495255
19652,461179
19653,171332
19654,381353
19655,242852
19656,340643
19657,186793
19658,201539
19659,393360
19660,294253
19661,714367
19662,478614
19663,974119
19664,796470
19665,218821
19666,989133
19667,503799
19668,460816
19669,324777
19670,375655
19671,204139
19672,124794
19673,645732
19674,176324
19675,831218
19676,546056
19677,657662
19678,788757
19679,573596
19680,774252
19681,782439
19682,592502
19683,695658
19684,550323
19685,164535
19686,440815
19687,331512
19688,610288
19689,362772
19690,567257
19691,487885
19692,339003
19693,208336
19694,240188
19695,944752
19696,298940
19697,246609
19698,114348
19699,307127
19700,785999
19701,752035
19702,527894
19703,282070
19704,327888
19705,196923
19706,736293
19707,640564
19708,710340
19709,522945
19710,906249
19711,802536
19712,873445
19713,583633
19714,749773
19715,262462
19716,256564
19717,720233
19718,338813
19719,180343
19720,512364
19721,534387
19722,363674
19723,330614
19724,565407
19725,433258
19726,565847
19727,399694
19728,312148
19729,584185
19730,174362
19731,824815
19732,466918
19733,667947
19734,798912
19735,386879
19736,198269
19737,523655
19738,560244
19739,206454
19740,927920
19741,901036
19742,341805
19743,723928
19744,154571
19745,519479
19746,202445
19747,511988
19748,888599
19749,713713
19750,270246
19751,382284
19752,949638
19753,646434
19754,682237
19755,754204
19756,730619
19757,202981
19758,877406
19759,999080
19760,737982
19761,421563
19762,637543
19763,544902
19764,453535
19765,876950
19766,438130
19767,885404
19768,395413
19769,123807
19770,236714
19771,654402
19772,153152
19773,508087
19774,561487
19775,972778
19776,998667
19777,143621
19778,946189
19779,352043
19780,611725
19781,327268
19782,757655
19783,565095
19784,651426
19785,765268
19786,426321
19787,462069
19788,259527
19789,494033
19790,664120
19791,996131
19792,390188
19793,697812
19794,987944
19795,178369
19796,410427
19797,386644
19798,544189
19799,744781
19800,344499
19801,752966
19802,448175
19803,824908
19804,273598
19805,247164
19806,915849
19807,824452
19808,701796
19809,398533
19810,490240
19811,647186
19812,727555
19813,183804
19814,206621
19815,449103
19816,541021
19817,387764
19818,775305
19819,906594
19820,541589
19821,995187
19822,348059
19823,582770
19824,881285
19825,686374
19826,372530
19827,719874
19828,557567
19829,758031
19830,817669
19831,252935
19832,453911
19833,492242
19834,963972
19835,537475
19836,886143
19837,283264
19838,436369
19839,814422
19840,921771
19841,683197
19842,160168
19843,244546
19844,571047
19845,483507
19846,796408
19847,547566
19848,996872
19849,442876
19850,555749
19851,503025
19852,948678
19853,276773
19854,724888
19855,373889
19856,286304
19857,163712
19858,200773
19859,863408
19860,732507
19861,644938
19862,803261
19863,671830
19864,895836
19865,435897
19866,957351
19867,208974
19868,431306
19869,205366
19870,649201
19871,196853
19872,551509
19873,799872
19874,599451
19875,214387
19876,272789
19877,623228
19878,141438
19879,850114
19880,401350
19881,128204
19882,231729
19883,156624
19884,733451
19885,566807
19886,650001
19887,917531
19888,801448
19889,993880
19890,626332
19891,155763
19892,147576
19893,917872
19894,239697
19895,679845
19896,521292
19897,641209
19898,189783
19899,827116
19900,354584
19901,263189
19902,801035
19903,132918
19904,670248
19905,573497
19906,600792
19907,335998
19908,440162
19909,920976
19910,121732
19911,891532
19912,522852
19913,768876
19914,736840
19915,607157
19916,522412
19917,282555
19918,370010
19919,815781
19920,559455
19921,860072
19922,423176
19923,167666
19924,970746
19925,464901
19926,631252
19927,254263
19928,787792
19929,349507
19930,747958
19931,442975
19932,773713
19933,495449
19934,904562
19935,603784
19936,588898
19937,948837
19938,912761
19939,706257
19940,286147
19941,724723
19942,956420
19943,209901
19944,509975
19945,925672
19946,657499
19947,778354
19948,546661
19949,437042
19950,151752
19951,930251
19952,536608
19953,194351
19954,571340
19955,806654
19956,405014
19957,562447
19958,794837
19959,170956
19960,972812
19961,903420
19962,942048
19963,426583
19964,564905
19965,681144
19966,511825
19967,812955
19968,924262
19969,359462
19970,392138
19971,946627
19972,383937
19973,308940
19974,143875
19975,275432
19976,413205
19977,260329
19978,869360
19979,682072
19980,655172
19981,847455
19982,963497
19983,930885
19984,538030
19985,315785
19986,284261
19987,520970
19988,734702
19989,188945
19990,817411
19991,726829
19992,712135
19993,872840
19994,995005
19995,457026
19996,496719
19997,417445
19998,975959
19999,593757
20000,238583
20001,962553
20002,130249
20003,360671
20004,615984
20005,183346
20006,647644
20007,122050
20008,685760
20009,991381
20010,833417
20011,875880
20012,937368
20013,386970
20014,498279
20015,506476
20016,552056
20017,213398
20018,977535
20019,305236
20020,246962
20021,631898
20022,776615
20023,314546
20024,816704
20025,122721
20026,328848
20027,769929
20028,983869
20029,112676
20030,143160
20031,937531
20032,386105
20033,632113
20034,876235
20035,352541
20036,344342
20037,686923
20038,888897
20039,617403
20040,726598
20041,441775
20042,489285
20043,678720
20044,127298
20045,734341
20046,950905
20047,241276
20048,873003
20049,262712
20050,914892
20051,248121
20052,173108
20053,825865
20054,872675
20055,169103
20056,868435
20057,737720
20058,553283
20059,931814
20060,646380
20061,893178
20062,674800
20063,404211
20064,570153
20065,730165
20066,123706
20067,762841
20068,697713
20069,170095
20070,664221
20071,390281
20072,139139
20073,949888
20074,698297
20075,241892
20076,196066
20077,538661
20078,394448
20079,126938
20080,673240
20081,202187
20082,118737
20083,513886
20084,156066
20085,566373
20086,148321
20087,890229
20088,558190
20089,719251
20090,450526
20091,943404
20092,248845
20093,295136
20094,542212
20095,670713
20096,675932
20097,150857
20098,849048
20099,807807
20100,840851
20101,321933
20102,944588
20103,447294
20104,167715
20105,599329
20106,455477
20107,385989
20108,498928
20109,992770
20110,600041
20111,446966
20112,747623
20113,145524
20114,627318
20115,788041
20116,696389
20117,603993
20118,389565
20119,957213
20120,401903
20121,427528
20122,332764
20123,611028
20124,427200
20125,895278
20126,680495
20127,209468
20128,909952
20129,691814
20130,460164
20131,492136
20132,997970
20133,412234
20134,860394
20135,838155
20136,124430
20137,317214
20138,436267
20139,405447
20140,420650
20141,822318
20142,384061
20143,947447
20144,144895
20145,823014
20146,454158
20147,665834
20148,638966
20149,939260
20150,316605
20151,124333
20152,570814
20153,428363
20154,729194
20155,517774
20156,283033
20157,250166
20158,781352
20159,657097
20160,350001
20161,603698
20162,904648
20163,268855
20164,940060
20165,996625
20166,201564
20167,163409
20168,540338
20169,326302
20170,427875
20171,676863
20172,606991
20173,490802
20174,710363
20175,327887
20176,282057
20177,482617
20178,264839
20179,700830
20180,785560
20181,167496
20182,543047
20183,320518
20184,533218
20185,918274
20186,409116
20187,719408
20188,240163
20189,371656
20190,898781
20191,767798
20192,363459
20193,960045
20194,380045
20195,303488
20196,496563
20197,967584
20198,892272
20199,481919
20200,808274
20201,398769
20202,361133
20203,288844
20204,709461
20205,569000
20206,615490
20207,648110
20208,222191
20209,937962
20210,422644
20211,824816
20212,976909
20213,174341
20214,825144
20215,305702
20216,590287
20217,413751
20218,378667
20219,624163
20220,798943
20221,991279
20222,809850
20223,842902
20224,199298
20225,565376
20226,149380
20227,180896
20228,557635
20229,574733
20230,994511
20231,463313
20232,262433
20233,347175
20234,583630
20235,300213
20236,990908
20237,383867
20238,553106
20239,946553
20240,780174
20241,579445
20242,404258
20243,245205
20244,654646
20245,716230
20246,161599
20247,987740
20248,178613
20249,820544
20250,556730
20251,410191
20252,493733
20253,740489
20254,995487
20255,794735
20256,673473
20257,572624
20258,477903
20259,681674
20260,924380
20261,118272
20262,373270
20263,434918
20264,794884
20265,949490
20266,786703
20267,178710
20268,981462
20269,689600
20270,880330
20271,557009
20272,772294
20273,872129
20274,357343
20275,854415
20276,196496
20277,862596
20278,234141
20279,394346
20280,162484
20281,539223
20282,836013
20283,812618
20284,911118
20285,579102
20286,229076
20287,360255
20288,902605
20289,413636
20290,586973
20291,893576
20292,682817
20293,203609
20294,525508
20295,338113
20296,566051
20297,520923
20298,766931
20299,156716
20300,296870
20301,907189
20302,347468
20303,270985
20304,497054
20305,802716
20306,574566
20307,569283
20308,515632
20309,527084
20310,568587
20311,677658
20312,130328
20313,883890
20314,448176
20315,824915
20316,255904
20317,498614
20318,575622
20319,799612
20320,498046
20321,824134
20322,222553
20323,298579
20324,498795
20325,669570
20326,214938
20327,446829
20328,114059
20329,792162
20330,327999
20331,431651
20332,129733
20333,397775
20334,849611
20335,718312
20336,728841
20337,615156
20338,891150
20339,684548
20340,522726
20341,129037
20342,899333
20343,967248
20344,223673
20345,354386
20346,913507
20347,346769
20348,743023
20349,993913
20350,725281
20351,687148
20352,818631
20353,155961
20354,898861
20355,566526
20356,287258
20357,401383
20358,964461
20359,317317
20360,436856
20361,653640
20362,115798
20363,683604
20364,837720
20365,428219
20366,193709
20367,324934
20368,570446
20369,947463
20370,630285
20371,691965
20372,796913
20373,136908
20374,878399
20375,285833
20376,644971
20377,572006
20378,332615
20379,394167
20380,518486
20381,373920
20382,532297
20383,855634
20384,714072
20385,635622
20386,773915
20387,820214
20388,913147
20389,555020
20390,788178
20391,250054
20392,589096
20393,194854
20394,672724
20395,510006
20396,563662
20397,243432
20398,486681
20399,595618
20400,940623
20401,747927
20402,311171
20403,562478
20404,509142
20405,806623
20406,930594
20407,343055
20408,168011
20409,453725
20410,176192
20411,658098
20412,219241
20413,578144
20414,770704
20415,665713
20416,581651
20417,834574
20418,573464
20419,542012
20420,295896
20421,362896
20422,718947
20423,155730
20424,679244
20425,898630
20426,190398
20427,864682
20428,465644
20429,345882
20430,214769
20431,883204
20432,551711
20433,792001
20434,543196
20435,406119
20436,490921
20437,929210
20438,362424
20439,768845
20440,614743
20441,624784
20442,549489
20443,632987
20444,425031
20445,270769
20446,232949
20447,720365
20448,758312
20449,372445
20450,557784
20451,926932
20452,297086
20453,668519
20454,213887
20455,474985
20456,142522
20457,916142
20458,134321
20459,991412
20460,150527
20461,954323
20462,685097
20463,126040
20464,202313
20465,812402
20466,757368
20467,689200
20468,147138
20469,226244
20470,462802
20471,655636
20472,786687
20473,628232
20474,821011
20475,179174
20476,847030
20477,192584
20478,396210
20479,805273
20480,537999
20481,963464
20482,508816
20483,998956
20484,267202
20485,492766
20486,911102
20487,946658
20488,383968
20489,629480
20490,797716
20491,998628
20492,861695
20493,621026
20494,245485
20495,885272
20496,754675
20497,376582
20498,853820
20499,192803
20500,323784
20501,236590
20502,658591
20503,413079
20504,789876
20505,260971
20506,359788
20507,300941
20508,578637
20509,690619
20510,242189
20511,681458
20512,511515
20513,812057
20514,854292
20515,836606
20516,327392
20517,896059
20518,233678
20519,723511
20520,580197
20521,138602
20522,987492
20523,880209
20524,278082
20525,414151
20526,776741
20527,799023
20528,265265
20529,915725
20530,824320
20531,607673
20532,761195
20533,867175
20534,355804
20535,907054
20536,933938
20537,270554
20538,986420
20539,825896
20540,783366
20541,918964
20542,442182
20543,364477
20544,927167
20545,180632
20546,408162
20547,119144
20548,372094
20549,186620
20550,532467
20551,755951
20552,124935
20553,235002
20554,965119
20555,125647
20556,803110
20557,285747
20558,811309
20559,957244
20560,997011
20561,688239
20562,442727
20563,179569
20564,912521
20565,657283
20566,787616
20567,410691
20568,250548
20569,982705
20570,180153
20571,974522
20572,774049
20573,814541
20574,145021
20575,276374
20576,168346
20577,870286
20578,770441
20579,492105
20580,604496
20581,630455
20582,703540
20583,464861
20584,943373
20585,173033
20586,450559
20587,458740
20588,388868
20589,758975
20590,649538
20591,566340
20592,810358
20593,408990
20594,278627
20595,440946
20596,181860
20597,785874
20598,353288
20599,473598
20600,321964
20601,190535
20602,867923
20603,290368
20604,859736
20605,559719
20606,668827
20607,882806
20608,917402
20609,792499
20610,175274
20611,576578
20612,354219
20613,150531
20614,158728
20615,961260
20616,867824
20617,676830
20618,370113
20619,527912
20620,249743
20621,223336
20622,354691
20623,263750
20624,986019
20625,408821
20626,725232
20627,559084
20628,339661
20629,287691
20630,186303
20631,244402
20632,283064
20633,755628
20634,707242
20635,324759
20636,763247
20637,885903
20638,116103
20639,358707
20640,869421
20641,384724
20642,253759
20643,691684
20644,307473
20645,136989
20646,863552
20647,235097
20648,887463
20649,340637
20650,956575
20651,186775
20652,125292
20653,325751
20654,589361
20655,697287
20656,451279
20657,137525
20658,495554
20659,419107
20660,258332
20661,450567
20662,461542
20663,748517
20664,912866
20665,657128
20666,781321
20667,381180
20668,655327
20669,283702
20670,403915
20671,508714
20672,342331
20673,202971
20674,647124
20675,291901
20676,396040
20677,292597
20678,861926
20679,613104
20680,334840
20681,375839
20682,753898
20683,780207
20684,946520
20685,467275
20686,690850
20687,587615
20688,220509
20689,351870
20690,597878
20691,252025
20692,947088
20693,383378
20694,492644
20695,606077
20696,966610
20697,188113
20698,284886
20699,373303
20700,812488
20701,154613
20702,372991
20703,327161
20704,965914
20705,673504
20706,233759
20707,949688
20708,251473
20709,794702
20710,995518
20711,451977
20712,270232
20713,259218
20714,659742
20715,915988
20716,915676
20717,422613
20718,632001
20719,255010
20720,455993
20721,183465
20722,206408
20723,150341
20724,986341
20725,625378
20726,417014
20727,793621
20728,663038
20729,457489
20730,834546
20731,505055
20732,694490
20733,448978
20734,287885
20735,881616
20736,480374
20737,338315
20738,817560
20739,842935
20740,489141
20741,288325
20742,873136
20743,906588
20744,131912
20745,173231
20746,942211
20747,775807
20748,463003
20749,224397
20750,817723
20751,919494
20752,188713
20753,565706
20754,734934
20755,119578
20756,378025
20757,552768
20758,799581
20759,776279
20760,455762
20761,598598
20762,632674
20763,544131
20764,174727
20765,717020
20766,407096
20767,406768
20768,515601
20769,122874
20770,280845
20771,858398
20772,569314
20773,229900
20774,812651
20775,519850
20776,196529
20777,573266
20778,242359
20779,170228
20780,451810
20781,772327
20782,911623
20783,949787
20784,443937
20785,410061
20786,138704
20787,123241
20788,485230
20789,962705
20790,334483
20791,954522
20792,244895
20793,923070
20794,508481
20795,342096
20796,861509
20797,324282
20798,333915
20799,203184
20800,893609
20801,868864
20802,300855
20803,998709
20804,501708
20805,309052
20806,990526
20807,767705
20808,363052
20809,331200
20810,181953
20811,617667
20812,687155
20813,513298
20814,533261
20815,750771
20816,415926
20817,914100
20818,626338
20819,993454
20820,873811
20821,439863
20822,327968
20823,899354
20824,606944
20825,567297
20826,239076
20827,891153
20828,514546
20829,992334
20830,345254
20831,585095
20832,785783
20833,792189
20834,377218
20835,908439
20836,688642
20837,787461
20838,904943
20839,870659
20840,828386
20841,714639
20842,318330
20843,755786
20844,510274
20845,186457
20846,863814
20847,427076
20848,487077
20849,831234
20850,168951
20851,554227
20852,220117
20853,268088
20854,638161
20855,404875
20856,846468
20857,436839
20858,325521
20859,763041
20860,436399
20861,683595
20862,596573
20863,468648
20864,412581
20865,359262
20866,227453
20867,797061
20868,136560
20869,392826
20870,144763
20871,412013
20872,989566
20873,675627
20874,317169
20875,974268
20876,997213
20877,419662
20878,495023
20879,796589
20880,982455
20881,595645
20882,250746
20883,796005
20884,739715
20885,974708
20886,581279
20887,603262
20888,357750
20889,855846
20890,611131
20891,427311
20892,672715
20893,895169
20894,393227
20895,563993
20896,317969
20897,361839
20898,559457
20899,728701
20900,121202
20901,527429
20902,614728
20903,183114
20904,736446
20905,230988
20906,551680
20907,254217
20908,222949
20909,700698
20910,298791
20911,970692
20912,743731
20913,114231
20914,377377
20915,623401
20916,984366
20917,918406
20918,120210
20919,759153
20920,710775
20921,566666
20922,128409
20923,433079
20924,147526
20925,818355
20926,743195
20927,272104
20928,975335
20929,827090
20930,416221
20931,223437
20932,464091
20933,535304
20934,281099
20935,685822
20936,560679
20937,481331
20938,516063
20939,524244
20940,915577
20941,623727
20942,584034
20943,968834
20944,134318
20945,221603
20946,297641
20947,506450
20948,889108
20949,809982
20950,520700
20951,766196
20952,232938
20953,809270
20954,533792
20955,241449
20956,148936
20957,951084
20958,802419
20959,742037
20960,457084
20961,583042
20962,216960
20963,784314
20964,906842
20965,779714
20966,413227
20967,821540
20968,467750
20969,971986
20970,798403
20971,300793
20972,876813
20973,292432
20974,153520
20975,437322
20976,682086
20977,655226
20978,429705
20979,664520
20980,872238
20981,556606
20982,251636
20983,981745
20984,348403
20985,829191
20986,434346
20987,620222
20988,154448
20989,572500
20990,242553
20991,628604
20992,949366
20993,217203
20994,871565
20995,301938
20996,225400
20997,941749
20998,548702
20999,269910
21000,602707
21001,749477
21002,278109
21003,126948
21004,242194
21005,713217
21006,564532
21007,812750
21008,260980
21009,821895
21010,876646
21011,177338
21012,690596
21013,421707
21014,621053
21015,529648
21016,123652
21017,203741
21018,323799
21019,707618
21020,839113
21021,184631
21022,734395
21023,865616
21024,959052
21025,642730
21026,533579
21027,180615
21028,399990
21029,784081
21030,825911
21031,933933
21032,670779
21033,633327
21034,541454
21035,574690
21036,296426
21037,356107
21038,224992
21039,694548
21040,417776
21041,677206
21042,230057
21043,191852
21044,535139
21045,237674
21046,616293
21047,337517
21048,858995
21049,576202
21050,833244
21051,784945
21052,790843
21053,945350
21054,701951
21055,544750
21056,577894
21057,299118
21058,629856
21059,276361
21060,658300
21061,770910
21062,578478
21063,375013
21064,436245
21065,484095
21066,762907
21067,236493
21068,203809
21069,428758
21070,654117
21071,781693
21072,940929
21073,940361
21074,381760
21075,982702
21076,803825
21077,194792
21078,887067
21079,680465
21080,887763
21081,680153
21082,756280
21083,563912
21084,514376
21085,439365
21086,929468
21087,841317
21088,191120
21089,150903
21090,815490
21091,969949
21092,743978
21093,630843
21094,936753
21095,916518
21096,175894
21097,978462
21098,786181
21099,499206
21100,298742
21101,700931
21102,767147
21103,856743
21104,890187
21105,409417
21106,240502
21107,818530
21108,363158
21109,388563
21110,295134
21111,775150
21112,913934
21113,303645
21114,278807
21115,338970
21116,479719
21117,856324
21118,951504
21119,480047
21120,818881
21121,496525
21122,111213
21123,249744
21124,750946
21125,303990
21126,172117
21127,834731
21128,874058
21129,807138
21130,769000
21131,231158
21132,362269
21133,490764
21134,370142
21135,151252
21136,514083
21137,230462
21138,264305
21139,577173
21140,167102
21141,214612
21142,984924
21143,389664
21144,276682
21145,218156
21146,589358
21147,989164
21148,688411
21149,146409
21150,657143
21151,635360
21152,358148
21153,580845
21154,171022
21155,374694
21156,724159
21157,572328
21158,933295
21159,644205
21160,803482
21161,864151
21162,619402
21163,317539
21164,374126
21165,989636
21166,219340
21167,778814
21168,910293
21169,665812
21170,359396
21171,445683
21172,930127
21173,894547
21174,860607
21175,838494
21176,720991
21177,528559
21178,963691
21179,204674
21180,570752
21181,930695
21182,806522
21183,794705
21184,138404
21185,452446
21186,781136
21187,178571
21188,697502
21189,493723
21190,548495
21191,333263
21192,196293
21193,731450
21194,658769
21195,789690
21196,822102
21197,267111
21198,999049
21199,413329
21200,237352
21201,805180
21202,682204
21203,846867
21204,184550
21205,122909
21206,429307
21207,279705
21208,148850
21209,127589
21210,533914
21211,608863
21212,927417
21213,919218
21214,512333
21215,914467
21216,347857
21217,833829
21218,463655
21219,639899
21220,526705
21221,130125
21222,866985
21223,413705
21224,378645
21225,305688
21226,344313
21227,213266
21228,421890
21229,791074
21230,438731
21231,398892
21232,131054
21233,229907
21234,928250
21235,615703
21236,265820
21237,776264
21238,353105
21239,701765
21240,784451
21241,624062
21242,174744
21243,983409
21244,766245
21245,157402
21246,232507
21247,650779
21248,758758
21249,372499
21250,897542
21251,533745
21252,593586
21253,296272
21254,541052
21255,597506
21256,252173
21257,383534
21258,412978
21259,135471
21260,115069
21261,805535
21262,962702
21263,203183
21264,730289
21265,804951
21266,949764
21267,987913
21268,828446
21269,462364
21270,579592
21271,795634
21272,941583
21273,138703
21274,580288
21275,470239
21276,786737
21277,673684
21278,887957
21279,373131
21280,854905
21281,511678
21282,242344
21283,293289
21284,234147
21285,365384
21286,822847
21287,176842
21288,909818
21289,167945
21290,460542
21291,212390
21292,396470
21293,159904
21294,645794
21295,613710
21296,614278
21297,124276
21298,160360
21299,529024
21300,375145
21301,787763
21302,303050
21303,635143
21304,904465
21305,226824
21306,748317
21307,595680
21308,948742
21309,486747
21310,965284
21311,162880
21312,887391
21313,436145
21314,895132
21315,764279
21316,933760
21317,487315
21318,732827
21319,514572
21320,960732
21321,129316
21322,676646
21323,238802
21324,631679
21325,984435
21326,978834
21327,917346
21328,214707
21329,454735
21330,800576
21331,864744
21332,521959
21333,408589
21334,767983
21335,339197
21336,850378
21337,440617
21338,918491
21339,279352
21340,926672
21341,750981
21342,696164
21343,464006
21344,496490
21345,388191
21346,355251
21347,303449
21348,751437
21349,695724
21350,943702
21351,662080
21352,440386
21353,687782
21354,679597
21355,810822
21356,200382
21357,641913
21358,286864
21359,313207
21360,774593
21361,905258
21362,264149
21363,703692
21364,458180
21365,993851
21366,504002
21367,782794
21368,943605
21369,346139
21370,750830
21371,835567
21372,704004
21373,290488
21374,129103
21375,282291
21376,182452
21377,614526
21378,239473
21379,999838
21380,961407
21381,585178
21382,883501
21383,599856
21384,631004
21385,799971
21386,264701
21387,701156
21388,970482
21389,246524
21390,414731
21391,634988
21392,657275
21393,949101
21394,137382
21395,294408
21396,964871
21397,803294
21398,366113
21399,644905
21400,510935
21401,845369
21402,691319
21403,596843
21404,136846
21405,420504
21406,638532
21407,901714
21408,468310
21409,788664
21410,894231
21411,675357
21412,845841
21413,343334
21414,212173
21415,562895
21416,956196
21417,921800
21418,116444
21419,536872
21420,828665
21421,309740
21422,594125
21423,786902
21424,146723
21425,301871
21426,602310
21427,461875
21428,828977
21429,564585
21430,804504
21431,896121
21432,234052
21433,188226
21434,597733
21435,501244
21436,553960
21437,938176
21438,637898
21439,658653
21440,351525
21441,980775
21442,236652
21443,429431
21444,315521
21445,813243
21446,237220
21447,720068
21448,441804
21449,565554
21450,364543
21451,642807
21452,520706
21453,897761
21454,488942
21455,726253
21456,119778
21457,512521
21458,968020
21459,574655
21460,111783
21461,986486
21462,793990
21463,417125
21464,112239
21465,497551
21466,457346
21467,355742
21468,900297
21469,191793
21470,206811
21471,560601
21472,892426
21473,197912
21474,709351
21475,431087
21476,735238
21477,398339
21478,552888
21479,937560
21480,386138
21481,624529
21482,183961
21483,329112
21484,489573
21485,534941
21486,361076
21487,158646
21488,399264
21489,839855
21490,708932
21491,481958
21492,953689
21493,760898
21494,920245
21495,875787
21496,134387
21497,624378
21498,213493
21499,937779
21500,745000
21501,233343
21502,157086
21503,521065
21504,959354
21505,726406
21506,180857
21507,207000
21508,149341
21509,958898
21510,642388
21511,534453
21512,127050
21513,471299
21514,387865
21515,703201
21516,702505
21517,775460
21518,135331
21519,444826
21520,500887
21521,885553
21522,396272
21523,292365
21524,646628
21525,707860
21526,753682
21527,628298
21528,941387
21529,794806
21530,973479
21531,356973
21532,697465
21533,941955
21534,493692
21535,787061
21536,896986
21537,210120
21538,854077
21539,723742
21540,705012
21541,233959
21542,293613
21543,320613
21544,710800
21545,865178
21546,898166
21547,679804
21548,759190
21549,513182
21550,480114
21551,856977
21552,339599
21553,208740
21554,558438
21555,240192
21556,898750
21557,330828
21558,487857
21559,943852
21560,662266
21561,472831
21562,346570
21563,985385
21564,140588
21565,793049
21566,522357
21567,631053
21568,454901
21569,167139
21570,298248
21571,599777
21572,273135
21573,916752
21574,623566
21575,752095
21576,874559
21577,970531
21578,423377
21579,781387
21580,948924
21581,419753
21582,665249
21583,664681
21584,828014
21585,781955
21586,672556
21587,294873
21588,340703
21589,855305
21590,154865
21591,672228
21592,486881
21593,195350
21594,822349
21595,554935
21596,384662
21597,947348
21598,299920
21599,168571
21600,700261
21601,675788
21602,517157
21603,283130
21604,921881
21605,562974
21606,475402
21607,715491
21608,144631
21609,468460
21610,136444
21611,796681
21612,666082
21613,577851
21614,219954
21615,335255
21616,518022
21617,375408
21618,151930
21619,814479
21620,317309
21621,212671
21622,721825
21623,124069
21624,517454
21625,235864
21626,291410
21627,428099
21628,996377
21629,828165
21630,555252
21631,781600
21632,502824
21633,603962
21634,389598
21635,478337
21636,155034
21637,764526
21638,965493
21639,895309
21640,680524
21641,844875
21642,478793
21643,999716
21644,684084
21645,281793
21646,953294
21647,336332
21648,182286
21649,369896
21650,929505
21651,522526
21652,709915
21653,840944
21654,917171
21655,214442
21656,799833
21657,465791
21658,883607
21659,692381
21660,507032
21661,339244
21662,181798
21663,558789
21664,818495
21665,400855
21666,841744
21667,487954
21668,641291
21669,521726
21670,208399
21671,550052
21672,743063
21673,224137
21674,495731
21675,424594
21676,264047
21677,328777
21678,866647
21679,430933
21680,727223
21681,515667
21682,337546
21683,289676
21684,398961
21685,659511
21686,776925
21687,969670
21688,221231
21689,753650
21690,279983
21691,734300
21692,288164
21693,927047
21694,897627
21695,958563
21696,525935
21697,703280
21698,741841
21699,296901
21700,907222
21701,497461
21702,216588
21703,448763
21704,794612
21705,671252
21706,131850
21707,463377
21708,601828
21709,574469
21710,309118
21711,587382
21712,493445
21713,746402
21714,963099
21715,562171
21716,530143
21717,153148
21718,409999
21719,588438
21720,443563
21721,502182
21722,941650
21723,390224
21724,741193
21725,153620
21726,888320
21727,620026
21728,765920
21729,896195
21730,202714
21731,470817
21732,309309
21733,787151
21734,941881
21735,170773
21736,740586
21737,138489
21738,949754
21739,588797
21740,572595
21741,318896
21742,723876
21743,812866
21744,888683
21745,333202
21746,539031
21747,643958
21748,300246
21749,737986
21750,135889
21751,628952
21752,275249
21753,467905
21754,351476
21755,143378
21756,666887
21757,359679
21758,737290
21759,605687
21760,654677
21761,153431
21762,211546
21763,730959
21764,861860
21765,569427
21766,613042
21767,561808
21768,330506
21769,608770
21770,735231
21771,686841
21772,512984
21773,889659
21774,111990
21775,425591
21776,574830
21777,872785
21778,463282
21779,270665
21780,248387
21781,953827
21782,230181
21783,524083
21784,315336
21785,206018
21786,631939
21787,274273
21788,421983
21789,255656
21790,576326
21791,195507
21792,837446
21793,194939
21794,724623
21795,855908
21796,317595
21797,845189
21798,886920
21799,155292
21800,303061
21801,547121
21802,627675
21803,311262
21804,982845
21805,988948
21806,380955
21807,146193
21808,788452
21809,904462
21810,194387
21811,715334
21812,955984
21813,886432
21814,476007
21815,562547
21816,901926
21817,997687
21818,359196
21819,299517
21820,228087
21821,658159
21822,878089
21823,774781
21824,751442
21825,257451
21826,132938
21827,801727
21828,818417
21829,312835
21830,856572
21831,719606
21832,850717
21833,711421
21834,190435
21835,810234
21836,400409
21837,898259
21838,320704
21839,688082
21840,751994
21841,353668
21842,167566
21843,576677
21844,700760
21845,423868
21846,246080
21847,214700
21848,175181
21849,718358
21850,370670
21851,891632
21852,121848
21853,182720
21854,841022
21855,868319
21856,984783
21857,585157
21858,306381
21859,114462
21860,246499
21861,499454
21862,874993
21863,491095
21864,606882
21865,190624
21866,737119
21867,230829
21868,397714
21869,431742
21870,191080
21871,439925
21872,826675
21873,670527
21874,774622
21875,993828
21876,223716
21877,800796
21878,472569
21879,810841
21880,767059
21881,156588
21882,513360
21883,687217
21884,759440
21885,339337
21886,653589
21887,483847
21888,806889
21889,160212
21890,646102
21891,894912
21892,436773
21893,475332
21894,420487
21895,666511
21896,909454
21897,658308
21898,989855
21899,219487
21900,877994
21901,554161
21902,665927
21903,831296
21904,869793
21905,168885
21906,863748
21907,427014
21908,435213
21909,887267
21910,242966
21911,532244
21912,374325
21913,531932
21914,845350
21915,208946
21916,326451
21917,486447
21918,863436
21919,519107
21920,904293
21921,450955
21922,828320
21923,974429
21924,988343
21925,595292
21926,284530
21927,395908
21928,612788
21929,193462
21930,245424
21931,438187
21932,562014
21933,260606
21934,877292
21935,275199
21936,501547
21937,911304
21938,779811
21939,467143
21940,998866
21941,731745
21942,835947
21943,403055
21944,511118
21945,241816
21946,812684
21947,620439
21948,723106
21949,651955
21950,924089
21951,285018
21952,519757
21953,196438
21954,611668
21955,202167
21956,731305
21957,656106
21958,502019
21959,871943
21960,795402
21961,493832
21962,452301
21963,690126
21964,277719
21965,598689
21966,474719
21967,273511
21968,174688
21969,183589
21970,526890
21971,535073
21972,709368
21973,770037
21974,549703
21975,304547
21976,541516
21977,633701
21978,994658
21979,583267
21980,216161
21981,625518
21982,734769
21983,817884
21984,481074
21985,262631
21986,593385
21987,662809
21988,472020
21989,694333
21990,986826
21991,574923
21992,225225
21993,873276
21994,312205
21995,198796
21996,188581
21997,608935
21998,678487
21999,650560
22000,441528
22001,624357
22002,247302
22003,977411
22004,776979
22005,776667
22006,422450
22007,598986
22008,575787
22009,221993
22010,745015
22011,693469
22012,676991
22013,183374
22014,438360
22015,769110
22016,607815
22017,966141
22018,932369
22019,673287
22020,293618
22021,511461
22022,843787
22023,548031
22024,462151
22025,698030
22026,949599
22027,410249
22028,656257
22029,470916
22030,749196
22031,839208
22032,646963
22033,403756
22034,316221
22035,954646
22036,284185
22037,654832
22038,324094
22039,485090
22040,946623
22041,731114
22042,252502
22043,990386
22044,698958
22045,737455
22046,998585
22047,771907
22048,938420
22049,135796
22050,300147
22051,980123
22052,553628
22053,473600
22054,446689
22055,916751
22056,222749
22057,700898
22058,832193
22059,415173
22060,791846
22061,141779
22062,882731
22063,693025
22064,559513
22065,336496
22066,615288
22067,238711
22068,370516
22069,920918
22070,239295
22071,614832
22072,728141
22073,440228
22074,867757
22075,327859
22076,522914
22077,743395
22078,695561
22079,581876
22080,826922
22081,881867
22082,783052
22083,943163
22084,669734
22085,354782
22086,458434
22087,463907
22088,889954
22089,818819
22090,432519
22091,733806
22092,521354
22093,401003
22094,711239
22095,479653
22096,240223
22097,963625
22098,193825
22099,614179
22100,508977
22101,613867
22102,930061
22103,822354
22104,691641
22105,117050
22106,163373
22107,234700
22108,764698
22109,706071
22110,837628
22111,724221
22112,531469
22113,827577
22114,603726
22115,350029
22116,442449
22117,381545
22118,913271
22119,419198
22120,996717
22121,706428
22122,855165
22123,531814
22124,285806
22125,887129
22126,680531
22127,325953
22128,427196
22129,349422
22130,819985
22131,469267
22132,635393
22133,451577
22134,739344
22135,226574
22136,603941
22137,773428
22138,349734
22139,688178
22140,654183
22141,282766
22142,852125
22143,570977
22144,536973
22145,235847
22146,955721
22147,653743
22148,227822
22149,997606
22150,307951
22151,307239
22152,468795
22153,778719
22154,797406
22155,392481
22156,699609
22157,605125
22158,472387
22159,140376
22160,249529
22161,263608
22162,541872
22163,164799
22164,873899
22165,458081
22166,834946
22167,503911
22168,232255
22169,818464
22170,370711
22171,841743
22172,320785
22173,767209
22174,533493
22175,455497
22176,254546
22177,631473
22178,507471
22179,377778
22180,551003
22181,978524
22182,916580
22183,167319
22184,336339
22185,614619
22186,736557
22187,567857
22188,999739
22189,807371
22190,159038
22191,398304
22192,899554
22193,737253
22194,322033
22195,328464
22196,139734
22197,549173
22198,165425
22199,633823
22200,165113
22201,663040
22202,942614
22203,248319
22204,712354
22205,533683
22206,180607
22207,857963
22208,726656
22209,240754
22210,400014
22211,927632
22212,498634
22213,875717
22214,474157
22215,413984
22216,506817
22217,112866
22218,583921
22219,727208
22220,526424
22221,639666
22222,534611
22223,489899
22224,735395
22225,840617
22226,840033
22227,322687
22228,289683
22229,237714
22230,647281
22231,201997
22232,862712
22233,293355
22234,538851
22235,722968
22236,403157
22237,285480
22238,202693
22239,912274
22240,594024
22241,871541
22242,356715
22243,259492
22244,973217
22245,217667
22246,349096
22247,880310
22248,470613
22249,502201
22250,211430
22251,237057
22252,429850
22253,192964
22254,561452
22255,211758
22256,637807
22257,737662
22258,699295
22259,629604
22260,144302
22261,492882
22262,323908
22263,674397
22264,122975
22265,654666
22266,291936
22267,708473
22268,500786
22269,971818
22270,745502
22271,629263
22272,501498
22273,187460
22274,812893
22275,333197
22276,201830
22277,836210
22278,862355
22279,394621
22280,373354
22281,270277
22282,941862
22283,146981
22284,740597
22285,580585
22286,623767
22287,799339
22288,297553
22289,977593
22290,142429
22291,945493
22292,858848
22293,735688
22294,866339
22295,541341
22296,574833
22297,881549
22298,593819
22299,271262
22300,449351
22301,986296
22302,540757
22303,633524
22304,616982
22305,557303
22306,727019
22307,149496
22308,287952
22309,918584
22310,312119
22311,409339
22312,725758
22313,850420
22314,363300
22315,155694
22316,767953
22317,441311
22318,208168
22319,408627
22320,513746
22321,743288
22322,355213
22323,914364
22324,361740
22325,676632
22326,431612
22327,736789
22328,849172
22329,151053
22330,648207
22331,238828
22332,849884
22333,859453
22334,999627
22335,961066
22336,490965
22337,362436
22338,446586
22339,142208
22340,376970
22341,499068
22342,454769
22343,455353
22344,992582
22345,114260
22346,791997
22347,345518
22348,984397
22349,580660
22350,748323
22351,595678
22352,589559
22353,627706
22354,137715
22355,773644
22356,435527
22357,518793
22358,326265
22359,331928
22360,243348
22361,770084
22362,420813
22363,228054
22364,460480
22365,869611
22366,267512
22367,384530
22368,692202
22369,894018
22370,922013
22371,886401
22372,460131
22373,770951
22374,446345
22375,445761
22376,412333
22377,554584
22378,261201
22379,392634
22380,168284
22381,428559
22382,894945
22383,397099
22384,193745
22385,922174
22386,244183
22387,509377
22388,747648
22389,546939
22390,996509
22391,302167
22392,137808
22393,419398
22394,146011
22395,519138
22396,644887
22397,863469
22398,478213
22399,887562
22400,652756
22401,487110
22402,394187
22403,933589
22404,281669
22405,361575
22406,514449
22407,743483
22408,222501
22409,167876
22410,631338
22411,385826
22412,474096
22413,400723
22414,810416
22415,566858
22416,864445
22417,313161
22418,918158
22419,148358
22420,618088
22421,810872
22422,881979
22423,380873
22424,415957
22425,600358
22426,834841
22427,458234
22428,801525
22429,542435
22430,206125
22431,489776
22432,535040
22433,526859
22434,833215
22435,598088
22436,113329
22437,790872
22438,552838
22439,660091
22440,745341
22441,776337
22442,918984
22443,312007
22444,119060
22445,371970
22446,319492
22447,958695
22448,825940
22449,165546
22450,541549
22451,873078
22452,976225
22453,825500
22454,694647
22455,493313
22456,467174
22457,352211
22458,452804
22459,135998
22460,885348
22461,805006
22462,674149
22463,368497
22464,429953
22465,839522
22466,963231
22467,115108
22468,753991
22469,211893
22470,954460
22471,561591
22472,178929
22473,987416
22474,170746
22475,995603
22476,461837
22477,636692
22478,548669
22479,602672
22480,462533
22481,820428
22482,278078
22483,957628
22484,723531
22485,932699
22486,162387
22487,270174
22488,987835
22489,470381
22490,391031
22491,620253
22492,333790
22493,196124
22494,126700
22495,292891
22496,998992
22497,667467
22498,359547
22499,698991
22500,690788
22501,412800
22502,789603
22503,161752
22504,153555
22505,185079
22506,476160
22507,922643
22508,538099
22509,646930
22510,368154
22511,484363
22512,569887
22513,757916
22514,843449
22515,233281
22516,287819
22517,407997
22518,463870
22519,165129
22520,574954
22521,549061
22522,662840
22523,505553
22524,216363
22525,449500
22526,457687
22527,575266
22528,601539
22529,198277
22530,515444
22531,717169
22532,122455
22533,900948
22534,676958
22535,274405
22536,552685
22537,784881
22538,414232
22539,753181
22540,456191
22541,884030
22542,692048
22543,586413
22544,350532
22545,261960
22546,136617
22547,459954
22548,168077
22549,870041
22550,729143
22551,186307
22552,375589
22553,653869
22554,404537
22555,152295
22556,212970
22557,436509
22558,706590
22559,870577
22560,787895
22561,349604
22562,688504
22563,503165
22564,277089
22565,871033
22566,845782
22567,855351
22568,732375
22569,539687
22570,427510
22571,155143
22572,362366
22573,768907
22574,191384
22575,859527
22576,684385
22577,150655
22578,282004
22579,151223
22580,728740
22581,567731
22582,660716
22583,874497
22584,777422
22585,908581
22586,936505
22587,264922
22588,113702
22589,306493
22590,240254
22591,733319
22592,679746
22593,719013
22594,463874
22595,132377
22596,592436
22597,504109
22598,542514
22599,733988
22600,181456
22601,312635
22602,409058
22603,650230
22604,432645
22605,733676
22606,215996
22607,882505
22608,464233
22609,132210
22610,661863
22611,151516
22612,849093
22613,336698
22614,159703
22615,675841
22616,999706
22617,440046
22618,953328
22619,281855
22620,423500
22621,306846
22622,824192
22623,254579
22624,264569
22625,167806
22626,219116
22627,982021
22628,912629
22629,941026
22630,419580
22631,450832
22632,302629
22633,697040
22634,739377
22635,137250
22636,656695
22637,469298
22638,988204
22639,325984
22640,340874
22641,186496
22642,645037
22643,366245
22644,168422
22645,830739
22646,770549
22647,350255
22648,267561
22649,358436
22650,922244
22651,212609
22652,475799
22653,324992
22654,517488
22655,537444
22656,290980
22657,787354
22658,410489
22659,225897
22660,580259
22661,740799
22662,655545
22663,202724
22664,293634
22665,888382
22666,519894
22667,394295
22668,798577
22669,578699
22670,383109
22671,458839
22672,830037
22673,391750
22674,493499
22675,315397
22676,621548
22677,805628
22678,516350
22679,730650
22680,484826
22681,839640
22682,893653
22683,316109
22684,853298
22685,319678
22686,843168
22687,866113
22688,512069
22689,280409
22690,617308
22691,338076
22692,156785
22693,959125
22694,712323
22695,694733
22696,601818
22697,296243
22698,934460
22699,633142
22700,256469
22701,262167
22702,703246
22703,463079
22704,224497
22705,976659
22706,695045
22707,248598
22708,112363
22709,816807
22710,761261
22711,808620
22712,191925
22713,323222
22714,769902
22715,668362
22716,497955
22717,632278
22718,466639
22719,832717
22720,824518
22721,414665
22722,552436
22723,456422
22724,544255
22725,265463
22726,489697
22727,808207
22728,398828
22729,677092
22730,150001
22731,847904
22732,314686
22733,616151
22734,289497
22735,378742
22736,983161
22737,166811
22738,632437
22739,543892
22740,265628
22741,907435
22742,799306
22743,456005
22744,968795
22745,352857
22746,274271
22747,720867
22748,616703
22749,951285
22750,758510
22751,686095
22752,127494
22753,677892
22754,642512
22755,765997
22756,149465
22757,857633
22758,601465
22759,449382
22760,663370
22761,574800
22762,802474
22763,877012
22764,300576
22765,453597
22766,597770
22767,659450
22768,500755
22769,628966
22770,612420
22771,291905
22772,620623
22773,342927
22774,962950
22775,547876
22776,821205
22777,987337
22778,309963
22779,251437
22780,278511
22781,594922
22782,348898
22783,872439
22784,731481
22785,195694
22786,888221
22787,812924
22788,620135
22789,434291
22790,298387
22791,752524
22792,623005
22793,551348
22794,623445
22795,978867
22796,701358
22797,151058
22798,406020
22799,929553
22800,736778
22801,999636
22802,191293
22803,397511
22804,535602
22805,760613
22806,303480
22807,347033
22808,132980
22809,542615
22810,873540
22811,582328
22812,591961
22813,441280
22814,679215
22815,767950
22816,433099
22817,562509
22818,653376
22819,291746
22820,963757
22821,204172
22822,707187
22823,483738
22824,159873
22825,428923
22826,846739
22827,939724
22828,460511
22829,577739
22830,468692
22831,877823
22832,611143
22833,864081
22834,933793
22835,393919
22836,764246
22837,510037
22838,855898
22839,435544
22840,539778
22841,411449
22842,503256
22843,879319
22844,547783
22845,581347
22846,819966
22847,478234
22848,887573
22849,163082
22850,326413
22851,863474
22852,644544
22853,163778
22854,365768
22855,895446
22856,680663
22857,956717
22858,418961
22859,581512
22860,357473
22861,787577
22862,913048
22863,171427
22864,419417
22865,258222
22866,547500
22867,335116
22868,930018
22869,115765
22870,283330
22871,160546
22872,537537
22873,894262
22874,763101
22875,837691
22876,630382
22877,227690
22878,393069
22879,878428
22880,554567
22881,661954
22882,742924
22883,935703
22884,670465
22885,558686
22886,181949
22887,850504
22888,678980
22889,925778
22890,842307
22891,841867
22892,767085
22893,128142
22894,898438
22895,623166
22896,591314
22897,984121
22898,167899
22899,832302
22900,543260
22901,800266
22902,167187
22903,273183
22904,191062
22905,129702
22906,362160
22907,760398
22908,615063
22909,439427
22910,151417
22911,239000
22912,640368
22913,567421
22914,190622
22915,165557
22916,462914
22917,960918
22918,933969
22919,304541
22920,216727
22921,140186
22922,496998
22923,995220
22924,918999
22925,407753
22926,525372
22927,865580
22928,608570
22929,399554
22930,766763
22931,927196
22932,520427
22933,734735
22934,433638
22935,958712
22936,180731
22937,617465
22938,720101
22939,297334
22940,701827
22941,745314
22942,135025
22943,668271
22944,274065
22945,447616
22946,753513
22947,523971
22948,866764
22949,920575
22950,122347
22951,639230
22952,153743
22953,854391
22954,713341
22955,573323
22956,862588
22957,485791
22958,643718
22959,896656
22960,233645
22961,887891
22962,269538
22963,655388
22964,348644
22965,178214
22966,390347
22967,674170
22968,861596
22969,853399
22970,284492
22971,561576
22972,613186
22973,395962
22974,587501
22975,444952
22976,545034
22977,359695
22978,972557
22979,578606
22980,391211
22981,383008
22982,790495
22983,220711
22984,682706
22985,237550
22986,395545
22987,334313
22988,429813
22989,716790
22990,722199
22991,316163
22992,561675
22993,682010
22994,698552
22995,578885
22996,143937
22997,990788
22998,587086
22999,351343
23000,911005
23001,830363
23002,459161
23003,373486
23004,154084
23005,880473
23006,138922
23007,170310
23008,972878
23009,602948
23010,494229
23011,636512
23012,382819
23013,179077
23014,588646
23015,444307
23016,744969
23017,386320
23018,693475
23019,983572
23020,213788
23021,752842
23022,134354
23023,498213
23024,456488
23025,647582
23026,206481
23027,616050
23028,708965
23029,961907
23030,900483
23031,639381
23032,676929
23033,481359
23034,304374
23035,262929
23036,225271
23037,784326
23038,976605
23039,304702
23040,363645
23041,118880
23042,372414
23043,441934
23044,521032
23045,811045
23046,340022
23047,886796
23048,242937
23049,819780
23050,989072
23051,469646
23052,316983
23053,343254
23054,683310
23055,814277
23056,375610
23057,428993
23058,537104
23059,814605
23060,714762
23061,955420
23062,638900
23063,308154
23064,822948
23065,500554
23066,253332
23067,351123
23068,878221
23069,830567
23070,359320
23071,666208
23072,420712
23073,388620
23074,223939
23075,355112
23076,464597
23077,826588
23078,155787
23079,363393
23080,208269
23081,441210
23082,432569
23083,733776
23084,499473
23085,298977
23086,222443
23087,585442
23088,660723
23089,623599
23090,273102
23091,306466
23092,543693
23093,859544
23094,684414
23095,196966
23096,491448
23097,899255
23098,661328
23099,785841
23100,978090
23101,465758
23102,133701
23103,800432
23104,298634
23105,883070
23106,867888
23107,960812
23108,129236
23109,522559
23110,313796
23111,614957
23112,361994
23113,431866
23114,542278
23115,464830
23116,625836
23117,783257
23118,574306
23119,458647
23120,649505
23121,128052
23122,189964
23123,642018
23124,232193
23125,240394
23126,719641
23127,479472
23128,860768
23129,235897
23130,930448
23131,806765
23132,115855
23133,922267
23134,475784
23135,537011
23136,838217
23137,253183
23138,947990
23139,144926
23140,878566
23141,605179
23142,939805
23143,454439
23144,144598
23145,478824
23146,340885
23147,317812
23148,652657
23149,163704
23150,836705
23151,326583
23152,645042
23153,653241
23154,186967
23155,547350
23156,603931
23157,555221
23158,381756
23159,410656
23160,595416
23161,739374
23162,357595
23163,193018
23164,613368
23165,476934
23166,561426
23167,813088
23168,885441
23169,333880
23170,804907
23171,946840
23172,391313
23173,359861
23174,902983
23175,274611
23176,779943
23177,177844
23178,691114
23179,434439
23180,957465
23181,965650
23182,862990
23183,896226
23184,765889
23185,327225
23186,854477
23187,923965
23188,602773
23189,301436
23190,251281
23191,470635
23192,786765
23193,794950
23194,390841
23195,636849
23196,740768
23197,305607
23198,791349
23199,945864
23200,352741
23201,875771
23202,702449
23203,945152
23204,883952
23205,191914
23206,527022
23207,281510
23208,892561
23209,489877
23210,866678
23211,840599
23212,130962
23213,928134
23214,296236
23215,456913
23216,140064
23217,582703
23218,216293
23219,173572
23220,305135
23221,139752
23222,540928
23223,650415
23224,408251
23225,557474
23226,950345
23227,851380
23228,489405
23229,766297
23230,189314
23231,512658
23232,686459
23233,826266
23234,801917
23235,355438
23236,425118
23237,834449
23238,872816
23239,463251
23240,575367
23241,593829
23242,216902
23243,287982
23244,233444
23245,726301
23246,919246
23247,889298
23248,958761
23249,288294
23250,937312
23251,247426
23252,752752
23253,884123
23254,475056
23255,386474
23256,255041
23257,515865
23258,197864
23259,398835
23260,130097
23261,709087
23262,191681
23263,647460
23264,281293
23265,539062
23266,723277
23267,923734
23268,285309
23269,620152
23270,301791
23271,501996
23272,217878
23273,153022
23274,193113
23275,484526
23276,537942
23277,334747
23278,429191
23279,716164
23280,315761
23281,420910
23282,902700
23283,383801
23284,545299
23285,267035
23286,875587
23287,744872
23288,799054
23289,937139
23290,255834
23291,825001
23292,694082
23293,344990
23294,876171
23295,969111
23296,816328
23297,406571
23298,337115
23299,954073
23300,314938
23301,158462
23302,289557
23303,191762
23304,314610
23305,976820
23306,695202
23307,248753
23308,662606
23309,505767
23310,425293
23311,703401
23312,456809
23313,256370
23314,111748
23315,976252
23316,173172
23317,642772
23318,678344
23319,520737
23320,189242
23321,320209
23322,865582
23323,843727
23324,312026
23325,241212
23326,758250
23327,371999
23328,919325
23329,115569
23330,324193
23331,893554
23332,193418
23333,762193
23334,931750
23335,646316
23336,621387
23337,813648
23338,972559
23339,637929
23340,903167
23341,391905
23342,980740
23343,821297
23344,586791
23345,910652
23346,790493
23347,275139
23348,629034
23349,360389
23350,643716
23351,731285
23352,485789
23353,862590
23354,812152
23355,341667
23356,486229
23357,293797
23358,217101
23359,146688
23360,138507
23361,301836
23362,602341
23363,259362
23364,636353
23365,493876
23366,278051
23367,242127
23368,843831
23369,426207
23370,897017
23371,365287
23372,341248
23373,477437
23374,210155
23375,493663
23376,903356
23377,780636
23378,470384
23379,184354
23380,283885
23381,847391
23382,722197
23383,839188
23384,659293
23385,938816
23386,637002
23387,972388
23388,355870
23389,262931
23390,976607
23391,347357
23392,270800
23393,784324
23394,601566
23395,919158
23396,720268
23397,207475
23398,474888
23399,422414
23400,832769
23401,876512
23402,701986
23403,576479
23404,265531
23405,273712
23406,378833
23407,790574
23408,693801
23409,474560
23410,961905
23411,708967
23412,858726
23413,238519
23414,315217
23415,560729
23416,430759
23417,534974
23418,172177
23419,303482
23420,504642
23421,304050
23422,263253
23423,239633
23424,189719
23425,733216
23426,818381
23427,273014
23428,551806
23429,661123
23430,214672
23431,744325
23432,222875
23433,298385
23434,423808
23435,536312
23436,640025
23437,815845
23438,406022
23439,369946
23440,483083
23441,815149
23442,370642
23443,327733
23444,125367
23445,933795
23446,294720
23447,486776
23448,895607
23449,764828
23450,286083
23451,656947
23452,748022
23453,594955
23454,451092
23455,795931
23456,729688
23457,806590
23458,243873
23459,375114
23460,343718
23461,956012
23462,437106
23463,396437
23464,729232
23465,964199
23466,878133
23467,830687
23468,830999
23469,738589
23470,152035
23471,707354
23472,729907
23473,123964
23474,930344
23475,291531
23476,886079
23477,683573
23478,622277
23479,562212
23480,136293
23481,901745
23482,492178
23483,446356
23484,789075
23485,989859
23486,453975
23487,460726
23488,125460
23489,895772
23490,845338
23491,619045
23492,478928
23493,855603
23494,242986
23495,532264
23496,116951
23497,895444
23498,332582
23499,503417
23500,782193
23501,688764
23502,218499
23503,739478
23504,973993
23505,657240
23506,133173
23507,385855
23508,978650
23509,883142
23510,414760
23511,223216
23512,631039
23513,281688
23514,397742
23515,807245
23516,567423
23517,960916
23518,737123
23519,120935
23520,282256
23521,369777
23522,249407
23523,914122
23524,670155
23525,172538
23526,450028
23527,140822
23528,782825
23529,370833
23530,810853
23531,200349
23532,765195
23533,932860
23534,673058
23535,161852
23536,394282
23537,643646
23538,988023
23539,278169
23540,602207
23541,941241
23542,418215
23543,780869
23544,786767
23545,502605
23546,348508
23547,561424
23548,342777
23549,429550
23550,805601
23551,537663
23552,484807
23553,861476
23554,429862
23555,722116
23556,853295
23557,813090
23558,938641
23559,421775
23560,798116
23561,448728
23562,825403
23563,378920
23564,783581
23565,671287
23566,387107
23567,457243
23568,497430
23569,157348
23570,232517
23571,188744
23572,433502
23573,857943
23574,557472
23575,889019
23576,512088
23577,758680
23578,616841
23579,950915
23580,712350
23581,701755
23582,668375
23583,544554
23584,624064
23585,378056
23586,212999
23587,344556
23588,916254
23589,134401
23590,576014
23591,122195
23592,368965
23593,953515
23594,198473
23595,708790
23596,229541
23597,639630
23598,523899
23599,130960
23600,184171
23601,206218
23602,305766
23603,590223
23604,344199
23605,916085
23606,265601
23607,744569
23608,456592
23609,166790
23610,915645
23611,158183
23612,323552
23613,858132
23614,919780
23615,368686
23616,238021
23617,717270
23618,198178
23619,430293
23620,165734
23621,633480
23622,379787
23623,248416
23624,449403
23625,749714
23626,775613
23627,906326
23628,263081
23629,574797
23630,513019
23631,296005
23632,918532
23633,198666
23634,565768
23635,156935
23636,897499
23637,608801
23638,950560
23639,650694
23640,963411
23641,202938
23642,184912
23643,342362
23644,847525
23645,730988
23646,192659
23647,877001
23648,822056
23649,308790
23650,445387
23651,178141
23652,946489
23653,544985
23654,666916
23655,790028
23656,910573
23657,284855
23658,242621
23659,485452
23660,611513
23661,966579
23662,643485
23663,732044
23664,611953
23665,195699
23666,854636
23667,531319
23668,154516
23669,973374
23670,170806
23671,277818
23672,251440
23673,178677
23674,146969
23675,795367
23676,124709
23677,814279
23678,852426
23679,204796
23680,253790
23681,546135
23682,770635
23683,939636
23684,460391
23685,276124
23686,510501
23687,393423
23688,163033
23689,427811
23690,964853
23691,894981
23692,234736
23693,374032
23694,856034
23695,796065
23696,171704
23697,819782
23698,948311
23699,461447
23700,377573
23701,944359
23702,175619
23703,214242
23704,752124
23705,984554
23706,455198
23707,423738
23708,692693
23709,246214
23710,944687
23711,322158
23712,482681
23713,336004
23714,952398
23715,491450
23716,472084
23717,914203
23718,416025
23719,661521
23720,550692
23721,943823
23722,793394
23723,249126
23724,581832
23725,457782
23726,371592
23727,232040
23728,190309
23729,321166
23730,679775
23731,279457
23732,850259
23733,181670
23734,944036
23735,625838
23736,913592
23737,263556
23738,600449
23739,985185
23740,380782
23741,111480
23742,959950
23743,401212
23744,409399
23745,208100
23746,524554
23747,331012
23748,864282
23749,700597
23750,969891
23751,599977
23752,984649
23753,622670
23754,623238
23755,917136
23756,214409
23757,883068
23758,799866
23759,936327
23760,369867
23761,648643
23762,290337
23763,129238
23764,840915
23765,999687
23766,710640
23767,920577
23768,482322
23769,183013
23770,340319
23771,618583
23772,209076
23773,887725
23774,819685
23775,988921
23776,349722
23777,973843
23778,389629
23779,258070
23780,258782
23781,226610
23782,302648
23783,469295
23784,787649
23785,410658
23786,316822
23787,115853
23788,963966
23789,838219
23790,518053
23791,367192
23792,291001
23793,151897
23794,509870
23795,436899
23796,699621
23797,499947
23798,276471
23799,144924
23800,586715
23801,219609
23802,857402
23803,686556
23804,889558
23805,865585
23806,311309
23807,617444
23808,933964
23809,880823
23810,825942
23811,976227
23812,256365
23813,431059
23814,607687
23815,238275
23816,122686
23817,369120
23818,430363
23819,961541
23820,598090
23821,386734
23822,353162
23823,466551
23824,753524
23825,213610
23826,143207
23827,795105
23828,772843
23829,949983
23830,556852
23831,973112
23832,259389
23833,651920
23834,161945
23835,394383
23836,196469
23837,965813
23838,233648
23839,511149
23840,887886
23841,341692
23842,946423
23843,629757
23844,938236
23845,391222
23846,629045
23847,413473
23848,203124
23849,160889
23850,674151
23851,754573
23852,722017
23853,847267
23854,315581
23855,115110
23856,391517
23857,221009
23858,308315
23859,351346
23860,980592
23861,579472
23862,493160
23863,771936
23864,300696
23865,938391
23866,315862
23867,813860
23868,963574
23869,245752
23870,656290
23871,981080
23872,170331
23873,664489
23874,903331
23875,138935
23876,794762
23877,391029
23878,740460
23879,966110
23880,731945
23881,233947
23882,812996
23883,723746
23884,713483
23885,373491
23886,426504
23887,407447
23888,808831
23889,839827
23890,568453
23891,866490
23892,369219
23893,560710
23894,954285
23895,858289
23896,599017
23897,876543
23898,112912
23899,506419
23900,624326
23901,378830
23902,498232
23903,798778
23904,489073
23905,712088
23906,842867
23907,668113
23908,232843
23909,650595
23910,149345
23911,118909
23912,180805
23913,279618
23914,148905
23915,809303
23916,897974
23917,157090
23918,189006
23919,783635
23920,624878
23921,472055
23922,456989
23923,256006
23924,906811
23925,703197
23926,834358
23927,248517
23928,406041
23929,709878
23930,190952
23931,230629
23932,158924
23933,867636
23934,197057
23935,736479
23936,183083
23937,134025
23938,585285
23939,133441
23940,800180
23941,743762
23942,401138
23943,128504
23944,371501
23945,487735
23946,679218
23947,521947
23948,751473
23949,215663
23950,793495
23951,141154
23952,223844
23953,172614
23954,699691
23955,909766
23956,176190
23957,219159
23958,446176
23959,546290
23960,997652
23961,168701
23962,185779
23963,316504
23964,317072
23965,755560
23966,922015
23967,283004
23968,310581
23969,982486
23970,879306
23971,269010
23972,635891
23973,547090
23974,389883
23975,656612
23976,218359
23977,487343
23978,714373
23979,294295
23980,764803
23981,268657
23982,276858
23983,218964
23984,796327
23985,419396
23986,302165
23987,285943
23988,540148
23989,672449
23990,705837
23991,299189
23992,770381
23993,546385
23994,948145
23995,499790
23996,194075
23997,860175
23998,956184
23999,509707
24000,683234
24001,852684
24002,562235
24003,483876
24004,806858
24005,513979
24006,617634
24007,719806
24008,925775
24009,926343
24010,533356
24011,711037
24012,208521
24013,856700
24014,239973
24015,993487
24016,742617
24017,905950
24018,626371
24019,881977
24020,751130
24021,592871
24022,388360
24023,774653
24024,458232
24025,159143
24026,431709
24027,961347
24028,728511
24029,649134
24030,439454
24031,743481
24032,992999
24033,498709
24034,883473
24035,175365
24036,597603
24037,220800
24038,821396
24039,980897
24040,821852
24041,805630
24042,892959
24043,654338
24044,376074
24045,853296
24046,438066
24047,762684
24048,333861
24049,861499
24050,390252
24051,741237
24052,911737
24053,310178
24054,443999
24055,748982
24056,225443
24057,418232
24058,434458
24059,854808
24060,118268
24061,932835
24062,293632
24063,765204
24064,731896
24065,651818
24066,430497
24067,322652
24068,329405
24069,360785
24070,206685
24071,315039
24072,808038
24073,607613
24074,791336
24075,624095
24076,992211
24077,632276
24078,907714
24079,799211
24080,977905
24081,552438
24082,557503
24083,851369
24084,726691
24085,512071
24086,408230
24087,817733
24088,843170
24089,533648
24090,256471
24091,224827
24092,702916
24093,348123
24094,582706
24095,914729
24096,140093
24097,270366
24098,173593
24099,968474
24100,834279
24101,256799
24102,959484
24103,371921
24104,240954
24105,686789
24106,889295
24107,793707
24108,694892
24109,880998
24110,449380
24111,355443
24112,906313
24113,833860
24114,881582
24115,976050
24116,569079
24117,192020
24118,962004
24119,892207
24120,314684
24121,847906
24122,421987
24123,977562
24124,590224
24125,784713
24126,266070
24127,628428
24128,912090
24129,382916
24130,879926
24131,973345
24132,301762
24133,547878
24134,138437
24135,594920
24136,327503
24137,372865
24138,765055
24139,637479
24140,260804
24141,169929
24142,251911
24143,444700
24144,847546
24145,754268
24146,655265
24147,283720
24148,203373
24149,429210
24150,538499
24151,508316
24152,621189
24153,782015
24154,697273
24155,912796
24156,125914
24157,672216
24158,209344
24159,242916
24160,770644
24161,253761
24162,144800
24163,446042
24164,822385
24165,137059
24166,846644
24167,622019
24168,894514
24169,763153
24170,729853
24171,852765
24172,375279
24173,719471
24174,278902
24175,147613
24176,320601
24177,767393
24178,592126
24179,975860
24180,550387
24181,774884
24182,873699
24183,355125
24184,133075
24185,424901
24186,913868
24187,626138
24188,449570
24189,472771
24190,882208
24191,150653
24192,405611
24193,718479
24194,361908
24195,607056
24196,205752
24197,238676
24198,577268
24199,701193
24200,882696
24201,824041
24202,823329
24203,214581
24204,777420
24205,599773
24206,354261
24207,929501
24208,491214
24209,952634
24210,439332
24211,684736
24212,514345
24213,759841
24214,527861
24215,281853
24216,920606
24217,440044
24218,175551
24219,265139
24220,969916
24221,167804
24222,992405
24223,832393
24224,507500
24225,751752
24226,409384
24227,926269
24228,199920
24229,147958
24230,120554
24231,687336
24232,295103
24233,743083
24234,264019
24235,464803
24236,793158
24237,985782
24238,172383
24239,695945
24240,592733
24241,415853
24242,496263
24243,822554
24244,691441
24245,546539
24246,253482
24247,979503
24248,823250
24249,366735
24250,283237
24251,814515
24252,116314
24253,528805
24254,929861
24255,763570
24256,419582
24257,635114
24258,912631
24259,680560
24260,201320
24261,194697
24262,325986
24263,672379
24264,895929
24265,393659
24266,427607
24267,957599
24268,318588
24269,844130
24270,373105
24271,241818
24272,765327
24273,196436
24274,365490
24275,538715
24276,373689
24277,565180
24278,911842
24279,912170
24280,382516
24281,556509
24282,470053
24283,594128
24284,485259
24285,437601
24286,847234
24287,682317
24288,674118
24289,292275
24290,324191
24291,275197
24292,877294
24293,869093
24294,391903
24295,868397
24296,690988
24297,737734
24298,658624
24299,934565
24300,968009
24301,582825
24302,549261
24303,224360
24304,633703
24305,262286
24306,441809
24307,207654
24308,686901
24309,758228
24310,232641
24311,866264
24312,734459
24313,288003
24314,983875
24315,344992
24316,255404
24317,667803
24318,799088
24319,702327
24320,221320
24321,624524
24322,916378
24323,481560
24324,122655
24325,238306
24326,677142
24327,840465
24328,274374
24329,414267
24330,693471
24331,221995
24332,991779
24333,685174
24334,288904
24335,361065
24336,524180
24337,736184
24338,481979
24339,337734
24340,270830
24341,174057
24342,749590
24343,593699
24344,881461
24345,986824
24346,943045
24347,608365
24348,364169
24349,512895
24350,441970
24351,951148
24352,480859
24353,441530
24354,180396
24355,280235
24356,534440
24357,922672
24358,376370
24359,885548
24360,893735
24361,930875
24362,324092
24363,569588
24364,654834
24365,637628
24366,493129
24367,300729
24368,690759
24369,980561
24370,383935
24371,790152
24372,690319
24373,821604
24374,637044
24375,862251
24376,765484
24377,126671
24378,564255
24379,651538
24380,333821
24381,689831
24382,179129
24383,138334
24384,780642
24385,382359
24386,483750
24387,536670
24388,160373
24389,837996
24390,846183
24391,243871
24392,405096
24393,683872
24394,144699
24395,275664
24396,692169
24397,586292
24398,253202
24399,638458
24400,299519
24401,869888
24402,672067
24403,652884
24404,756649
24405,864109
24406,705639
24407,393859
24408,518242
24409,349501
24410,948435
24411,138008
24412,904460
24413,588828
24414,577135
24415,423286
24416,786068
24417,415101
24418,590981
24419,175751
24420,614664
24421,606467
24422,158957
24423,522450
24424,607179
24425,491326
24426,728637
24427,696185
24428,827026
24429,914335
24430,464027
24431,905564
24432,312833
24433,513777
24434,120274
24435,312521
24436,865085
24437,710711
24438,231460
24439,432447
24440,742960
24441,601037
24442,670525
24443,272323
24444,913468
24445,215845
24446,662014
24447,389089
24448,370863
24449,279118
24450,339779
24451,609856
24452,641452
24453,926374
24454,679032
24455,522129
24456,566889
24457,856213
24458,558690
24459,551467
24460,114132
24461,916700
24462,133827
24463,465880
24464,551139
24465,692978
24466,290469
24467,491093
24468,921165
24469,718719
24470,336235
24471,610832
24472,803595
24473,366140
24474,294109
24475,618707
24476,502927
24477,218997
24478,988797
24479,820137
24480,469419
24481,218557
24482,675328
24483,397064
24484,283390
24485,116417
24486,683203
24487,852005
24488,989853
24489,412302
24490,276339
24491,970871
24492,604597
24493,261818
24494,796846
24495,909892
24496,665925
24497,144464
24498,419917
24499,746563
24500,586591
24501,378430
24502,977872
24503,474159
24504,833062
24505,576048
24506,667681
24507,632309
24508,213745
24509,112864
24510,192350
24511,361400
24512,481698
24513,439107
24514,315070
24515,953949
24516,892005
24517,398956
24518,961694
24519,463044
24520,601137
24521,165427
24522,271095
24523,624926
24524,783587
24525,348154
24526,986905
24527,881380
24528,387101
24529,720555
24530,633109
24531,525498
24532,241336
24533,156754
24534,233139
24535,642640
24536,678220
24537,608700
24538,189374
24539,320085
24540,434088
24541,958590
24542,288625
24543,311446
24544,557470
24545,861466
24546,211428
24547,654371
24548,754142
24549,115005
24550,587371
24551,972683
24552,266828
24553,492880
24554,452701
24555,177216
24556,188389
24557,713467
24558,854513
24559,285154
24560,161794
24561,427000
24562,327173
24563,426288
24564,965678
24565,896222
24566,636813
24567,740764
24568,470175
24569,780923
24570,178336
24571,828510
24572,795570
24573,426075
24574,572590
24575,564389
24576,564845
24577,923754
24578,242563
24579,611463
24580,278476
24581,226081
24582,391150
24583,903920
24584,821238
24585,315725
24586,342956
24587,853682
24588,245163
24589,682580
24590,396119
24591,838744
24592,569422
24593,334759
24594,484498
24595,893853
24596,529761
24597,885654
24598,754301
24599,437880
24600,902360
24601,999113
24602,605986
24603,698430
24604,789754
24605,745500
24606,266735
24607,139895
24608,694405
24609,448909
24610,994937
24611,355994
24612,496779
24613,994481
24614,976475
24615,288282
24616,765966
24617,441344
24618,156985
24619,608471
24620,189141
24621,959453
24622,422538
24623,386454
24624,832901
24625,305296
24626,213914
24627,552564
24628,414337
24629,945495
24630,790698
24631,825158
24632,847875
24633,717288
24634,407308
24635,892174
24636,769262
24637,962365
24638,840384
24639,122574
24640,695563
24641,943857
24642,550682
24643,873994
24644,223999
24645,704456
24646,463905
24647,669732
24648,263377
24649,287636
24650,189843
24651,148084
24652,371070
24653,313019
24654,432973
24655,487852
24656,113669
24657,591607
24658,585438
24659,590911
24660,114381
24661,777765
24662,353596
24663,121224
24664,238709
24665,952432
24666,567696
24667,607089
24668,491396
24669,159391
24670,676737
24671,322128
24672,736324
24673,891464
24674,920916
24675,117744
24676,401658
24677,618754
24678,318187
24679,724223
24680,146345
24681,870546
24682,852796
24683,838102
24684,706621
24685,517176
24686,675097
24687,571144
24688,137026
24689,789436
24690,778422
24691,445619
24692,307534
24693,692083
24694,176749
24695,989572
24696,412055
24697,778878
24698,939138
24699,358764
24700,738713
24701,806297
24702,518043
24703,729471
24704,404849
24705,852567
24706,706902
24707,124088
24708,645542
24709,939497
24710,796692
24711,666111
24712,492054
24713,359119
24714,997932
24715,939809
24716,789207
24717,979142
24718,618601
24719,764531
24720,671890
24721,895896
24722,803761
24723,540583
24724,427198
24725,194728
24726,435381
24727,887131
24728,603631
24729,828184
24730,389899
24731,787711
24732,656660
24733,819987
24734,589573
24735,688176
24736,949194
24737,258088
24738,973869
24739,450867
24740,214455
24741,692808
24742,414892
24743,908965
24744,542802
24745,167773
24746,875393
24747,630907
24748,214911
24749,446856
24750,362038
24751,204858
24752,891683
24753,239574
24754,328466
24755,536343
24756,541874
24757,550073
24758,985183
24759,140946
24760,913542
24761,905357
24762,634011
24763,120523
24764,558808
24765,960312
24766,401154
24767,479748
24768,339961
24769,951803
24770,279284
24771,698864
24772,738065
24773,999175
24774,798711
24775,545761
24776,391176
24777,658967
24778,990988
24779,877297
24780,383691
24781,779838
24782,658655
24783,911317
24784,666836
24785,830163
24786,737753
24787,192867
24788,893083
24789,484700
24790,152652
24791,410623
24792,579821
24793,663604
24794,786900
24795,912181
24796,594127
24797,162415
24798,896123
24799,285583
24800,966211
24801,407234
24802,735948
24803,568784
24804,535100
24805,808162
24806,526591
24807,892424
24808,466505
24809,498085
24810,448107
24811,576149
24812,534236
24813,180696
24814,651006
24815,407786
24816,442118
24817,734436
24818,488940
24819,364541
24820,288028
24821,825504
24822,914861
24823,270930
24824,671404
24825,224959
24826,833707
24827,994687
24828,934002
24829,112237
24830,139633
24831,926868
24832,766123
24833,157524
24834,338873
24835,851014
24836,968437
24837,540914
24838,914958
24839,695016
24840,826115
24841,914630
24842,112078
24843,906445
24844,676962
24845,158076
24846,329114
24847,962456
24848,858255
24849,406881
24850,281172
24851,920247
24852,289375
24853,693768
24854,969237
24855,422447
24856,274393
24857,213823
24858,602543
24859,356519
24860,903765
24861,277921
24862,146506
24863,178542
24864,470937
24865,278377
24866,950154
24867,664471
24868,903325
24869,451955
24870,170341
24871,242470
24872,854079
24873,713525
24874,477404
24875,233957
24876,519667
24877,862972
24878,274753
24879,135329
24880,392107
24881,459194
24882,698523
24883,737914
24884,869265
24885,169349
24886,902269
24887,383336
24888,597900
24889,308325
24890,821627
24891,221039
24892,893752
24893,673842
24894,805337
24895,839221
24896,722228
24897,342465
24898,620745
24899,754392
24900,682041
24901,211682
24902,258862
24903,171555
24904,303048
24905,311235
24906,250349
24907,912664
24908,724058
24909,318030
24910,187301
24911,572237
24912,486745
24913,706224
24914,294753
24915,925577
24916,532066
24917,176840
24918,939047
24919,990185
24920,778259
24921,412666
24922,613708
24923,483769
24924,805975
24925,404671
24926,721082
24927,621895
24928,814740
24929,529026
24930,763285
24931,806559
24932,570725
24933,363288
24934,733897
24935,432416
24936,521261
24937,231483
24938,128454
24939,918489
24940,818724
24941,409287
24942,856873
24943,542076
24944,458341
24945,881772
24946,792929
24947,272055
24948,388189
24949,867594
24950,158962
24951,760582
24952,336599
24953,369979
24954,121133
24955,676644
24956,507779
24957,141684
24958,984433
24959,585339
24960,353689
24961,591442
24962,313693
24963,369744
24964,816047
24965,536498
24966,491082
24967,328063
24968,322462
24969,899981
24970,675975
24971,289906
24972,640923
24973,231288
24974,920730
24975,669634
24976,223185
24977,992985
24978,831941
24979,306384
24980,785704
24981,175419
24982,506912
24983,917003
24984,786400
24985,944407
24986,214290
24987,176115
24988,631318
24989,668938
24990,609887
24991,719176
24992,890726
24993,513925
24994,864385
24995,733546
24996,331167
24997,550612
24998,882639
24999,132340
25000,424162
25001,881927
25002,303864
25003,582640
25004,549916
25005,491643
25006,939908
25007,261229
25008,605026
25009,779184
25010,715256
25011,529385
25012,755261
25013,781720
25014,310368
25015,218986
25016,940460
25017,870748
25018,996513
25019,595265
25020,644579
25021,435216
25022,563429
25023,618700
25024,653088
25025,154914
25026,644907
25027,803292
25028,764630
25029,895805
25030,332239
25031,927045
25032,181162
25033,726101
25034,148550
25035,525933
25036,512121
25037,817787
25038,843164
25039,489374
25040,809584
25041,216262
25042,387786
25043,775743
25044,356334
25045,456946
25046,663069
25047,549856
25048,173295
25049,122810
25050,328779
25051,900793
25052,191881
25053,198504
25054,113207
25055,584228
25056,590021
25057,693521
25058,305636
25059,344837
25060,265731
25061,165892
25062,353038
25063,832753
25064,987550
25065,748936
25066,502636
25067,904068
25068,493999
25069,390226
25070,178367
25071,470600
25072,126721
25073,844559
25074,565017
25075,511017
25076,486350
25077,135536
25078,252826
25079,658533
25080,991158
25081,220862
25082,790342
25083,868928
25084,283933
25085,324346
25086,646199
25087,722477
25088,177460
25089,251961
25090,545328
25091,971831
25092,579348
25093,605685
25094,252657
25095,220445
25096,990229
25097,367700
25098,292533
25099,538557
25100,963002
25101,954801
25102,342963
25103,682571
25104,885057
25105,114761
25106,153429
25107,245628
25108,476294
25109,184945
25110,561810
25111,324497
25112,316314
25113,955257
25114,516961
25115,462632
25116,226110
25117,740896
25118,903207
25119,981212
25120,494092
25121,462304
25122,681643
25123,564410
25124,333656
25125,611920
25126,835751
25127,364724
25128,643956
25129,477286
25130,808955
25131,677392
25132,736029
25133,685267
25134,848596
25135,489693
25136,323521
25137,230183
25138,475027
25139,776572
25140,968807
25141,134219
25142,584527
25143,119033
25144,817936
25145,727030
25146,330504
25147,533957
25148,372263
25149,241612
25150,165263
25151,457113
25152,802454
25153,111988
25154,540744
25155,801886
25156,607086
25157,159360
25158,151179
25159,684949
25160,182631
25161,952999
25162,370505
25163,239266
25164,405589
25165,113690
25166,133573
25167,577226
25168,465118
25169,701239
25170,272421
25171,856979
25172,926568
25173,641122
25174,566639
25175,155816
25176,917931
25177,513620
25178,818262
25179,743422
25180,215075
25181,657992
25182,778409
25183,176314
25184,747333
25185,878254
25186,604851
25187,797608
25188,939605
25189,392863
25190,746893
25191,860968
25192,706594
25193,537139
25194,476096
25195,343613
25196,186367
25197,528624
25198,429026
25199,268886
25200,879182
25201,912802
25202,788291
25203,381556
25204,870541
25205,905057
25206,664683
25207,886831
25208,401965
25209,234705
25210,964820
25211,732395
25212,374777
25213,653041
25214,956951
25215,819980
25216,879085
25217,495337
25218,258815
25219,450860
25220,973874
25221,988888
25222,589266
25223,555582
25224,381399
25225,837258
25226,117380
25227,653210
25228,714602
25229,618614
25230,318367
25231,957308
25232,803758
25233,486976
25234,492041
25235,901866
25236,460261
25237,253460
25238,275742
25239,852096
25240,562807
25241,343454
25242,621718
25243,116324
25244,282771
25245,806278
25246,964503
25247,203902
25248,838250
25249,335709
25250,613973
25251,432697
25252,650186
25253,617510
25254,898335
25255,521724
25256,320780
25257,792752
25258,550054
25259,249508
25260,827228
25261,882109
25262,464213
25263,263589
25264,224139
25265,695423
25266,550510
25267,859344
25268,760535
25269,867547
25270,567852
25271,960783
25272,676597
25273,313831
25274,483067
25275,849145
25276,718098
25277,743613
25278,585642
25279,114617
25280,298081
25281,223083
25282,543365
25283,408340
25284,617196
25285,364235
25286,287786
25287,843480
25288,712499
25289,975979
25290,741471
25291,216394
25292,471388
25293,593321
25294,760861
25295,816919
25296,229640
25297,329487
25298,130621
25299,761557
25300,544391
25301,784784
25302,174923
25303,937380
25304,443685
25305,390622
25306,225553
25307,470284
25308,309776
25309,372824
25310,434344
25311,530809
25312,234352
25313,836232
25314,545495
25315,771531
25316,821542
25317,220978
25318,946687
25319,467436
25320,980499
25321,998649
25322,169744
25323,830437
25324,437320
25325,161721
25326,861321
25327,612511
25328,395623
25329,529817
25330,868463
25331,771688
25332,421249
25333,746311
25334,553911
25335,324125
25336,516845
25337,123654
25338,722634
25339,682951
25340,707616
25341,871567
25342,452237
25343,911776
25344,780363
25345,689478
25346,349010
25347,828582
25348,772160
25349,493896
25350,673252
25351,126950
25352,538649
25353,434627
25354,328876
25355,323149
25356,866738
25357,769973
25358,122717
25359,560974
25360,430456
25361,784947
25362,213185
25363,977704
25364,753119
25365,668177
25366,616783
25367,817236
25368,207276
25369,372651
25370,241216
25371,279882
25372,520797
25373,149097
25374,858001
25375,425265
25376,262348
25377,703445
25378,173760
25379,505819
25380,784083
25381,625126
25382,505107
25383,694550
25384,574688
25385,356105
25386,523059
25387,322499
25388,614433
25389,953131
25390,648453
25391,439549
25392,205322
25393,952803
25394,737055
25395,491031
25396,660828
25397,167845
25398,792191
25399,175462
25400,725308
25401,864476
25402,842301
25403,155940
25404,533263
25405,566499
25406,424127
25407,215471
25408,472505
25409,827323
25410,974990
25411,495766
25412,257152
25413,966789
25414,878058
25415,177150
25416,500453
25417,492270
25418,419855
25419,997404
25420,970805
25421,666575
25422,797220
25423,536951
25424,528764
25425,374877
25426,837701
25427,665063
25428,773894
25429,795660
25430,349204
25431,502989
25432,626744
25433,145978
25434,269274
25435,827688
25436,243614
25437,653181
25438,714637
25439,572027
25440,540055
25441,763971
25442,644542
25443,163772
25444,748354
25445,627027
25446,381019
25447,547769
25448,302429
25449,171646
25450,664716
25451,781926
25452,503662
25453,589462
25454,595063
25455,732868
25456,340538
25457,855844
25458,756003
25459,652822
25460,509995
25461,887296
25462,326168
25463,869954
25464,420780
25465,789316
25466,384187
25467,691523
25468,546193
25469,604316
25470,846117
25471,517312
25472,291092
25473,509443
25474,886496
25475,432509
25476,725663
25477,688018
25478,960171
25479,521912
25480,751378
25481,634120
25482,834579
25483,742865
25484,967462
25485,388808
25486,172581
25487,827088
25488,151148
25489,397937
25490,899771
25491,676273
25492,431957
25493,841654
25494,849853
25495,718422
25496,700696
25497,465649
25498,777237
25499,669428
25500,507158
25501,661247
25502,473850
25503,883225
25504,306990
25505,591047
25506,272578
25507,141609
25508,786134
25509,938318
25510,797875
25511,902738
25512,830303
25513,690879
25514,980649
25515,910937
25516,444799
25517,597867
25518,829847
25519,492665
25520,153024
25521,516924
25522,193063
25523,861947
25524,674333
25525,748734
25526,987304
25527,602440
25528,829375
25529,548493
25530,259215
25531,749174
25532,981121
25533,556678
25534,931875
25535,365089
25536,530883
25537,341446
25538,318959
25539,723963
25540,888316
25541,426009
25542,704785
25543,572652
25544,438890
25545,280699
25546,962431
25547,709481
25548,900423
25549,130127
25550,892236
25551,667912
25552,297489
25553,344315
25554,983760
25555,475086
25556,575953
25557,668608
25558,776481
25559,134878
25560,758415
25561,480363
25562,207541
25563,889260
25564,240985
25565,865867
25566,139517
25567,834543
25568,296689
25569,256535
25570,934710
25571,602064
25572,165330
25573,750118
25574,624695
25575,914465
25576,617277
25577,650449
25578,897228
25579,927000
25580,726024
25581,582737
25582,750413
25583,271029
25584,139670
25585,425355
25586,670851
25587,322623
25588,158264
25589,527056
25590,616413
25591,406765
25592,238106
25593,639730
25594,157936
25595,807941
25596,735459
25597,552797
25598,305593
25599,668331
25600,969625
25601,306033
25602,624500
25603,820247
25604,217603
25605,443964
25606,593960
25607,981794
25608,844186
25609,373129
25610,394910
25611,202629
25612,426938
25613,332966
25614,501017
25615,144366
25616,444436
25617,266766
25618,745781
25619,445148
25620,143654
25621,323695
25622,654433
25623,211822
25624,620869
25625,484795
25626,739992
25627,269152
25628,635017
25629,912532
25630,219021
25631,595822
25632,349798
25633,349358
25634,595366
25635,739408
25636,925189
25637,286438
25638,373767
25639,895250
25640,518969
25641,837335
25642,340259
25643,435775
25644,478430
25645,374479
25646,658302
25647,666485
25648,699545
25649,454489
25650,788573
25651,955657
25652,151845
25653,729405
25654,428756
25655,325417
25656,479814
25657,339899
25658,312666
25659,287421
25660,231863
25661,128074
25662,925846
25663,199827
25664,479374
25665,339315
25666,278654
25667,670661
25668,782639
25669,346678
25670,827137
25671,380690
25672,775148
25673,541936
25674,257778
25675,129194
25676,406443
25677,649079
25678,928886
25679,899946
25680,498892
25681,385329
25682,298740
25683,264472
25684,175892
25685,824289
25686,327923
25687,807136
25688,929749
25689,807464
25690,129473
25691,607027
25692,491462
25693,431399
25694,743819
25695,970620
25696,599158
25697,777831
25698,415109
25699,175743
25700,447081
25701,306524
25702,346045
25703,823362
25704,499111
25705,831561
25706,167100
25707,222813
25708,918006
25709,818883
25710,215166
25711,464555
25712,355158
25713,163932
25714,542547
25715,459987
25716,392898
25717,947403
25718,219654
25719,554984
25720,392202
25721,956074
25722,212291
25723,475477
25724,483678
25725,838492
25726,124761
25727,160397
25728,930693
25729,570754
25730,335467
25731,955490
25732,204672
25733,137512
25734,226341
25735,171716
25736,179207
25737,618816
25738,864149
25739,201568
25740,163437
25741,305271
25742,174492
25743,907943
25744,213429
25745,677608
25746,919613
25747,369215
25748,238548
25749,601973
25750,943000
25751,549051
25752,994390
25753,720367
25754,678408
25755,809955
25756,232951
25757,320473
25758,608304
25759,918749
25760,429148
25761,847028
25762,853589
25763,923301
25764,283790
25765,853149
25766,561770
25767,730493
25768,647020
25769,395640
25770,746035
25771,260298
25772,266504
25773,911100
25774,501279
25775,756914
25776,704948
25777,538989
25778,196194
25779,259114
25780,656350
25781,501815
25782,981028
25783,880112
25784,470291
25785,277987
25786,786685
25787,941323
25788,365551
25789,319209
25790,341000
25791,118770
25792,924134
25793,154150
25794,187850
25795,957634
25796,765394
25797,748912
25798,251778
25799,941152
25800,941736
25801,502108
25802,911807
25803,508665
25804,152590
25805,716540
25806,537830
25807,334379
25808,184618
25809,789878
25810,177775
25811,745872
25812,220742
25813,352173
25814,821330
25815,586820
25816,779444
25817,545699
25818,391242
25819,260513
25820,662573
25821,784076
25822,625457
25823,132080
25824,802565
25825,942835
25826,976159
25827,338008
25828,919422
25829,433543
25830,969532
25831,422350
25832,414149
25833,694049
25834,753088
25835,447713
25836,983838
25837,377873
25838,297239
25839,569178
25840,229500
25841,708719
25842,380855
25843,943541
25844,140477
25845,592211
25846,164698
25847,295601
25848,993459
25849,600408
25850,935358
25851,793216
25852,190167
25853,400685
25854,618006
25855,542901
25856,254647
25857,114057
25858,785770
25859,831879
25860,760367
25861,405958
25862,815397
25863,676037
25864,397773
25865,523052
25866,868075
25867,567324
25868,615158
25869,572004
25870,510871
25871,117372
25872,285835
25873,340358
25874,317871
25875,563367
25876,913145
25877,982537
25878,870686
25879,390124
25880,268557
25881,227107
25882,879581
25883,715634
25884,509815
25885,151936
25886,894879
25887,335213
25888,838290
25889,483472
25890,614061
25891,706993
25892,291496
25893,645441
25894,869886
25895,253676
25896,948173
25897,499762
25898,691255
25899,136910
25900,291779
25901,714961
25902,852243
25903,124924
25904,325351
25905,878166
25906,384620
25907,209870
25908,510004
25909,374217
25910,764215
25911,965348
25912,332006
25913,428026
25914,286176
25915,635207
25916,268974
25917,781489
25918,381580
25919,905113
25920,777922
25921,800200
25922,823855
25923,473133
25924,984371
25925,272605
25926,141622
25927,614741
25928,482720
25929,859459
25930,431946
25931,867656
25932,573466
25933,223768
25934,504297
25935,550197
25936,271421
25937,985555
25938,591928
25939,458279
25940,926608
25941,287603
25942,200029
25943,371537
25944,617909
25945,118307
25946,153919
25947,333266
25948,836141
25949,765643
25950,126176
25951,835813
25952,434189
25953,756744
25954,903853
25955,259672
25956,556113
25957,391091
25958,781133
25959,628400
25960,348828
25961,443776
25962,627832
25963,664431
25964,548498
25965,828776
25966,334130
25967,682177
25968,884995
25969,375837
25970,343025
25971,963064
25972,203281
25973,946522
25974,412740
25975,938321
25976,972477
25977,667535
25978,135825
25979,947090
25980,587157
25981,746121
25982,690280
25983,601351
25984,575462
25985,741626
25986,256520
25987,633579
25988,505365
25989,793623
25990,449304
25991,471857
25992,216871
25993,263114
25994,165325
25995,457179
25996,372325
25997,616577
25998,442005
25999,330114
26000,399730
26001,809817
26002,180299
26003,720213
26004,371885
26005,512336
26006,386819
26007,297158
26008,544290
26009,776510
26010,983759
26011,534887
26012,430718
26013,962400
26014,647493
26015,736095
26016,701784
26017,544585
26018,624035
26019,552770
26020,213676
26021,983404
26022,589959
26023,213092
26024,297829
26025,221295
26026,527055
26027,281543
26028,490300
26029,639013
26030,229574
26031,769808
26032,615690
26033,439070
26034,471642
26035,906590
26036,601764
26037,296837
26038,131458
26039,270434
26040,471186
26041,897235
26042,400081
26043,319680
26044,686362
26045,843542
26046,156687
26047,508043
26048,884840
26049,153212
26050,485228
26051,804938
26052,562107
26053,342098
26054,211385
26055,923068
26056,738281
26057,452608
26058,659183
26059,980245
26060,467690
26061,177877
26062,383539
26063,605404
26064,118144
26065,241789
26066,373142
26067,681290
26068,854444
26069,519848
26070,689635
26071,780526
26072,602868
26073,301341
26074,580317
26075,494373
26076,628699
26077,348479
26078,981821
26079,689963
26080,715008
26081,243987
26082,152562
26083,570942
26084,860361
26085,299123
26086,948087
26087,307888
26088,823214
26089,604498
26090,939444
26091,325918
26092,836608
26093,812007
26094,680460
26095,563229
26096,764462
26097,626845
26098,589200
26099,137876
26100,547447
26101,774051
26102,940372
26103,581459
26104,349361
26105,503456
26106,410689
26107,254149
26108,385326
26109,353986
26110,455134
26111,752188
26112,591809
26113,415289
26114,978435
26115,585704
26116,386022
26117,559277
26118,151458
26119,159657
26120,491186
26121,961413
26122,899957
26123,289930
26124,159073
26125,204903
26126,614532
26127,826838
26128,905752
26129,354538
26130,295435
26131,882175
26132,215306
26133,303616
26134,504560
26135,111387
26136,975587
26137,792818
26138,864945
26139,488018
26140,128085
26141,525217
26142,819127
26143,617572
26144,558725
26145,850579
26146,240491
26147,263308
26148,164491
26149,295776
26150,742772
26151,782995
26152,943788
26153,882268
26154,215721
26155,295336
26156,424889
26157,649955
26158,521757
26159,330764
26160,362792
26161,759254
26162,687927
26163,440787
26164,175712
26165,499568
26166,978336
26167,984897
26168,661082
26169,336103
26170,313550
26171,406239
26172,159426
26173,328228
26174,845736
26175,187229
26176,564158
26177,487273
26178,402031
26179,713867
26180,724586
26181,773832
26182,451277
26183,827950
26184,381182
26185,788225
26186,589051
26187,870919
26188,335036
26189,517805
26190,683343
26191,151633
26192,852833
26193,683911
26194,806503
26195,570781
26196,335476
26197,144860
26198,910280
26199,746959
26200,770272
26201,979440
26202,690747
26203,990412
26204,177957
26205,579533
26206,360172
26207,578821
26208,636936
26209,779774
26210,790260
26211,252128
26212,444923
26213,292004
26214,211017
26215,367757
26216,236902
26217,995367
26218,740401
26219,655671
26220,981709
26221,749298
26222,443675
26223,636136
26224,226279
26225,923820
26226,434782
26227,573088
26228,372838
26229,639773
26230,130563
26231,769760
26232,568848
26233,735500
26234,615674
26235,238581
26236,760867
26237,281143
26238,584598
26239,884065
26240,506478
26241,777069
26242,798823
26243,875882
26244,166782
26245,876450
26246,907342
26247,937810
26248,631896
26249,660303
26250,824648
26251,512771
26252,525591
26253,557819
26254,566000
26255,766464
26256,809922
26257,338906
26258,872842
26259,968342
26260,633456
26261,915053
26262,976541
26263,825768
26264,247888
26265,549458
26266,809641
26267,866212
26268,720037
26269,408129
26270,919391
26271,480644
26272,338041
26273,189304
26274,488847
26275,712294
26276,533623
26277,766827
26278,694568
26279,248123
26280,132049
26281,833736
26282,967989
26283,456747
26284,224276
26285,355839
26286,608082
26287,490407
26288,399018
26289,928124
26290,769931
26291,840557
26292,481636
26293,369525
26294,598751
26295,969173
26296,422695
26297,255440
26298,143162
26299,247259
26300,344340
26301,378616
26302,506629
26303,776710
26304,466146
26305,991740
26306,470673
26307,820371
26308,981358
26309,178278
26310,656020
26311,251243
26312,636291
26313,259424
26314,872057
26315,170661
26316,636747
26317,628544
26318,879802
26319,486167
26320,844062
26321,681425
26322,341033
26323,275073
26324,745905
26325,351556
26326,587437
26327,779869
26328,413108
26329,545098
26330,798044
26331,169541
26332,884979
26333,715797
26334,674106
26335,334018
26336,438229
26337,179688
26338,171491
26339,461276
26340,326021
26341,844944
26342,618671
26343,117341
26344,163146
26345,268036
26346,420601
26347,460788
26348,691222
26349,307427
26350,691934
26351,604617
26352,393005
26353,901683
26354,845936
26355,244104
26356,653675
26357,837755
26358,204399
26359,570477
26360,838323
26361,290881
26362,244544
26363,432168
26364,641488
26365,767021
26366,758822
26367,850112
26368,312798
26369,618039
26370,818660
26371,890629
26372,834886
26373,295000
26374,905291
26375,472455
26376,640304
26377,960982
26378,737057
26379,606228
26380,891877
26381,353881
26382,306355
26383,585147
26384,660834
26385,874895
26386,362395
26387,768878
26388,121734
26389,718440
26390,205207
26391,615356
26392,129349
26393,807596
26394,786152
26395,414977
26396,591097
26397,701422
26398,254261
26399,473796
26400,890478
26401,532626
26402,128877
26403,864649
26404,440648
26405,873476
26406,582392
26407,943359
26408,141119
26409,975323
26410,472612
26411,774347
26412,905504
26413,144711
26414,877759
26415,979875
26416,227393
26417,665682
26418,770171
26419,445557
26420,571342
26421,159937
26422,244267
26423,437040
26424,436728
26425,283625
26426,529121
26427,885782
26428,930561
26429,137644
26430,828085
26431,171144
26432,827517
26433,957134
26434,887358
26435,933161
26436,732922
26437,194821
26438,672759
26439,608867
26440,897433
26441,533926
26442,442036
26443,119378
26444,702706
26445,671518
26446,783860
26447,379849
26448,784188
26449,481917
26450,337792
26451,760985
26452,515929
26453,122546
26454,954186
26455,866397
26456,158117
26457,769626
26458,584164
26459,884499
26460,668670
26461,798941
26462,386850
26463,413749
26464,113471
26465,697506
26466,270267
26467,911439
26468,278448
26469,470848
26470,781164
26471,655757
26472,628369
26473,903820
26474,417934
26475,772967
26476,663942
26477,812835
26478,187450
26479,712996
26480,477901
26481,835780
26482,486086
26483,520162
26484,394499
26485,804320
26486,659365
26487,500812
26488,938936
26489,667566
26490,135856
26491,229309
26492,869192
26493,579447
26494,637562
26495,902764
26496,501380
26497,445321
26498,220542
26499,805832
26500,708047
26501,375868
26502,847591
26503,484590
26504,395747
26505,931069
26506,972791
26507,228382
26508,261106
26509,553467
26510,467659
26511,746435
26512,790309
26513,383194
26514,300508
26515,459456
26516,368532
26517,292797
26518,613304
26519,530110
26520,153181
26521,284598
26522,508074
26523,689930
26524,178708
26525,780807
26526,786701
26527,269336
26528,829162
26529,225846
26530,462368
26531,772292
26532,787397
26533,880328
26534,234143
26535,332952
26536,619931
26537,477550
26538,531038
26539,373175
26540,478118
26541,896162
26542,238116
26543,615723
26544,323273
26545,735453
26546,398552
26547,523505
26548,961762
26549,560386
26550,991558
26551,589990
26552,344934
26553,447610
26554,165991
26555,127794
26556,959178
26557,207144
26558,919525
26559,950281
26560,575148
26561,256394
26562,248193
26563,783519
26564,417654
26565,849490
26566,760500
26567,515004
26568,675934
26569,899924
26570,523191
26571,196685
26572,736595
26573,867512
26574,190564
26575,710010
26576,439417
26577,499258
26578,377804
26579,692476
26580,133637
26581,321447
26582,733619
26583,818526
26584,650153
26585,856731
26586,819094
26587,370793
26588,661816
26589,975554
26590,696020
26591,874269
26592,303337
26593,770914
26594,219547
26595,909954
26596,970929
26597,392543
26598,420419
26599,797344
26600,317212
26601,886543
26602,674830
26603,367130
26604,203805
26605,562396
26606,555157
26607,443276
26608,747621
26609,180122
26610,739438
26611,461158
26612,904809
26613,940989
26614,389567
26615,603995
26616,696391
26617,200957
26618,965396
26619,764431
26620,803077
26621,366330
26622,680165
26623,855755
26624,532432
26625,887079
26626,672294
26627,442415
26628,787944
26629,948245
26630,410891
26631,311066
26632,479043
26633,155224
26634,374098
26635,672589
26636,294840
26637,487240
26638,964791
26639,789440
26640,500162
26641,630071
26642,604880
26643,261911
26644,586482
26645,253724
26646,947445
26647,675757
26648,645297
26649,528987
26650,509007
26651,316607
26652,317047
26653,375674
26654,653938
26655,707209
26656,325244
26657,120084
26658,147976
26659,200462
26660,189935
26661,710897
26662,521788
26663,513591
26664,890580
26665,278827
26666,182060
26667,457844
26668,581770
26669,140621
26670,416091
26671,881845
26672,164522
26673,801203
26674,536064
26675,398069
26676,151272
26677,952332
26678,182532
26679,370474
26680,606661
26681,415603
26682,507282
26683,465085
26684,167498
26685,353600
26686,175681
26687,114353
26688,333142
26689,705346
26690,365242
26691,292955
26692,644018
26693,126636
26694,804165
26695,394662
26696,854083
26697,434313
26698,756876
26699,242066
26700,572535
26701,470317
26702,580402
26703,773058
26704,872205
26705,972817
26706,443652
26707,278293
26708,813486
26709,292027
26710,893764
26711,963508
26712,203413
26713,192628
26714,646554
26715,654737
26716,853611
26717,544830
26718,830404
26719,998616
26720,228816
26721,351280
26722,690724
26723,628764
26724,737798
26725,260340
26726,942446
26727,671091
26728,776082
26729,497306
26730,425651
26731,906417
26732,802384
26733,873309
26734,694364
26735,173378
26736,565999
26737,280264
26738,757980
26739,842801
26740,386951
26741,991368
26742,790643
26743,659864
26744,784817
26745,977066
26746,701623
26747,761588
26748,685077
26749,568847
26750,962532
26751,523583
26752,769079
26753,928448
26754,122079
26755,337701
26756,983840
26757,701916
26758,134958
26759,498137
26760,744949
26761,708689
26762,867163
26763,561007
26764,130935
26765,398461
26766,489840
26767,197990
26768,569188
26769,906714
26770,873014
26771,742365
26772,111833
26773,139533
26774,216064
26775,224267
26776,703476
26777,541157
26778,919360
26779,520372
26780,534176
26781,157251
26782,734800
26783,843666
26784,608613
26785,329837
26786,288096
26787,962583
26788,931835
26789,161523
26790,561655
26791,342230
26792,152624
26793,237274
26794,220792
26795,444559
26796,902506
26797,903074
26798,798019
26799,666792
26800,789832
26801,924432
26802,531195
26803,333557
26804,486152
26805,705065
26806,538680
26807,924120
26808,284987
26809,854312
26810,636316
26811,741261
26812,217752
26813,147349
26814,410499
26815,656011
26816,690095
26817,444071
26818,871598
26819,170682
26820,795043
26821,941150
26822,124001
26823,193681
26824,324986
26825,852622
26826,654268
26827,367295
26828,822754
26829,778500
26830,658405
26831,940024
26832,604630
26833,630321
26834,779212
26835,811875
26836,478861
26837,186490
26838,644511
26839,125057
26840,932957
26841,393539
26842,510889
26843,411149
26844,503020
26845,982271
26846,912399
26847,819458
26848,410821
26849,273216
26850,622761
26851,669630
26852,465851
26853,832369
26854,743547
26855,874896
26856,499359
26857,361511
26858,840756
26859,960969
26860,718292
26861,891898
26862,559841
26863,439828
26864,322530
26865,523026
26866,993861
26867,354982
26868,495799
26869,793278
26870,550568
26871,827290
26872,504436
26873,496255
26874,279085
26875,409552
26876,951586
26877,618024
26878,488150
26879,521530
26880,532966
26881,842268
26882,960481
26883,190185
26884,441076
26885,450066
26886,304111
26887,380642
26888,249609
26889,271363
26890,388841
26891,132579
26892,496404
26893,573476
26894,464432
26895,782559
26896,347078
26897,759706
26898,181569
26899,959554
26900,401072
26901,156326
26902,935947
26903,415006
26904,751899
26905,377034
26906,254250
26907,298444
26908,560010
26909,728214
26910,768881
26911,290149
26912,640652
26913,129370
26914,960674
26915,182689
26916,483158
26917,863686
26918,724006
26919,957137
26920,402155
26921,509962
26922,595030
26923,688970
26924,145848
26925,787789
26926,503631
26927,603229
26928,461408
26929,996790
26930,974239
26931,580724
26932,389233
26933,268944
26934,411494
26935,595614
26936,683467
26937,212440
26938,571345
26939,838599
26940,124170
26941,185841
26942,755170
26943,243964
26944,604349
26945,665677
26946,144728
26947,947280
26948,446114
26949,746827
26950,884492
26951,590618
26952,915680
26953,693966
26954,213297
26955,983097
26956,875983
26957,466220
26958,560246
26959,953757
26960,481890
26961,920177
26962,760966
26963,568445
26964,369339
26965,648115
26966,271359
26967,549623
26968,262460
26969,224730
26970,457517
26971,173872
26972,112576
26973,199327
26974,520549
26975,157586
26976,919185
26977,851072
26978,720235
26979,442027
26980,533945
26981,561190
26982,762077
26983,484921
26984,193030
26985,368352
26986,395772
26987,476410
26988,308387
26989,275279
26990,459132
26991,333604
26992,764989
26993,511294
26994,888597
26995,680991
26996,672788
26997,485393
26998,147012
26999,627782
27000,911440
27001,217929
27002,259246
27003,494192
27004,390469
27005,547940
27006,912024
27007,844659
27008,812191
27009,402556
27010,924002
27011,651880
27012,153706
27013,161889
27014,803988
27015,202092
27016,195909
27017,426323
27018,403124
27019,241731
27020,772627
27021,470268
27022,556292
27023,410097
27024,689629
27025,697814
27026,664122
27027,484762
27028,316045
27029,211335
27030,404052
27031,115038
27032,192933
27033,962733
27034,587272
27035,453366
27036,391686
27037,260389
27038,136132
27039,459487
27040,868924
27041,779312
27042,968536
27043,880719
27044,248662
27045,881287
27046,742247
27047,802689
27048,720584
27049,865737
27050,199668
27051,678887
27052,441608
27053,857866
27054,414017
27055,916291
27056,255933
27057,544191
27058,701798
27059,791402
27060,784480
27061,552828
27062,184118
27063,616444
27064,967382
27065,111397
27066,582454
27067,449803
27068,634104
27069,818497
27070,440910
27071,609361
27072,767112
27073,362621
27074,758915
27075,978493
27076,660935
27077,222999
27078,777701
27079,785902
27080,916485
27081,584990
27082,984596
27083,523176
27084,322392
27085,369814
27086,313755
27087,205457
27088,807778
27089,680186
27090,209129
27091,837366
27092,393721
27093,332737
27094,571432
27095,732980
27096,982669
27097,982085
27098,904382
27099,645901
27100,763632
27101,860407
27102,436990
27103,814577
27104,528871
27105,683730
27106,529199
27107,721887
27108,955688
27109,622114
27110,645573
27111,823184
27112,779126
27113,901782
27114,460185
27115,831387
27116,797375
27117,554658
27118,789172
27119,878521
27120,814674
27121,528964
27122,614210
27123,838069
27124,236165
27125,325219
27126,404601
27127,653933
27128,830520
27129,699859
27130,227884
27131,554953
27132,144866
27133,971533
27134,294823
27135,836949
27136,855999
27137,925063
27138,374661
27139,724124
27140,427902
27141,732311
27142,162948
27143,235109
27144,539751
27145,644742
27146,595492
27147,179238
27148,419799
27149,358183
27150,302534
27151,460818
27152,357871
27153,555489
27154,913174
27155,944754
27156,752489
27157,823395
27158,591508
27159,917414
27160,623536
27161,264274
27162,133561
27163,777798
27164,353631
27165,238614
27166,182555
27167,606994
27168,899304
27169,999473
27170,648765
27171,347004
27172,581781
27173,550777
27174,141210
27175,458403
27176,128256
27177,898056
27178,231677
27179,865252
27180,759272
27181,917975
27182,818218
27183,200153
27184,321235
27185,898752
27186,390887
27187,269318
27188,655920
27189,780497
27190,911674
27191,494034
27192,301346
27193,996128
27194,153707
27195,126388
27196,643242
27197,863056
27198,531008
27199,220171
27200,637711
27201,391687
27202,579074
27203,938701
27204,144334
27205,516727
27206,211334
27207,954991
27208,847762
27209,620901
27210,115607
27211,153155
27212,367938
27213,236713
27214,372529
27215,608734
27216,364346
27217,520903
27218,288531
27219,678886
27220,280344
27221,601171
27222,417184
27223,942710
27224,633207
27225,866600
27226,727240
27227,892623
27228,685509
27229,526392
27230,891911
27231,560412
27232,360722
27233,584281
27234,598195
27235,143262
27236,447588
27237,928379
27238,639345
27239,769164
27240,206013
27241,761423
27242,598800
27243,991995
27244,255007
27245,246804
27246,825124
27247,693967
27248,785346
27249,466221
27250,352464
27251,842890
27252,526203
27253,512935
27254,651090
27255,726339
27256,198742
27257,809390
27258,304146
27259,582938
27260,549622
27261,505058
27262,671488
27263,496873
27264,741901
27265,625375
27266,270646
27267,915145
27268,798299
27269,910513
27270,177481
27271,822132
27272,220512
27273,544901
27274,699028
27275,184516
27276,437458
27277,476723
27278,954828
27279,315695
27280,853712
27281,716250
27282,367657
27283,395773
27284,561903
27285,529667
27286,594859
27287,348835
27288,635980
27289,357032
27290,740957
27291,580489
27292,871806
27293,341806
27294,651722
27295,511295
27296,477211
27297,731416
27298,804350
27299,162059
27300,491991
27301,227885
27302,998181
27303,830521
27304,878291
27305,253386
27306,910327
27307,788758
27308,445977
27309,586476
27310,546059
27311,939232
27312,721589
27313,613771
27314,964225
27315,536710
27316,921958
27317,886394
27318,509593
27319,437140
27320,250154
27321,494903
27322,974828
27323,469016
27324,393819
27325,672595
27326,402000
27327,724125
27328,478613
27329,756593
27330,895633
27331,732310
27332,326274
27333,615192
27334,238615
27335,640255
27336,522250
27337,606683
27338,322098
27339,121634
27340,684320
27341,313913
27342,831593
27343,744291
27344,599710
27345,591509
27346,446593
27347,551248
27348,599126
27349,167508
27350,710895
27351,687880
27352,120770
27353,147678
27354,231988
27355,679371
27356,975231
27357,592501
27358,703842
27359,994197
27360,669766
27361,906060
27362,257977
27363,463939
27364,458402
27365,993629
27366,975799
27367,416069
27368,147893
27369,810315
27370,522057
27371,609360
27372,926334
27373,775116
27374,263640
27375,464168
27376,935227
27377,173012
27378,303679
27379,696010
27380,111396
27381,473067
27382,966687
27383,424685
27384,774404
27385,257050
27386,999771
27387,322393
27388,129602
27389,559250
27390,917196
27391,700961
27392,298708
27393,499236
27394,542768
27395,386009
27396,752131
27397,377114
27398,507111
27399,389993
27400,418933
27401,410750
27402,912564
27403,688210
27404,547400
27405,855069
27406,671984
27407,125682
27408,486645
27409,325921
27410,332736
27411,518609
27412,124986
27413,680499
27414,755922
27415,724798
27416,779127
27417,500351
27418,227726
27419,831386
27420,136779
27421,359085
27422,605093
27423,699577
27424,325385
27425,160014
27426,921613
27427,436991
27428,852533
27429,721886
27430,675544
27431,235815
27432,428092
27433,730069
27434,928682
27435,490425
27436,206756
27437,281410
27438,848760
27439,314982
27440,192390
27441,328844
27442,345026
27443,247237
27444,660026
27445,937511
27446,744948
27447,297952
27448,352513
27449,255750
27450,506651
27451,753151
27452,448022
27453,888925
27454,851280
27455,180645
27456,288681
27457,642696
27458,329836
27459,608612
27460,686495
27461,574656
27462,496952
27463,256302
27464,986377
27465,794105
27466,659050
27467,946812
27468,667233
27469,579256
27470,135607
27471,501579
27472,516101
27473,730849
27474,323829
27475,315646
27476,884973
27477,561982
27478,721954
27479,708296
27480,395308
27481,772192
27482,628118
27483,309651
27484,981360
27485,178296
27486,594098
27487,588371
27488,251837
27489,260022
27490,511214
27491,836547
27492,196406
27493,854313
27494,348369
27495,452550
27496,462119
27497,741095
27498,138996
27499,594705
27500,162225
27501,966485
27502,341340
27503,572534
27504,643451
27505,169776
27506,780072
27507,636950
27508,545527
27509,606202
27510,754341
27511,646995
27512,192629
27513,334719
27514,561309
27515,612983
27516,476809
27517,643043
27518,399863
27519,512797
27520,817439
27521,408372
27522,280265
27523,241091
27524,489010
27525,232904
27526,520670
27527,400191
27528,986210
27529,826238
27530,601474
27531,165760
27532,632998
27533,583072
27534,304296
27535,881495
27536,481297
27537,954350
27538,735506
27539,927753
27540,524278
27541,265575
27542,142471
27543,190339
27544,232078
27545,687482
27546,278927
27547,208233
27548,339530
27549,759123
27550,688050
27551,371110
27552,362925
27553,566696
27554,189771
27555,626667
27556,504606
27557,416255
27558,881681
27559,424436
27560,388840
27561,496093
27562,223783
27563,355276
27564,449755
27565,826424
27566,482719
27567,952928
27568,313987
27569,327785
27570,960675
27571,567624
27572,807602
27573,528047
27574,483159
27575,832027
27576,447219
27577,507902
27578,661215
27579,473818
27580,454704
27581,631240
27582,276562
27583,381619
27584,603228
27585,996791
27586,451144
27587,706253
27588,294356
27589,235230
27590,510659
27591,436174
27592,393953
27593,299861
27594,227423
27595,459849
27596,358836
27597,700320
27598,910157
27599,244277
27600,922076
27601,483780
27602,675593
27603,152092
27604,622578
27605,276241
27606,445696
27607,307453
27608,596756
27609,998132
27610,638523
27611,831264
27612,219455
27613,779213
27614,894312
27615,922239
27616,852623
27617,212146
27618,375477
27619,509768
27620,194136
27621,547570
27622,349948
27623,503333
27624,787495
27625,782125
27626,656844
27627,688672
27628,218591
27629,180030
27630,795692
27631,956787
27632,764003
27633,803689
27634,895808
27635,117315
27636,401737
27637,197153
27638,361510
27639,482876
27640,182475
27641,760336
27642,523027
27643,431646
27644,245835
27645,273217
27646,551497
27647,591684
27648,474033
27649,446800
27650,969797
27651,423607
27652,272777
27653,890323
27654,687833
27655,231725
27656,767027
27657,959784
27658,733463
27659,147727
27660,339433
27661,905301
27662,303181
27663,272289
27664,662356
27665,140418
27666,215439
27667,882042
27668,993420
27669,203154
27670,274674
27671,143641
27672,780006
27673,220892
27674,300509
27675,195931
27676,863055
27677,836014
27678,786700
27679,462057
27680,636216
27681,749346
27682,443595
27683,937034
27684,694203
27685,916317
27686,884345
27687,305542
27688,583822
27689,174189
27690,615722
27691,561099
27692,315075
27693,481759
27694,920012
27695,677329
27696,328745
27697,607521
27698,685842
27699,826032
27700,574565
27701,224871
27702,959179
27703,857564
27704,897267
27705,541410
27706,873465
27707,694520
27708,505085
27709,663004
27710,694832
27711,216527
27712,557192
27713,950627
27714,809849
27715,897432
27716,520571
27717,288359
27718,433854
27719,512952
27720,851542
27721,274177
27722,824819
27723,254976
27724,798940
27725,744506
27726,866964
27727,928356
27728,229773
27729,527236
27730,954187
27731,369317
27732,648109
27733,892859
27734,406969
27735,735671
27736,866396
27737,117963
27738,285244
27739,539455
27740,732111
27741,196344
27742,333298
27743,931868
27744,418375
27745,493734
27746,740930
27747,880546
27748,594300
27749,987287
27750,697963
27751,114731
27752,375869
27753,682209
27754,529692
27755,655357
27756,123624
27757,484591
27758,746153
27759,544922
27760,789639
27761,811692
27762,756134
27763,658796
27764,286642
27765,724554
27766,195006
27767,201567
27768,864170
27769,393796
27770,644760
27771,895630
27772,427872
27773,209308
27774,811108
27775,887429
27776,618879
27777,652947
27778,796458
27779,635357
27780,589019
27781,218841
27782,627486
27783,555519
27784,870639
27785,603385
27786,930746
27787,124334
27788,614236
27789,343647
27790,116133
27791,509574
27792,412450
27793,998202
27794,358673
27795,136695
27796,994186
27797,662170
27798,504179
27799,450230
27800,346538
27801,793017
27802,634693
27803,458429
27804,835166
27805,889885
27806,287009
27807,487889
27808,532521
27809,559054
27810,273039
27811,576608
27812,875159
27813,992674
27814,936111
27815,377510
27816,623534
27817,984489
27818,175680
27819,398068
27820,514774
27821,121661
27822,728114
27823,327884
27824,522973
27825,542767
27826,978155
27827,944903
27828,622605
27829,543463
27830,385294
27831,908304
27832,245998
27833,992769
27834,630790
27835,760501
27836,336300
27837,439984
27838,191149
27839,684700
27840,634414
27841,742463
27842,703510
27843,625901
27844,550412
27845,409020
27846,513885
27847,818527
27848,488050
27849,432275
27850,231816
27851,375312
27852,335351
27853,964597
27854,537402
27855,894413
27856,675527
27857,335679
27858,886214
27859,770915
27860,979571
27861,666442
27862,895973
27863,200956
27864,855754
27865,714176
27866,724769
27867,186590
27868,619228
27869,194773
27870,209471
27871,705995
27872,365619
27873,863937
27874,956886
27875,394031
27876,982675
27877,627317
27878,664930
27879,696974
27880,581491
27881,227257
27882,419490
27883,773451
27884,494659
27885,626877
27886,949175
27887,411305
27888,657313
27889,879431
27890,688205
27891,625113
27892,248122
27893,216790
27894,132048
27895,462851
27896,825866
27897,927573
27898,408128
27899,441772
27900,858030
27901,720492
27902,480645
27903,372628
27904,127881
27905,189305
27906,583732
27907,414509
27908,506628
27909,474344
27910,438604
27911,237655
27912,150198
27913,808520
27914,708687
27915,709255
27916,561009
27917,727149
27918,333547
27919,572674
27920,564489
27921,957994
27922,394451
27923,556904
27924,178279
27925,470672
27926,418710
27927,663638
27928,820826
27929,382537
27930,184586
27931,404208
27932,753945
27933,192769
27934,237252
27935,537798
27936,721981
27937,853462
27938,798613
27939,637282
27940,597637
27941,143779
27942,300975
27943,324425
27944,334248
27945,861366
27946,403795
27947,283822
27948,316226
27949,561282
27950,342891
27951,245100
27952,323969
27953,629450
27954,946624
27955,658902
27956,780087
27957,990413
27958,467411
27959,445234
27960,698929
27961,587023
27962,308231
27963,946952
27964,790261
27965,659230
27966,723382
27967,154021
27968,896954
27969,162662
27970,924261
27971,773084
27972,356549
27973,973511
27974,588583
27975,821041
27976,556235
27977,502495
27978,786653
27979,409662
27980,911604
27981,410358
27982,820729
27983,880408
27984,418557
27985,390625
27986,378770
27987,702049
27988,876451
27989,474955
27990,584031
27991,213853
27992,660302
27993,568849
27994,607472
27995,676864
27996,149781
27997,761578
27998,205848
27999,481294
28000,438311
28001,527166
28002,760866
28003,416878
28004,624818
28005,448842
28006,881480
28007,975956
28008,262992
28009,131771
28010,480494
28011,188634
28012,766153
28013,377372
28014,254972
28015,576730
28016,875053
28017,362394
28018,290171
28019,640658
28020,961140
28021,183159
28022,528048
28023,205662
28024,728640
28025,230585
28026,993784
28027,164369
28028,295930
28029,257820
28030,661736
28031,271389
28032,140790
28033,347096
28034,985915
28035,249311
28036,994096
28037,295218
28038,759684
28039,408685
28040,617877
28041,182167
28042,810117
28043,287571
28044,533083
28045,618333
28046,159936
28047,536611
28048,334886
28049,846802
28050,404701
28051,509500
28052,375745
28053,814838
28054,721424
28055,204549
28056,517375
28057,989507
28058,822879
28059,420187
28060,939077
28061,168041
28062,137093
28063,644330
28064,487411
28065,340485
28066,563692
28067,451159
28068,974665
28069,905145
28070,171585
28071,635823
28072,276557
28073,988579
28074,179330
28075,982410
28076,469621
28077,503193
28078,580714
28079,234850
28080,201358
28081,194671
28082,836762
28083,326020
28084,855664
28085,209541
28086,756415
28087,811445
28088,957348
28089,837202
28090,486480
28091,706489
28092,393565
28093,626695
28094,665360
28095,940806
28096,258287
28097,696572
28098,739869
28099,974058
28100,302785
28101,820180
28102,115828
28103,244105
28104,562279
28105,570476
28106,483960
28107,475323
28108,956228
28109,343366
28110,404918
28111,151968
28112,638188
28113,384495
28114,909553
28115,253644
28116,779218
28117,500442
28118,901682
28119,882605
28120,935766
28121,905290
28122,295001
28123,140445
28124,249468
28125,695919
28126,626335
28127,592243
28128,926427
28129,649690
28130,278779
28131,120332
28132,199702
28133,609525
28134,400653
28135,363025
28136,641817
28137,133822
28138,591707
28139,473446
28140,824164
28141,214384
28142,507530
28143,141437
28144,353424
28145,832367
28146,406318
28147,737056
28148,840746
28149,129071
28150,482102
28151,560418
28152,430868
28153,848892
28154,858397
28155,315106
28156,498012
28157,135083
28158,544584
28159,745400
28160,305575
28161,693586
28162,273995
28163,983405
28164,977804
28165,744816
28166,466040
28167,667773
28168,422261
28169,319681
28170,199627
28171,280046
28172,233199
28173,533741
28174,525542
28175,897562
28176,865782
28177,712444
28178,783551
28179,304455
28180,694706
28181,165487
28182,994694
28183,173668
28184,379522
28185,266768
28186,868867
28187,821793
28188,453321
28189,621459
28190,931710
28191,839023
28192,569721
28193,537693
28194,813120
28195,410374
28196,251377
28197,557043
28198,749315
28199,170231
28200,941587
28201,903439
28202,602173
28203,740800
28204,912332
28205,628698
28206,146904
28207,333424
28208,233591
28209,118145
28210,373599
28211,285118
28212,153685
28213,651863
28214,995517
28215,146611
28216,493703
28217,188114
28218,854214
28219,434884
28220,812491
28221,896801
28222,862725
28223,965913
28224,896489
28225,764930
28226,723941
28227,629329
28228,587612
28229,178111
28230,135824
28231,938904
28232,999061
28233,444769
28234,947091
28235,963377
28236,237364
28237,115394
28238,184570
28239,284413
28240,654612
28241,753897
28242,396043
28243,931349
28244,857238
28245,557665
28246,372324
28247,525709
28248,642919
28249,127609
28250,897905
28251,608395
28252,319914
28253,642479
28254,686776
28255,557225
28256,463347
28257,968204
28258,417013
28259,549576
28260,663349
28261,976079
28262,694489
28263,295975
28264,387370
28265,263115
28266,489630
28267,769658
28268,808304
28269,892826
28270,205955
28271,892242
28272,130129
28273,736094
28274,378633
28275,590317
28276,598502
28277,421918
28278,134152
28279,632330
28280,937216
28281,799285
28282,386506
28283,466907
28284,584132
28285,378305
28286,818197
28287,951812
28288,733432
28289,641769
28290,532488
28291,533184
28292,189903
28293,200494
28294,331461
28295,618438
28296,687926
28297,208677
28298,550286
28299,346507
28300,450199
28301,882269
28302,550726
28303,793424
28304,495961
28305,874070
28306,743357
28307,158731
28308,769012
28309,859640
28310,336102
28311,182564
28312,473238
28313,944261
28314,786034
28315,264301
28316,167074
28317,622919
28318,415571
28319,692663
28320,773833
28321,503754
28322,879117
28323,982289
28324,349971
28325,589050
28326,146421
28327,258335
28328,268821
28329,358168
28330,531539
28331,957012
28332,618846
28333,724131
28334,610645
28335,201142
28336,672621
28337,125295
28338,518276
28339,540304
28340,864139
28341,427401
28342,317567
28343,435586
28344,510095
28345,384727
28346,997843
28347,359416
28348,939542
28349,770273
28350,412419
28351,846665
28352,622454
28353,846209
28354,729728
28355,570780
28356,894087
28357,870285
28358,658272
28359,989819
28360,307321
28361,176986
28362,901801
28363,754700
28364,475880
28365,730091
28366,570615
28367,762887
28368,124132
28369,537043
28370,203837
28371,621781
28372,528856
28373,654137
28374,748173
28375,626844
28376,604027
28377,450927
28378,870821
28379,764135
28380,294643
28381,317716
28382,619261
28383,755948
28384,887759
28385,732611
28386,326615
28387,235313
28388,282184
28389,336709
28390,190532
28391,867920
28392,522591
28393,535939
28394,159072
28395,362090
28396,999781
28397,567919
28398,700631
28399,423475
28400,141870
28401,377124
28402,792283
28403,591112
28404,791571
28405,499226
28406,778002
28407,609958
28408,148291
28409,513916
28410,890783
28411,313228
28412,558724
28413,190060
28414,331110
28415,767615
28416,172322
28417,128668
28418,703543
28419,993288
28420,257772
28421,661784
28422,780957
28423,594060
28424,139169
28425,795476
28426,988079
28427,251211
28428,643814
28429,844790
28430,673586
28431,486199
28432,202529
28433,274537
28434,501181
28435,260512
28436,438261
28437,805105
28438,123672
28439,516851
28440,334050
28441,707646
28442,569795
28443,203713
28444,516155
28445,646350
28446,931780
28447,529956
28448,404177
28449,284460
28450,682969
28451,678314
28452,857415
28453,726628
28454,950419
28455,372093
28456,520331
28457,565619
28458,319611
28459,112174
28460,976854
28461,296766
28462,575030
28463,934649
28464,225020
28465,574718
28466,976158
28467,582901
28468,173078
28469,111846
28470,663268
28471,406601
28472,323155
28473,198545
28474,158364
28475,808553
28476,438637
28477,134617
28478,589884
28479,945370
28480,745218
28481,575518
28482,598783
28483,607769
28484,953624
28485,615954
28486,314875
28487,315187
28488,927799
28489,192211
28490,142961
28491,213884
28492,134778
28493,937842
28494,668076
28495,255571
28496,576445
28497,552026
28498,686594
28499,288508
28500,188667
28501,842766
28502,866031
28503,279615
28504,726471
28505,702568
28506,601972
28507,347767
28508,304278
28509,379731
28510,625243
28511,906822
28512,821560
28513,229159
28514,636968
28515,771541
28516,260611
28517,579565
28518,998631
28519,745722
28520,552970
28521,192587
28522,674489
28523,893363
28524,476855
28525,476287
28526,847485
28527,754331
28528,673905
28529,741081
28530,820696
28531,786996
28532,950217
28533,382411
28534,444403
28535,987148
28536,580365
28537,170990
28538,187552
28539,477783
28540,162631
28541,612009
28542,611425
28543,538988
28544,292964
28545,757371
28546,118424
28547,564875
28548,713590
28549,477343
28550,878167
28551,691549
28552,445525
28553,998305
28554,778904
28555,586344
28556,596105
28557,350593
28558,562477
28559,529089
28560,152098
28561,509469
28562,317165
28563,343052
28564,437008
28565,204268
28566,159969
28567,997185
28568,450750
28569,588864
28570,555364
28571,276588
28572,940164
28573,171616
28574,697214
28575,895197
28576,428027
28577,286177
28578,815751
28579,121198
28580,406116
28581,921466
28582,815183
28583,335964
28584,568254
28585,640691
28586,576763
28587,298483
28588,832037
28589,800201
28590,377405
28591,507840
28592,917283
28593,978899
28594,889990
28595,524913
28596,926041
28597,951998
28598,759717
28599,917842
28600,223769
28601,801761
28602,172603
28603,975667
28604,881711
28605,943327
28606,669890
28607,967480
28608,532953
28609,400684
28610,960478
28611,432832
28612,321341
28613,719811
28614,240592
28615,856577
28616,618007
28617,558326
28618,841963
28619,450374
28620,132279
28621,634549
28622,458573
28623,495752
28624,935799
28625,633981
28626,592794
28627,527666
28628,928978
28629,807215
28630,522725
28631,710112
28632,514542
28633,499360
28634,176048
28635,473415
28636,692910
28637,824133
28638,377246
28639,969851
28640,595202
28641,250381
28642,773912
28643,603401
28644,581608
28645,781787
28646,195206
28647,478330
28648,924777
28649,925345
28650,652715
28651,373923
28652,402367
28653,194638
28654,394164
28655,227594
28656,267756
28657,253677
28658,746527
28659,979688
28660,596450
28661,554535
28662,939975
28663,268068
28664,970795
28665,460756
28666,475290
28667,518013
28668,675420
28669,860858
28670,837723
28671,283298
28672,815036
28673,165048
28674,663105
28675,505256
28676,976315
28677,986514
28678,347505
28679,248694
28680,497515
28681,296859
28682,968568
28683,872548
28684,165488
28685,650448
28686,919514
28687,950326
28688,330303
28689,609079
28690,616948
28691,817391
28692,506184
28693,497987
28694,455758
28695,466607
28696,352666
28697,632702
28698,667746
28699,273564
28700,213114
28701,322622
28702,314421
28703,859082
28704,891942
28705,685868
28706,315133
28707,639731
28708,318597
28709,394911
28710,896157
28711,731218
28712,705203
28713,188326
28714,402524
28715,923970
28716,787450
28717,749340
28718,178731
28719,820958
28720,138700
28721,367971
28722,485234
28723,437656
28724,152746
28725,476593
28726,612687
28727,368555
28728,991210
28729,586976
28730,597505
28731,868892
28732,229097
28733,453334
28734,830005
28735,605378
28736,553412
28737,911155
28738,309024
28739,612388
28740,674004
28741,980648
28742,221065
28743,938887
28744,452981
28745,229250
28746,804319
28747,966606
28748,836147
28749,434907
28750,681023
28751,118333
28752,153889
28753,477938
28754,643552
28755,764957
28756,794706
28757,494160
28758,656250
28759,443806
28760,378646
28761,624158
28762,598833
28763,991962
28764,717667
28765,130694
28766,727882
28767,934399
28768,575480
28769,741604
28770,457157
28771,976080
28772,843363
28773,206972
28774,441995
28775,279706
28776,950621
28777,133529
28778,499566
28779,800108
28780,222356
28781,167541
28782,743818
28783,214175
28784,591540
28785,584789
28786,306525
28787,222812
28788,599743
28789,454827
28790,936537
28791,777390
28792,527612
28793,129800
28794,522283
28795,121291
28796,514080
28797,336433
28798,182587
28799,483276
28800,346516
28801,223348
28802,463970
28803,542106
28804,263314
28805,388283
28806,826531
28807,303549
28808,793423
28809,943794
28810,711174
28811,856327
28812,558392
28813,649269
28814,521419
28815,533215
28816,475476
28817,806065
28818,194472
28819,838037
28820,160396
28821,645262
28822,653445
28823,392899
28824,997836
28825,384712
28826,145162
28827,445680
28828,299270
28829,770302
28830,436053
28831,318120
28832,956547
28833,286604
28834,294791
28835,332426
28836,739642
28837,171717
28838,796124
28839,419831
28840,870937
28841,997348
28842,532463
28843,155404
28844,325888
28845,610337
28846,863287
28847,235310
28848,671953
28849,653254
28850,855100
28851,696440
28852,310862
28853,349359
28854,697008
28855,357540
28856,795831
28857,904790
28858,664924
28859,814873
28860,283143
28861,755419
28862,282831
28863,291012
28864,789140
28865,691347
28866,830835
28867,359052
28868,392544
28869,578477
28870,219556
28871,573909
28872,826824
28873,550450
28874,249592
28875,346367
28876,164862
28877,312667
28878,719278
28879,148316
28880,533428
28881,331697
28882,622643
28883,600020
28884,254171
28885,298741
28886,507406
28887,377843
28888,737188
28889,891304
28890,849061
28891,405858
28892,768640
28893,196722
28894,861667
28895,508647
28896,853792
28897,429353
28898,587410
28899,452772
28900,383071
28901,553910
28902,659019
28903,980401
28904,586842
28905,284955
28906,162043
28907,896751
28908,341726
28909,187860
28910,146813
28911,278110
28912,502082
28913,579761
28914,474326
28915,552238
28916,575489
28917,414483
28918,345059
28919,709305
28920,314951
28921,647746
28922,406614
28923,716922
28924,840090
28925,568716
28926,769404
28927,834111
28928,933934
28929,907058
28930,449239
28931,471094
28932,976841
28933,347907
28934,942829
28935,496921
28936,442202
28937,720466
28938,557415
28939,441746
28940,408190
28941,448884
28942,347752
28943,216963
28944,247919
28945,496754
28946,574858
28947,601507
28948,575298
28949,165793
28950,463190
28951,540846
28952,379724
28953,881086
28954,232937
28955,889111
28956,686621
28957,525608
28958,488667
28959,565967
28960,521015
28961,643010
28962,832892
28963,776602
28964,506009
28965,784785
28966,884630
28967,584617
28968,790611
28969,624292
28970,422075
28971,407541
28972,760860
28973,337669
28974,360674
28975,524247
28976,361002
28977,230337
28978,157984
28979,430810
28980,205862
28981,858323
28982,293555
28983,651601
28984,402829
28985,713577
28986,854115
28987,341373
28988,619637
28989,643986
28990,987867
28991,437321
28992,192596
28993,291995
28994,334230
28995,437889
28996,376433
28997,737830
28998,606171
28999,467749
29000,821543
29001,629492
29002,658920
29003,830436
29004,510690
29005,811232
29006,965370
29007,195570
29008,146256
29009,503207
29010,588895
29011,171191
29012,796590
29013,138075
29014,495460
29015,739712
29016,996758
29017,988573
29018,982908
29019,442978
29020,656518
29021,475942
29022,653375
29023,529118
29024,235735
29025,837935
29026,571377
29027,805899
29028,894698
29029,886497
29030,528406
29031,770116
29032,577716
29033,604757
29034,979284
29035,253265
29036,877696
29037,822881
29038,971671
29039,604317
29040,492420
29041,262034
29042,913684
29043,625922
29044,496124
29045,257826
29046,416222
29047,710772
29048,156294
29049,818808
29050,312458
29051,441279
29052,128850
29053,532653
29054,167631
29055,353733
29056,455385
29057,264392
29058,439703
29059,528014
29060,406139
29061,322217
29062,535629
29063,482750
29064,859485
29065,692913
29066,936840
29067,175463
29068,281637
29069,614432
29070,952802
29071,482845
29072,935328
29073,496223
29074,704090
29075,464307
29076,339400
29077,408888
29078,864789
29079,766994
29080,440348
29081,964465
29082,683136
29083,886666
29084,654236
29085,475269
29086,846471
29087,185970
29088,715628
29089,570450
29090,335803
29091,657677
29092,746496
29093,997405
29094,492271
29095,870184
29096,499756
29097,714636
29098,117346
29099,401768
29100,519042
29101,200824
29102,863373
29103,427079
29104,811843
29105,155574
29106,532309
29107,340816
29108,276760
29109,656877
29110,657189
29111,788174
29112,451018
29113,184504
29114,655262
29115,144089
29116,383443
29117,553530
29118,746186
29119,597815
29120,135890
29121,260147
29122,667596
29123,391952
29124,998431
29125,453600
29126,351479
29127,946457
29128,764992
29129,364725
29130,966547
29131,118368
29132,470818
29133,309310
29134,912101
29135,949753
29136,470506
29137,879881
29138,259611
29139,414367
29140,977005
29141,475026
29142,297093
29143,421980
29144,552098
29145,490004
29146,158479
29147,360453
29148,928263
29149,761083
29150,280615
29151,398801
29152,583014
29153,976453
29154,540745
29155,408562
29156,608457
29157,734516
29158,865503
29159,127547
29160,758483
29161,119344
29162,889656
29163,180928
29164,741842
29165,463066
29166,387787
29167,224772
29168,593644
29169,533679
29170,441717
29171,617313
29172,758128
29173,240750
29174,188776
29175,134433
29176,584229
29177,984039
29178,968973
29179,406705
29180,328778
29181,490367
29182,407161
29183,716957
29184,206690
29185,862692
29186,705262
29187,611826
29188,285180
29189,958195
29190,713445
29191,643286
29192,628632
29193,556409
29194,698211
29195,494438
29196,941649
29197,270002
29198,357311
29199,587869
29200,410436
29201,342033
29202,476652
29203,245270
29204,115691
29205,516619
29206,762627
29207,963096
29208,203577
29209,261008
29210,579198
29211,946290
29212,877130
29213,308661
29214,798540
29215,803175
29216,895878
29217,965494
29218,724362
29219,855137
29220,887109
29221,724802
29222,965054
29223,180216
29224,145428
29225,664833
29226,227290
29227,469959
29228,179504
29229,562806
29230,715659
29231,186005
29232,203903
29233,343895
29234,831462
29235,393205
29236,947708
29237,468463
29238,979472
29239,822565
29240,878532
29241,307259
29242,412202
29243,789193
29244,392509
29245,491712
29246,750679
29247,695990
29248,249509
29249,634445
29250,873911
29251,156098
29252,960294
29253,313294
29254,208068
29255,339247
29256,409055
29257,524586
29258,331756
29259,799834
29260,141476
29261,246341
29262,917168
29263,692382
29264,473975
29265,507035
29266,936815
29267,465788
29268,849456
29269,807711
29270,190470
29271,718099
29272,121085
29273,815892
29274,528130
29275,984834
29276,551908
29277,507376
29278,599778
29279,264239
29280,944327
29281,917467
29282,431483
29283,336492
29284,121238
29285,490834
29286,464631
29287,905720
29288,986082
29289,975819
29290,496595
29291,993569
29292,759189
29293,719000
29294,488314
29295,287626
29296,312997
29297,278857
29298,235568
29299,622388
29300,714792
29301,375576
29302,404484
29303,683276
29304,562973
29305,956150
29306,860641
29307,763878
29308,894477
29309,691621
29310,878255
29311,638302
29312,797609
29313,939164
29314,392862
29315,979835
29316,532185
29317,401964
29318,163377
29319,510469
29320,756493
29321,461479
29322,870980
29323,827557
29324,696654
29325,773187
29326,982355
29327,595545
29328,218810
29329,819814
29330,913259
29331,381557
29332,262651
29333,131088
29334,457706
29335,379665
29336,793838
29337,783660
29338,112079
29339,775463
29340,633050
29341,256057
29342,758377
29343,817507
29344,148886
29345,651156
29346,233340
29347,320410
29348,734606
29349,199256
29350,188601
29351,809888
29352,526269
29353,280245
29354,338872
29355,590101
29356,701954
29357,776647
29358,962457
29359,639871
29360,524170
29361,515969
29362,919678
29363,438924
29364,607835
29365,866893
29366,319425
29367,844511
29368,757305
29369,201920
29370,572426
29371,765178
29372,364559
29373,813051
29374,210435
29375,318729
29376,269739
29377,995397
29378,146507
29379,772471
29380,839220
29381,115258
29382,437980
29383,716060
29384,123129
29385,646631
29386,292366
29387,429087
29388,612875
29389,911039
29390,822194
29391,628833
29392,621419
29393,923533
29394,813680
29395,115097
29396,292709
29397,962666
29398,963234
29399,798710
29400,902423
29401,275171
29402,699193
29403,233615
29404,285582
29405,887921
29406,844156
29407,477622
29408,530510
29409,673208
29410,443410
29411,749563
29412,217829
29413,795414
29414,698329
29415,981956
29416,498084
29417,745280
29418,414086
29419,785007
29420,297884
29421,632729
29422,544120
29423,369119
29424,158430
29425,928726
29426,534773
29427,919829
29428,625082
29429,505167
29430,694602
29431,356181
29432,132019
29433,256922
29434,749923
29435,958682
29436,232671
29437,919357
29438,311346
29439,889577
29440,525342
29441,364540
29442,320241
29443,700463
29444,423627
29445,936917
29446,622804
29447,551477
29448,273213
29449,345648
29450,883502
29451,668939
29452,422915
29453,631319
29454,799968
29455,874989
29456,455663
29457,361562
29458,536499
29459,718689
29460,684173
29461,985651
29462,458511
29463,742630
29464,835564
29465,634615
29466,504329
29467,521543
29468,856203
29469,321407
29470,432770
29471,190100
29472,767623
29473,400750
29474,645378
29475,930312
29476,124628
29477,613414
29478,343333
29479,577922
29480,445820
29481,220043
29482,307785
29483,989259
29484,411736
29485,997440
29486,394230
29487,201453
29488,652777
29489,732475
29490,571943
29491,932896
29492,310369
29493,137837
29494,494746
29495,451423
29496,137381
29497,940461
29498,410808
29499,957100
29500,218312
29501,982817
29502,503290
29503,788472
29504,411419
29505,547813
29506,635140
29507,645793
29508,116092
29509,235658
29510,468030
29511,411955
29512,901946
29513,358856
29514,459829
29515,638436
29516,778258
29517,691487
29518,111241
29519,347067
29520,172209
29521,662083
29522,355248
29523,295249
29524,967090
29525,147480
29526,363289
29527,533048
29528,926675
29529,810542
29530,842178
29531,688078
29532,148176
29533,239665
29534,551318
29535,743789
29536,455300
29537,543573
29538,415659
29539,883269
29540,768780
29541,728299
29542,514575
29543,121828
29544,559423
29545,321596
29546,960735
29547,361777
29548,536280
29549,880606
29550,820543
29551,787155
29552,462646
29553,418035
29554,277765
29555,786459
29556,965956
29557,486075
29558,723896
29559,318892
29560,531272
29561,812438
29562,931936
29563,459734
29564,391623
29565,500785
29566,597800
29567,746197
29568,467221
29569,383748
29570,391951
29571,184487
29572,613038
29573,861880
29574,646466
29575,893268
29576,237417
29577,847514
29578,371953
29579,686821
29580,889327
29581,918587
29582,312116
29583,616669
29584,320319
29585,608470
29586,934773
29587,224696
29588,355411
29589,304825
29590,281328
29591,677390
29592,360474
29593,524079
29594,158168
29595,701551
29596,142998
29597,213915
29598,632407
29599,157875
29600,229970
29601,919984
29602,848233
29603,229530
29604,632636
29605,799179
29606,832751
29607,701700
29608,937726
29609,776201
29610,824548
29611,148568
29612,338110
29613,766892
29614,642641
29615,678789
29616,311447
29617,950388
29618,525939
29619,703276
29620,417219
29621,915393
29622,694767
29623,633108
29624,995091
29625,990560
29626,637348
29627,467638
29628,931307
29629,847857
29630,283907
29631,245257
29632,404022
29633,813781
29634,184780
29635,161323
29636,628615
29637,310146
29638,588426
29639,981417
29640,178337
29641,820308
29642,382023
29643,872126
29644,451772
29645,301377
29646,579657
29647,757751
29648,923904
29649,477459
29650,564999
29651,126751
29652,519924
29653,965679
29654,195879
29655,731864
29656,426289
29657,854840
29658,863027
29659,434490
29660,478171
29661,530979
29662,657909
29663,869656
29664,227821
29665,604430
29666,420414
29667,268227
29668,392482
29669,454098
29670,577831
29671,979143
29672,747056
29673,160109
29674,715668
29675,721269
29676,621704
29677,562793
29678,814939
29679,529229
29680,193609
29681,774143
29682,451578
29683,357606
29684,595429
29685,443377
29686,627209
29687,948483
29688,503548
29689,949195
29690,411349
29691,589260
29692,714612
29693,680088
29694,811379
29695,486550
29696,706431
29697,332707
29698,478805
29699,619168
29700,841252
29701,961497
29702,281821
29703,515009
29704,614616
29705,314161
29706,482349
29707,182290
29708,151550
29709,536342
29710,840940
29711,709895
29712,944563
29713,246362
29714,883595
29715,978071
29716,792198
29717,362527
29718,409352
29719,849927
29720,634450
29721,792750
29722,793190
29723,662413
29724,503908
29725,944027
29726,592765
29727,634010
29728,801389
29729,774503
29730,208304
29731,487853
29732,190298
29733,416750
29734,913900
29735,751595
29736,703745
29737,424933
29738,388657
29739,906031
29740,967647
29741,472107
29742,783055
29743,336499
29744,717927
29745,728710
29746,282494
29747,370079
29748,406147
29749,491397
29750,290237
29751,559954
29752,718511
29753,777452
29754,800742
29755,214549
29756,507375
29757,273139
29758,832194
29759,179268
29760,350030
29761,796062
29762,982916
29763,218221
29764,311143
29765,705756
29766,125234
29767,563498
29768,168111
29769,276131
29770,144768
29771,384650
29772,446074
29773,492412
29774,508978
29775,763185
29776,324809
29777,429052
29778,729109
29779,814328
29780,475414
29781,186337
29782,149865
29783,709520
29784,523613
29785,708952
29786,297704
29787,387045
29788,937447
29789,659962
29790,624358
29791,273679
29792,247301
29793,824629
29794,915512
29795,668473
29796,296992
29797,456157
29798,734609
29799,608364
29800,726866
29801,695030
29802,505587
29803,914960
29804,139268
29805,625158
29806,776176
29807,457717
29808,574920
29809,457021
29810,742100
29811,504891
29812,583107
29813,453445
29814,228786
29815,252501
29816,143540
29817,445262
29818,391549
29819,829806
29820,620759
29821,193246
29822,161786
29823,731113
29824,342807
29825,251573
29826,655690
29827,941399
29828,138335
29829,301200
29830,772456
29831,259190
29832,656258
29833,987801
29834,309403
29835,443750
29836,765485
29837,854049
29838,154385
29839,713187
29840,854761
29841,723714
29842,871940
29843,226033
29844,795401
29845,749540
29846,348633
29847,251870
29848,548311
29849,681828
29850,965781
29851,572798
29852,126317
29853,365491
29854,896685
29855,126885
29856,332895
29857,705099
29858,188254
29859,252406
29860,938516
29861,699174
29862,413129
29863,990682
29864,931737
29865,682884
29866,284089
29867,438184
29868,526025
29869,617412
29870,858066
29871,489274
29872,897077
29873,157217
29874,288714
29875,927201
29876,488946
29877,442136
29878,833717
29879,541519
29880,111803
29881,347529
29882,305000
29883,112243
29884,417145
29885,976779
29886,775835
29887,523318
29888,608047
29889,647680
29890,840464
29891,583752
29892,544687
29893,575555
29894,776827
29895,916379
29896,247662
29897,824982
29898,589921
29899,558251
29900,649638
29901,362661
29902,711005
29903,566888
29904,767640
29905,240525
29906,264137
29907,966854
29908,882641
29909,943905
29910,249032
29911,914165
29912,272322
29913,634600
29914,891216
29915,759995
29916,615082
29917,728919
29918,182880
29919,891800
29920,675993
29921,768632
29922,490652
29923,841374
29924,883505
29925,591655
29926,700464
29927,454968
29928,874994
29929,473370
29930,883193
29931,791796
29932,494725
29933,665452
29934,796295
29935,258195
29936,819552
29937,277394
29938,948665
29939,828323
29940,996543
29941,137402
29942,895467
29943,332569
29944,571960
29945,435910
29946,145049
29947,307358
29948,738945
29949,830859
29950,359028
29951,460097
29952,700072
29953,446379
29954,806890
29955,374814
29956,665647
29957,971733
29958,227388
29959,308029
29960,989503
29961,822819
29962,630584
29963,144698
29964,691456
29965,445448
29966,971037
29967,852303
29968,721060
29969,886435
29970,325307
29971,235669
29972,218327
29973,982846
29974,828104
29975,461002
29976,581342
29977,773350
29978,819211
29979,644702
29980,235197
29981,802985
29982,478540
29983,724620
29984,925591
29985,242814
29986,234613
29987,764267
29988,393858
29989,864108
29990,718357
29991,514576
29992,130032
29993,362470
29994,736511
29995,960704
29996,607178
29997,536263
29998,290767
29999,182723
30000,992612
30001,786069
30002,661180
30003,551745
30004,306597
30005,166981
30006,936609
30007,908733
30008,890387
30009,558856
30010,339497
30011,951339
30012,718909
30013,725724
30014,148175
30015,810545
30016,865084
30017,172646
30018,132481
30019,496502
30020,295246
30021,834640
30022,882362
30023,303429
30024,248446
30025,387998
30026,934300
30027,602034
30028,387414
30029,663369
30030,347825
30031,750148
30032,216922
30033,156953
30034,959485
30035,330239
30036,442088
30037,512997
30038,726985
30039,857634
30040,950590
30041,557269
30042,330551
30043,865833
30044,642515
30045,157649
30046,765998
30047,127181
30048,466287
30049,632438
30050,142463
30051,977563
30052,825190
30053,884103
30054,983730
30055,791106
30056,422570
30057,937908
30058,761357
30059,727521
30060,192021
30061,398831
30062,430283
30063,183510
30064,761029
30065,515533
30066,407340
30067,619692
30068,713648
30069,652096
30070,202380
30071,418002
30072,462615
30073,251110
30074,437848
30075,722353
30076,954766
30077,923234
30078,813983
30079,300579
30080,169928
30081,501464
30082,789722
30083,553164
30084,445397
30085,790034
30086,947183
30087,492571
30088,516349
30089,367872
30090,707832
30091,485137
30092,529450
30093,333860
30094,804919
30095,160962
30096,237091
30097,746399
30098,501115
30099,452733
30100,359849
30101,737628
30102,351650
30103,924649
30104,118269
30105,862682
30106,705232
30107,966342
30108,319022
30109,958157
30110,242376
30111,681271
30112,636261
30113,749439
30114,349066
30115,879708
30116,904123
30117,301992
30118,225442
30119,305627
30120,174128
30121,247101
30122,135127
30123,255286
30124,221914
30125,456421
30126,576016
30127,273663
30128,413954
30129,977904
30130,229563
30131,735817
30132,727178
30133,615799
30134,328820
30135,866666
30136,289145
30137,742180
30138,750055
30139,942332
30140,662762
30141,505603
30142,262164
30143,240720
30144,726690
30145,950357
30146,180573
30147,927666
30148,959126
30149,843627
30150,434056
30151,557942
30152,950941
30153,686439
30154,279954
30155,543418
30156,908933
30157,832392
30158,197337
30159,840909
30160,159004
30161,328186
30162,191216
30163,736527
30164,542298
30165,874305
30166,573878
30167,592732
30168,473001
30169,625840
30170,416420
30171,380784
30172,271761
30173,943474
30174,388987
30175,890155
30176,566331
30177,189968
30178,331034
30179,810249
30180,818434
30181,860796
30182,397202
30183,721236
30184,852159
30185,116315
30186,228100
30187,939777
30188,350252
30189,275745
30190,619137
30191,895344
30192,325987
30193,965448
30194,326571
30195,764499
30196,924847
30197,510800
30198,318368
30199,419583
30200,227300
30201,988903
30202,795860
30203,201162
30204,393425
30205,610601
30206,618786
30207,672529
30208,234734
30209,581189
30210,603300
30211,258987
30212,819344
30213,218756
30214,316971
30215,283079
30216,930095
30217,860639
30218,763152
30219,397049
30220,291588
30221,852764
30222,420284
30223,630123
30224,445587
30225,168078
30226,420724
30227,215068
30228,346615
30229,826888
30230,874026
30231,303582
30232,592439
30233,400513
30234,890504
30235,618426
30236,959675
30237,566608
30238,992767
30239,353564
30240,214268
30241,585470
30242,692995
30243,882697
30244,299005
30245,273106
30246,306494
30247,669228
30248,264921
30249,859524
30250,205169
30251,313979
30252,676201
30253,606617
30254,432013
30255,921532
30256,717894
30257,404422
30258,954676
30259,853544
30260,516396
30261,646617
30262,646929
30263,368153
30264,861419
30265,324372
30266,252092
30267,821572
30268,597371
30269,383903
30270,143509
30271,938390
30272,998555
30273,459141
30274,453476
30275,333789
30276,854728
30277,154416
30278,531411
30279,511759
30280,187924
30281,426505
30282,573180
30283,365305
30284,556638
30285,942014
30286,226235
30287,996019
30288,547997
30289,391028
30290,903786
30291,556182
30292,701684
30293,945925
30294,274406
30295,784882
30296,977129
30297,983232
30298,785210
30299,113625
30300,920200
30301,727955
30302,438394
30303,337766
30304,329125
30305,430777
30306,717754
30307,337326
30308,149832
30309,671736
30310,262925
30311,549062
30312,583466
30313,520604
30314,526211
30315,525643
30316,488632
30317,994624
30318,541094
30319,256932
30320,417112
30321,593056
30322,825943
30323,694644
30324,279848
30325,372681
30326,320207
30327,433970
30328,533547
30329,642762
30330,897756
30331,280544
30332,240874
30333,883798
30334,744886
30335,352579
30336,832628
30337,575586
30338,166017
30339,353163
30340,992104
30341,305505
30342,983907
30343,824447
30344,361250
30345,677174
30346,328910
30347,858587
30348,848698
30349,149539
30350,515100
30351,867096
30352,229377
30353,289547
30354,651921
30355,888455
30356,210334
30357,844682
30358,426850
30359,862560
30360,161944
30361,538747
30362,973809
30363,170745
30364,740614
30365,309713
30366,795432
30367,805005
30368,193428
30369,612758
30370,203125
30371,716417
30372,115567
30373,477088
30374,395942
30375,516167
30376,292699
30377,177682
30378,501513
30379,629756
30380,421347
30381,169169
30382,999224
30383,605907
30384,266966
30385,771266
30386,779465
30387,252375
30388,629044
30389,467501
30390,220731
30391,318234
30392,531966
30393,540149
30394,763937
30395,234815
30396,887233
30397,495212
30398,696937
30399,878952
30400,982644
30401,627346
30402,411214
30403,688298
30404,604093
30405,536853
30406,814344
30407,886761
30408,621587
30409,500359
30410,253585
30411,446346
30412,492172
30413,491588
30414,699457
30415,453961
30416,800830
30417,458545
30418,742616
30419,750803
30420,140480
30421,626370
30422,793341
30423,985613
30424,458233
30425,363084
30426,128602
30427,767089
30428,856701
30429,917044
30430,970447
30431,668981
30432,908863
30433,254666
30434,423669
30435,631009
30436,936939
30437,875291
30438,591622
30439,506911
30440,397744
30441,920741
30442,238980
30443,567393
30444,669334
30445,631178
30446,993165
30447,345957
30448,883323
30449,785532
30450,507252
30451,882867
30452,823890
30453,693177
30454,890906
30455,929549
30456,159237
30457,328419
30458,640719
30459,150726
30460,943723
30461,464499
30462,801693
30463,542603
30464,574127
30465,792926
30466,231428
30467,480245
30468,208171
30469,120634
30470,818387
30471,240327
30472,532686
30473,810200
30474,570714
30475,614331
30476,729230
30477,645791
30478,930197
30479,291190
30480,283005
30481,151702
30482,159901
30483,317073
30484,212379
30485,267827
30486,797485
30487,878123
30488,585948
30489,630225
30490,788974
30491,275696
30492,299799
30493,117154
30494,680864
30495,855438
30496,756617
30497,680296
30498,201072
30499,626993
30500,988982
30501,179423
30502,171220
30503,940592
30504,635194
30505,904492
30506,773319
30507,303095
30508,179735
30509,627705
30510,607240
30511,685299
30512,438807
30513,337859
30514,407347
30515,523737
30516,490037
30517,961994
30518,916084
30519,247425
30520,448410
30521,693906
30522,386473
30523,776540
30524,832954
30525,305327
30526,784727
30527,143016
30528,857333
30529,407835
30530,817656
30531,677912
30532,734485
30533,534317
30534,950561
30535,425117
30536,801918
30537,749715
30538,914524
30539,624714
30540,967847
30541,906327
30542,605653
30543,169943
30544,135227
30545,267032
30546,698369
30547,579068
30548,177428
30549,877312
30550,553499
30551,947184
30552,334160
30553,708420
30554,805187
30555,245596
30556,846956
30557,476782
30558,722790
30559,954769
30560,508290
30561,161662
30562,203379
30563,772900
30564,391121
30565,911372
30566,880608
30567,872427
30568,795366
30569,564818
30570,210000
30571,293053
30572,611952
30573,364692
30574,804715
30575,395144
30576,154517
30577,285310
30578,251282
30579,988022
30580,579703
30581,602774
30582,301439
30583,904100
30584,170588
30585,981855
30586,786766
30587,912303
30588,673771
30589,510985
30590,373236
30591,319025
30592,126753
30593,836388
30594,902540
30595,779372
30596,911183
30597,597173
30598,220246
30599,203544
30600,707815
30601,722117
30602,408248
30603,311465
30604,857942
30605,557929
30606,181130
30607,857502
30608,207211
30609,148582
30610,407664
30611,329867
30612,783580
30613,165060
30614,601798
30615,906556
30616,775711
30617,575215
30618,834297
30619,793886
30620,647244
30621,515257
30622,523898
30623,534638
30624,799549
30625,668374
30626,969004
30627,832721
30628,221893
30629,506876
30630,386570
30631,156459
30632,331725
30633,849977
30634,148256
30635,890164
30636,240393
30637,558823
30638,725499
30639,711441
30640,215968
30641,793176
30642,774489
30643,634476
30644,943469
30645,840914
30646,321996
30647,290024
30648,231394
30649,849425
30650,239593
30651,815613
30652,944965
30653,917137
30654,377743
30655,254575
30656,423064
30657,381431
30658,494593
30659,357592
30660,547037
30661,250580
30662,410659
30663,518540
30664,895343
30665,724835
30666,811909
30667,887140
30668,756295
30669,845473
30670,563895
30671,486568
30672,268285
30673,392476
30674,276470
30675,253180
30676,630487
30677,411843
30678,460229
30679,922264
30680,622206
30681,955764
30682,204438
30683,428129
30684,483968
30685,366737
30686,894351
30687,236466
30688,518052
30689,483400
30690,721227
30691,509871
30692,947382
30693,998264
30694,291283
30695,894508
30696,720928
30697,316980
30698,562676
30699,193820
30700,570879
30701,930808
30702,367098
30703,268478
30704,410952
30705,277117
30706,389271
30707,974201
30708,965180
30709,486851
30710,837569
30711,294195
30712,393422
30713,672526
30714,964852
30715,836873
30716,756196
30717,614797
30718,859547
30719,684413
30720,815254
30721,952399
30722,717913
30723,736947
30724,328262
30725,929704
30726,743926
30727,465462
30728,423739
30729,446684
30730,214571
30731,306465
30732,864624
30733,231585
30734,865208
30735,842073
30736,542182
30737,774906
30738,661520
30739,472085
30740,472797
30741,975138
30742,172074
30743,346912
30744,504113
30745,634319
30746,263718
30747,670419
30748,223936
30749,703807
30750,588205
30751,356487
30752,973445
30753,794772
30754,403257
30755,862940
30756,519963
30757,619529
30758,319456
30759,275369
30760,169381
30761,421471
30762,421015
30763,392075
30764,938377
30765,228748
30766,220551
30767,467345
30768,143498
30769,274785
30770,192552
30771,516403
30772,923335
30773,193248
30774,338841
30775,919159
30776,149375
30777,118883
30778,512392
30779,534423
30780,766531
30781,651189
30782,312240
30783,633083
30784,387571
30785,496654
30786,347668
30787,914662
30788,247827
30789,784325
30790,112422
30791,881090
30792,216375
30793,834344
30794,633395
30795,322963
30796,329586
30797,368789
30798,314776
30799,858727
30800,668111
30801,884002
30802,825283
30803,551993
30804,727087
30805,439238
30806,761795
30807,523968
30808,197946
30809,735980
30810,900331
30811,158463
30812,928759
30813,438542
30814,466081
30815,213180
30816,506694
30817,945337
30818,784518
30819,544657
30820,364509
30821,240885
30822,512227
30823,686858
30824,897035
30825,520424
30826,127235
30827,758251
30828,625491
30829,457376
30830,256955
30831,549754
30832,690963
30833,143841
30834,980429
30835,459321
30836,847733
30837,562019
30838,376678
30839,333953
30840,484732
30841,730812
30842,538188
30843,893115
30844,123315
30845,376238
30846,251872
30847,409879
30848,138506
30849,636680
30850,260075
30851,443443
30852,161927
30853,234086
30854,643717
30855,394385
30856,118672
30857,242285
30858,373070
30859,196003
30860,704701
30861,666546
30862,870228
30863,116478
30864,846587
30865,562925
30866,428563
30867,366635
30868,397111
30869,475697
30870,185542
30871,622276
30872,595297
30873,982635
30874,696510
30875,450998
30876,665426
30877,250022
30878,781752
30879,218954
30880,349857
30881,819550
30882,679964
30883,755765
30884,652744
30885,209607
30886,294442
30887,672479
30888,953174
30889,849579
30890,490658
30891,841376
30892,361595
30893,321910
30894,328599
30895,190621
30896,133172
30897,345305
30898,945151
30899,385526
30900,800265
30901,650064
30902,513389
30903,898437
30904,450341
30905,750796
30906,215506
30907,263487
30908,264183
30909,633886
30910,542463
30911,416257
30912,128486
30913,232147
30914,842539
30915,567101
30916,182229
30917,725034
30918,479522
30919,249245
30920,472239
30921,985521
30922,111272
30923,504643
30924,914336
30925,496456
30926,361744
30927,559390
30928,483082
30929,528114
30930,514278
30931,370643
30932,648923
30933,205268
30934,728266
30935,490953
30936,568285
30937,376982
30938,970099
30939,222290
30940,832070
30941,936023
30942,660554
30943,904499
30944,796626
30945,503259
30946,781523
30947,350154
30948,179720
30949,982784
30950,555271
30951,773648
30952,137711
30953,940263
30954,201639
30955,427344
30956,644704
30957,802967
30958,326245
30959,732273
30960,756630
30961,154729
30962,666329
30963,261414
30964,939727
30965,454389
30966,358889
30967,997642
30968,411922
30969,822813
30970,396892
30971,894046
30972,186213
30973,325253
30974,729233
30975,737128
30976,960927
30977,606869
30978,816005
30979,759951
30980,718666
30981,684198
30982,891820
30983,815437
30984,807238
30985,490664
30986,841386
30987,916713
30988,551454
30989,474086
30990,883461
30991,823780
30992,936958
30993,778177
30994,298553
30995,692935
30996,585530
30997,214328
30998,114473
30999,609909
31000,566420
31001,331189
31002,522148
31003,371282
31004,914113
31005,172857
31006,458532
31007,835527
31008,132318
31009,389076
31010,496169
31011,948133
31012,998051
31013,665968
31014,691863
31015,779162
31016,930339
31017,715218
31018,845881
31019,185548
31020,528651
31021,282627
31022,964359
31023,729584
31024,604072
31025,218944
31026,442807
31027,688319
31028,657235
31029,250468
31030,503410
31031,443263
31032,956708
31033,755775
31034,487120
31035,486424
31036,401694
31037,924672
31038,187108
31039,555277
31040,913402
31041,349448
31042,697111
31043,303074
31044,171201
31045,380972
31046,781529
31047,572263
31048,957063
31049,724664
31050,738582
31051,586241
31052,822807
31053,990147
31054,770098
31055,571271
31056,613734
31057,861112
31058,509116
31059,922435
31060,852915
31061,842529
31062,513732
31063,687405
31064,759756
31065,856523
31066,618261
31067,856835
31068,331286
31069,959508
31070,801088
31071,132989
31072,257436
31073,464486
31074,695684
31075,472685
31076,416608
31077,718369
31078,815142
31079,760620
31080,397518
31081,230969
31082,290811
31083,615413
31084,483072
31085,415616
31086,551797
31087,599667
31088,700783
31089,254332
31090,385175
31091,642996
31092,959314
31093,720719
31094,889769
31095,857741
31096,958874
31097,188562
31098,288405
31099,471339
31100,174044
31101,139312
31102,625202
31103,549075
31104,872899
31105,906471
31106,671725
31107,417518
31108,140024
31109,648031
31110,280758
31111,727374
31112,607416
31113,900930
31114,229759
31115,708972
31116,568465
31117,438383
31118,134363
31119,977148
31120,378130
31121,422405
31122,907271
31123,744960
31124,832778
31125,217453
31126,689810
31127,494236
31128,663925
31129,452497
31130,451929
31131,356933
31132,301220
31133,418485
31134,664509
31135,627882
31136,588199
31137,178500
31138,511770
31139,957889
31140,998542
31141,274795
31142,501367
31143,587079
31144,351918
31145,690362
31146,421461
31147,771516
31148,169391
31149,334304
31150,861438
31151,805363
31152,761905
31153,954657
31154,459003
31155,301031
31156,789790
31157,177671
31158,444945
31159,516178
31160,115122
31161,716436
31162,324202
31163,123761
31164,973100
31165,880187
31166,470032
31167,277728
31168,502780
31169,903956
31170,301831
31171,403032
31172,341672
31173,611683
31174,705151
31175,485782
31176,619880
31177,341088
31178,958050
31179,812147
31180,681368
31181,867085
31182,430351
31183,191769
31184,608027
31185,314929
31186,481581
31187,915815
31188,143219
31189,945787
31190,992125
31191,265307
31192,134576
31193,659621
31194,273488
31195,686848
31196,481029
31197,565530
31198,608563
31199,181050
31200,995229
31201,296351
31202,934544
31203,671366
31204,248178
31205,112199
31206,872616
31207,795841
31208,774091
31209,739367
31210,982747
31211,349401
31212,747564
31213,219130
31214,855114
31215,340308
31216,811335
31217,243539
31218,933041
31219,195157
31220,326590
31221,326006
31222,571518
31223,163697
31224,518534
31225,680548
31226,243099
31227,286353
31228,630493
31229,746700
31230,747012
31231,778728
31232,428707
31233,518062
31234,509861
31235,528817
31236,282809
31237,475777
31238,235888
31239,517478
31240,894341
31241,860777
31242,279233
31243,819167
31244,119862
31245,513501
31246,208423
31247,132196
31248,496275
31249,967296
31250,172931
31251,504472
31252,625829
31253,993961
31254,703582
31255,935844
31256,361987
31257,614636
31258,849107
31259,129245
31260,840920
31261,867897
31262,917147
31263,222601
31264,630862
31265,498875
31266,875444
31267,883647
31268,551588
31269,615247
31270,406199
31271,522333
31272,398012
31273,230475
31274,491441
31275,432024
31276,121717
31277,440211
31278,777432
31279,465468
31280,590858
31281,832246
31282,926530
31283,759230
31284,618415
31285,558982
31286,926090
31287,581827
31288,223946
31289,993546
31290,450302
31291,985345
31292,271599
31293,770184
31294,797570
31295,666217
31296,739172
31297,299376
31298,307579
31299,997818
31300,343575
31301,684015
31302,894190
31303,483625
31304,536785
31305,509646
31306,886317
31307,852417
31308,562998
31309,186325
31310,948884
31311,781411
31312,664641
31313,739660
31314,878764
31315,656458
31316,195062
31317,427488
31318,518381
31319,436003
31320,318174
31321,863530
31322,359967
31323,351452
31324,822051
31325,780229
31326,658724
31327,260816
31328,203385
31329,707974
31330,367742
31331,516483
31332,805193
31333,529748
31334,627728
31335,501989
31336,602431
31337,382928
31338,912078
31339,178998
31340,364702
31341,673418
31342,519523
31343,957819
31344,210578
31345,812906
31346,154527
31347,477260
31348,705454
31349,761040
31350,534799
31351,230157
31352,197857
31353,962312
31354,438813
31355,149991
31356,352847
31357,623776
31358,174414
31359,825203
31360,590212
31361,659828
31362,498326
31363,875929
31364,127192
31365,232741
31366,338729
31367,650701
31368,408537
31369,889307
31370,865524
31371,914518
31372,271273
31373,906333
31374,416924
31375,112534
31376,270689
31377,320096
31378,329857
31379,127867
31380,364397
31381,766872
31382,857948
31383,441694
31384,512083
31385,834291
31386,783902
31387,505622
31388,942313
31389,112381
31390,695059
31391,347399
31392,256451
31393,968134
31394,224815
31395,489884
31396,569224
31397,206209
31398,184160
31399,717438
31400,647822
31401,122200
31402,867255
31403,608161
31404,961707
31405,191907
31406,535212
31407,624387
31408,598572
31409,297413
31410,143305
31411,170582
31412,225463
31413,794959
31414,995775
31415,277594
31416,912293
31417,879689
31418,178325
31419,556954
31420,787340
31421,538836
31422,293340
31423,804362
31424,341522
31425,924668
31426,691107
31427,274618
31428,658511
31429,868970
31430,946833
31431,746378
31432,537652
31433,160983
31434,368605
31435,562131
31436,508459
31437,847117
31438,613361
31439,516328
31440,805610
31441,450040
31442,943882
31443,793335
31444,905245
31445,670487
31446,424151
31447,935369
31448,541730
31449,172838
31450,767099
31451,734103
31452,719229
31453,479892
31454,239982
31455,408913
31456,650053
31457,719797
31458,767667
31459,678994
31460,831984
31461,969741
31462,551425
31463,661500
31464,447440
31465,551113
31466,528268
31467,482932
31468,439445
31469,490679
31470,336193
31471,815442
31472,684217
31473,895424
31474,201433
31475,610874
31476,209618
31477,478220
31478,332282
31479,326427
31480,610546
31481,411204
31482,788135
31483,626768
31484,665415
31485,226716
31486,773998
31487,795748
31488,381840
31489,886059
31490,955867
31491,483887
31492,837677
31493,894240
31494,291551
31495,838373
31496,528660
31497,145074
31498,878410
31499,596828
31500,468321
31501,630392
31502,638579
31503,299638
31504,578430
31505,460138
31506,212369
31507,116608
31508,509547
31509,467978
31510,411911
31511,910085
31512,167998
31513,909773
31514,822464
31515,596535
31516,855428
31517,724079
31518,162935
31519,864071
31520,186712
31521,956496
31522,402082
31523,974622
31524,787716
31525,145905
31526,218364
31527,595671
31528,495045
31529,696768
31530,751954
31531,447163
31532,660575
31533,908694
31534,142217
31535,415647
31536,306574
31537,290092
31538,431933
31539,560067
31540,684826
31541,282607
31542,849181
31543,718070
31544,205577
31545,458320
31546,295853
31547,346439
31548,827064
31549,913789
31550,703888
31551,147500
31552,441302
31553,479543
31554,725055
31555,363309
31556,362981
31557,679921
31558,584640
31559,668122
31560,631822
31561,599010
31562,344801
31563,274412
31564,639819
31565,769718
31566,524222
31567,516021
31568,526753
31569,560717
31570,961893
31571,671034
31572,976587
31573,449493
31574,750324
31575,802329
31576,817495
31577,372392
31578,288394
31579,232832
31580,809876
31581,851059
31582,950670
31583,730378
31584,861409
31585,839168
31586,612599
31587,681996
31588,316181
31589,342516
31590,437992
31591,184374
31592,962869
31593,274804
31594,868716
31595,135316
31596,667458
31597,229201
31598,698542
31599,467788
31600,690341
31601,308304
31602,790178
31603,947039
31604,844523
31605,854026
31606,652272
31607,402916
31608,292882
31609,333087
31610,573174
31611,426187
31612,201972
31613,765134
31614,285393
31615,888110
31616,957918
31617,854722
31618,470372
31619,911523
31620,697422
31621,259165
31622,664482
31623,162394
31624,318550
31625,434603
31626,673164
31627,836491
31628,731265
31629,780323
31630,820421
31631,390365
31632,828934
31633,740620
31634,178936
31635,409858
31636,621407
31637,884901
31638,236635
31639,708224
31640,368504
31641,376691
31642,847712
31643,771272
31644,991033
31645,946740
31646,597018
31647,351506
31648,637949
31649,493320
31650,942724
31651,448630
31652,881268
31653,497008
31654,541100
31655,741724
31656,296776
31657,165539
31658,583243
31659,471135
31660,915280
31661,127254
31662,851224
31663,799634
31664,422769
31665,632165
31666,305515
31667,833206
31668,702301
31669,632749
31670,369131
31671,677876
31672,322797
31673,735281
31674,398388
31675,406591
31676,515806
31677,647723
31678,149545
31679,314926
31680,186017
31681,475222
31682,536997
31683,730013
31684,529254
31685,454449
31686,638665
31687,657886
31688,823257
31689,746707
31690,350246
31691,947968
31692,144904
31693,261346
31694,901143
31695,318378
31696,924837
31697,680115
31698,680571
31699,510354
31700,956801
31701,563306
31702,234895
31703,581412
31704,819697
31705,133275
31706,272763
31707,214429
31708,585631
31709,306839
31710,591798
31711,473923
31712,622682
31713,669517
31714,807723
31715,398280
31716,859693
31717,952625
31718,759850
31719,528182
31720,282174
31721,550035
31722,140400
31723,783247
31724,132219
31725,458625
31726,573884
31727,751275
31728,864270
31729,759298
31730,312626
31731,362548
31732,156478
31733,810955
31734,163892
31735,774183
31736,634330
31737,263731
31738,975159
31739,303572
31740,346621
31741,380433
31742,120130
31743,719020
31744,432559
31745,533174
31746,856430
31747,792518
31748,744235
31749,455178
31750,415213
31751,585460
31752,197560
31753,483237
31754,559537
31755,921526
31756,891490
31757,514689
31758,710287
31759,867717
31760,640639
31761,117010
31762,435700
31763,845079
31764,706111
31765,340000
31766,618792
31767,680408
31768,494975
31769,948875
31770,442489
31771,595565
31772,503740
31773,145739
31774,635714
31775,137536
31776,495543
31777,645351
31778,955402
31779,814619
31780,683320
31781,212267
31782,437212
31783,396347
31784,806104
31785,645679
31786,822394
31787,789398
31788,546699
31789,261513
31790,666230
31791,700242
31792,267339
31793,770655
31794,657589
31795,219302
31796,372874
31797,756863
31798,395165
31799,731472
31800,836186
31801,966567
31802,530859
31803,579849
31804,820500
31805,748758
31806,259631
31807,664016
31808,323948
31809,375914
31810,885108
31811,508311
31812,805206
31813,861275
31814,990952
31815,459773
31816,267021
31817,637156
31818,771353
31819,266693
31820,938278
31821,300585
31822,467262
31823,263101
31824,457132
31825,165306
31826,225115
31827,976057
31828,574809
31829,448935
31830,505002
31831,111937
31832,625303
31833,224659
31834,671104
31835,686798
31836,408518
31837,288304
31838,958783
31839,608821
31840,758503
31841,344667
31842,892196
31843,238033
31844,717250
31845,727843
31846,183516
31847,717578
31848,954140
31849,158195
31850,607261
31851,866315
31852,667659
31853,255988
31854,833036
31855,297746
31856,694252
31857,552757
31858,337013
31859,639642
31860,361362
31861,323231
31862,735371
31863,130380
31864,417256
31865,305145
31866,775690
31867,256476
31868,505281
31869,712330
31870,766855
31871,407653
31872,650865
31873,241298
31874,950935
31875,311924
31876,851362
31877,557492
31878,889007
31879,240730
31880,400038
31881,199613
31882,716337
31883,403669
31884,730643
31885,153099
31886,654345
31887,954607
31888,261028
31889,771770
31890,821847
31891,467613
31892,902553
31893,611782
31894,643626
31895,932128
31896,651809
31897,923947
31898,402485
31899,757724
31900,731891
31901,698199
31902,269390
31903,418683
31904,147302
31905,589748
31906,555096
31907,137392
31908,563769
31909,811459
31910,374332
31911,887274
31912,163829
31913,644599
31914,895457
31915,460107
31916,979647
31917,830849
31918,699498
31919,428583
31920,290870
31921,763426
31922,124609
31923,537590
31924,366623
31925,894921
31926,570394
31927,335859
31928,185586
31929,344056
31930,683520
31931,886026
31932,864405
31933,524677
31934,409528
31935,951626
31936,719196
31937,401331
31938,695833
31939,172807
31940,800789
31941,600334
31942,601030
31943,573735
31944,703706
31945,132648
31946,943915
31947,625697
31948,239463
31949,281709
31950,405904
31951,760441
31952,191073
31953,196736
31954,768626
31955,768186
31956,328611
31957,701170
31958,133120
31959,936200
31960,883515
31961,446777
31962,345637
31963,415445
31964,785724
31965,551456
31966,908508
31967,353838
31968,899130
31969,736829
31970,197411
31971,999979
31972,282574
31973,370663
31974,921061
31975,150765
31976,335883
31977,736501
31978,768793
31979,584871
31980,985005
31981,134051
31982,423861
31983,454745
31984,831674
31985,254858
31986,791957
31987,823929
31988,558538
31989,128466
31990,287525
31991,363276
31992,321025
31993,524526
31994,513786
31995,834650
31996,782519
31997,550827
31998,449714
31999,592550
32000,582287
32001,271467
32002,380554
32003,388737
32004,424349
32005,873587
32006,909804
32007,939771
32008,604701
32009,308023
32010,193938
32011,852877
32012,683427
32013,755522
32014,563122
32015,204219
32016,367548
32017,450793
32018,358389
32019,226846
32020,940571
32021,269048
32022,503279
32023,310559
32024,688618
32025,469507
32026,179772
32027,948440
32028,495404
32029,996830
32030,226518
32031,357693
32032,479118
32033,836999
32034,644692
32035,187313
32036,790147
32037,578930
32038,999032
32039,492682
32040,771458
32041,797760
32042,308921
32043,911018
32044,962836
32045,853507
32046,954655
32047,847402
32048,955351
32049,283864
32050,324415
32051,301210
32052,278397
32053,602555
32054,636503
32055,210454
32056,293627
32057,364570
32058,519655
32059,485899
32060,327647
32061,284728
32062,844490
32063,150443
32064,122039
32065,515420
32066,205934
32067,685181
32068,962444
32069,197733
32070,474941
32071,466742
32072,832820
32073,255180
32074,422459
32075,134373
32076,265486
32077,701975
32078,883990
32079,693788
32080,889183
32081,686677
32082,678494
32083,766583
32084,678038
32085,926848
32086,951143
32087,906457
32088,881142
32089,433945
32090,678397
32091,241161
32092,650986
32093,888884
32094,843058
32095,775825
32096,496977
32097,995235
32098,694623
32099,987048
32100,582818
32101,816381
32102,761847
32103,122644
32104,607725
32105,407254
32106,265317
32107,937094
32108,908186
32109,466069
32110,414555
32111,915801
32112,166058
32113,265901
32114,178905
32115,795395
32116,996339
32117,588018
32118,862539
32119,477603
32120,844137
32121,326780
32122,771617
32123,228563
32124,876589
32125,690983
32126,501538
32127,382999
32128,553982
32129,228891
32130,667144
32131,545781
32132,342206
32133,682310
32134,211285
32135,537776
32136,893511
32137,730760
32138,485248
32139,805486
32140,244849
32141,853864
32142,182296
32143,737260
32144,361717
32145,669548
32146,214900
32147,669092
32148,401161
32149,208409
32150,849933
32151,819169
32152,208081
32153,960307
32154,642005
32155,542321
32156,670604
32157,224159
32158,703584
32159,967358
32160,164790
32161,464193
32162,458656
32163,775077
32164,303702
32165,582494
32166,276418
32167,596935
32168,878545
32169,219628
32170,468474
32171,699928
32172,738553
32173,168710
32174,212649
32175,335689
32176,963915
32177,762960
32178,325472
32179,729460
32180,212065
32181,886648
32182,282759
32183,654190
32184,269097
32185,461785
32186,450872
32187,171310
32188,973862
32189,739353
32190,997063
32191,495357
32192,904734
32193,547049
32194,276970
32195,589582
32196,747538
32197,672337
32198,332713
32199,705981
32200,478815
32201,855740
32202,680538
32203,845461
32204,706421
32205,895891
32206,940137
32207,381536
32208,819827
32209,442456
32210,740282
32211,680441
32212,531460
32213,672242
32214,895736
32215,518683
32216,933676
32217,672570
32218,325667
32219,964800
32220,479028
32221,340681
32222,979822
32223,586373
32224,384640
32225,778869
32226,971181
32227,554913
32228,351140
32229,596652
32230,755704
32231,683289
32232,283116
32233,375565
32234,405209
32235,375237
32236,622369
32237,335394
32238,120747
32239,321211
32240,287063
32241,865164
32242,951451
32243,524956
32244,742690
32245,388667
32246,669743
32247,380464
32248,943154
32249,592084
32250,882186
32251,416740
32252,626160
32253,873985
32254,961208
32255,614841
32256,527540
32257,239286
32258,567707
32259,361886
32260,623576
32261,133585
32262,423367
32263,800036
32264,743874
32265,944666
32266,720843
32267,127534
32268,897518
32269,919289
32270,906923
32271,976464
32272,270687
32273,417386
32274,271255
32275,471911
32276,173456
32277,355985
32278,840395
32279,735681
32280,901062
32281,158162
32282,280626
32283,727498
32284,238064
32285,399116
32286,360464
32287,430304
32288,607988
32289,568341
32290,213337
32291,221522
32292,466828
32293,552575
32294,981504
32295,382246
32296,656178
32297,828734
32298,170443
32299,118389
32300,293001
32301,672892
32302,705424
32303,572581
32304,327085
32305,486065
32306,126134
32307,241984
32308,210604
32309,220425
32310,830230
32311,737308
32312,391941
32313,938959
32314,829918
32315,738004
32316,869183
32317,990921
32318,308427
32319,980008
32320,467927
32321,947140
32322,746207
32323,144076
32324,537953
32325,211076
32326,954789
32327,682591
32328,236971
32329,492891
32330,868948
32331,597577
32332,980291
32333,351625
32334,691101
32335,445077
32336,821878
32337,605322
32338,228457
32339,315437
32340,561445
32341,376096
32342,892981
32343,333839
32344,708123
32345,931297
32346,123893
32347,152802
32348,853274
32349,211439
32350,949839
32351,987970
32352,301387
32353,602786
32354,636806
32355,548199
32356,829085
32357,452222
32358,786810
32359,502648
32360,912283
32361,318669
32362,722961
32363,210191
32364,923914
32365,365315
32366,538858
32367,327182
32368,716936
32369,816783
32370,523398
32371,735402
32372,607575
32373,534618
32374,289106
32375,229976
32376,481705
32377,255261
32378,632318
32379,455686
32380,753636
32381,624117
32382,448197
32383,465967
32384,937020
32385,386622
32386,667690
32387,609151
32388,719976
32389,650832
32390,758701
32391,533690
32392,417537
32393,574483
32394,802793
32395,575195
32396,449061
32397,915403
32398,379605
32399,964390
32400,715251
32401,283370
32402,815092
32403,152321
32404,675348
32405,964078
32406,468319
32407,586571
32408,460116
32409,267684
32410,665937
32411,392589
32412,268140
32413,797298
32414,546404
32415,577928
32416,747167
32417,691326
32418,629902
32419,435923
32420,895798
32421,803287
32422,116989
32423,755742
32424,186381
32425,940455
32426,258638
32427,904891
32428,390053
32429,696925
32430,820157
32431,442774
32432,604041
32433,461692
32434,246517
32435,692966
32436,832262
32437,799978
32438,631325
32439,936215
32440,306395
32441,446758
32442,567965
32443,961398
32444,815468
32445,615103
32446,921177
32447,328636
32448,737097
32449,582651
32450,695814
32451,380926
32452,626422
32453,550623
32454,504011
32455,695502
32456,458189
32457,993842
32458,801474
32459,719755
32460,687207
32461,960406
32462,649651
32463,856649
32464,558270
32465,592569
32466,496043
32467,424778
32468,388182
32469,801121
32470,331319
32471,649432
32472,725705
32473,147474
32474,199956
32475,609783
32476,499019
32477,777283
32478,875076
32479,831653
32480,473772
32481,883279
32482,944831
32483,447109
32484,483105
32485,205623
32486,191253
32487,867585
32488,648944
32489,895125
32490,518262
32491,155274
32492,933185
32493,195493
32494,974624
32495,469204
32496,852882
32497,375136
32498,428443
32499,517726
32500,236104
32501,317093
32502,475577
32503,638446
32504,167936
32505,577763
32506,596489
32507,990178
32508,630245
32509,411961
32510,384549
32511,862967
32512,195811
32513,620266
32514,242477
32515,118480
32516,573128
32517,932047
32518,880497
32519,594791
32520,780662
32521,501886
32522,270185
32523,390536
32524,418452
32525,170350
32526,829267
32527,794815
32528,949577
32529,179117
32530,244997
32531,185024
32532,283847
32533,938858
32534,492693
32535,143977
32536,746106
32537,467386
32538,980549
32539,135338
32540,938402
32541,472002
32542,943057
32543,549434
32544,783654
32545,256051
32546,967734
32547,296149
32548,834307
32549,463105
32550,906766
32551,934162
32552,633368
32553,304662
32554,897355
32555,400201
32556,433317
32557,950704
32558,651166
32559,441958
32560,616562
32561,951160
32562,287868
32563,364189
32564,744993
32565,297013
32566,414255
32567,693451
32568,247312
32569,790532
32570,659951
32571,422124
32572,798735
32573,632568
32574,543769
32575,466401
32576,937458
32577,166678
32578,685738
32579,927871
32580,489580
32581,840302
32582,481383
32583,816521
32584,221780
32585,274105
32586,305493
32587,157724
32588,398346
32589,607730
32590,717541
32591,314896
32592,149527
32593,892107
32594,616241
32595,535095
32596,601247
32597,662628
32598,216183
32599,347548
32600,582845
32601,463522
32602,407777
32603,919039
32604,241174
32605,558072
32606,566259
32607,712206
32608,927548
32609,766411
32610,399906
32611,330450
32612,866252
32613,557360
32614,758208
32615,526044
32616,315968
32617,922959
32618,529572
32619,244846
32620,682897
32621,853879
32622,292719
32623,980782
32624,391883
32625,359719
32626,699187
32627,605927
32628,829456
32629,391171
32630,746257
32631,373677
32632,126896
32633,844150
32634,723580
32635,225324
32636,636707
32637,949282
32638,594116
32639,981254
32640,911862
32641,548618
32642,579814
32643,458103
32644,449916
32645,913554
32646,985163
32647,750685
32648,464222
32649,670043
32650,263598
32651,719353
32652,525288
32653,362506
32654,898324
32655,865016
32656,864304
32657,120543
32658,785817
32659,792211
32660,214891
32661,223072
32662,254092
32663,908977
32664,298658
32665,306857
32666,929512
32667,151531
32668,559660
32669,710618
32670,844866
32671,427178
32672,486531
32673,732555
32674,332158
32675,531824
32676,563868
32677,855147
32678,269110
32679,137949
32680,988883
32681,788003
32682,277309
32683,276981
32684,469253
32685,357619
32686,828172
32687,258804
32688,613526
32689,989747
32690,168401
32691,299066
32692,546526
32693,939829
32694,738534
32695,562967
32696,437218
32697,886284
32698,428321
32699,852776
32700,454244
32701,446063
32702,909641
32703,227931
32704,706049
32705,326388
32706,802822
32707,764684
32708,366585
32709,539664
32710,680422
32711,117732
32712,478691
32713,724515
32714,532179
32715,836898
32716,195031
32717,948349
32718,311154
32719,302969
32720,996731
32721,739693
32722,547229
32723,664672
32724,773193
32725,879173
32726,982361
32727,350043
32728,218800
32729,250204
32730,978721
32731,944645
32732,246252
32733,984840
32734,167146
32735,631044
32736,859568
32737,559943
32738,710321
32739,867771
32740,197510
32741,960623
32742,709753
32743,640137
32744,899231
32745,406166
32746,661563
32747,504786
32748,750902
32749,835127
32750,542157
32751,905714
32752,542469
32753,834815
32754,346891
32755,695583
32756,826612
32757,810070
32758,890556
32759,513631
32760,710809
32761,842098
32762,907860
32763,777151
32764,543907
32765,884147
32766,142979
32767,422558
32768,134792
32769,297103
32770,892882
32771,238375
32772,735710
32773,901081
32774,639239
32775,900369
32776,709111
32777,337896
32778,183522
32779,527341
32780,647436
32781,548936
32782,262475
32783,575407
32784,994469
32785,425598
32786,417397
32787,794262
32788,347781
32789,593805
32790,694417
32791,399675
32792,330187
32793,851519
32794,526093
32795,280069
32796,338696
32797,529781
32798,245623
32799,334203
32800,963449
32801,762466
32802,367711
32803,708007
32804,861869
32805,962993
32806,184498
32807,114754
32808,545011
32809,493287
32810,658693
32811,467912
32812,500772
32813,452898
32814,931957
32815,327546
32816,564857
32817,242583
32818,511873
32819,531293
32820,924342
32821,611931
32822,896417
32823,519490
32824,293470
32825,364735
32826,628473
32827,949747
32828,269595
32829,170780
32830,462315
32831,270291
32832,318674
32833,651807
32834,511722
32835,888329
32836,602813
32837,502191
32838,981436
32839,987997
32840,748931
32841,655502
32842,251761
32843,829058
32844,292821
32845,334552
32846,404003
32847,342043
32848,954905
32849,893666
32850,821409
32851,597590
32852,910764
32853,144312
32854,553819
32855,545616
32856,391353
32857,492868
32858,829610
32859,605333
32860,938099
32861,637817
32862,789893
32863,143728
32864,587391
32865,224782
32866,633089
32867,256482
32868,593638
32869,471259
32870,270379
32871,417238
32872,497468
32873,262176
32874,463056
32875,457265
32876,165415
32877,188770
32878,534125
32879,364364
32880,642628
32881,189354
32882,488797
32883,207168
32884,273923
32885,791325
32886,668413
32887,632289
32888,498652
32889,422205
32890,265408
32891,386593
32892,945192
32893,344518
32894,977860
32895,808603
32896,438687
32897,647271
32898,369007
32899,892601
32900,526414
32901,727230
32902,336971
32903,315050
32904,489917
32905,523857
32906,626624
32907,472281
32908,303373
32909,172262
32910,670239
32911,457979
32912,479572
32913,433086
32914,287151
32915,532647
32916,533103
32917,362886
32918,959592
32919,558472
32920,823867
32921,909117
32922,992556
32923,298470
32924,800532
32925,640678
32926,290127
32927,736439
32928,197033
32929,728252
32930,440149
32931,370597
32932,736895
32933,960648
32934,197473
32935,807577
32936,536207
32937,340217
32938,200985
32939,572187
32940,234557
32941,713765
32942,479180
32943,303006
32944,495470
32945,171637
32946,664711
32947,905101
32948,145810
32949,688552
32950,904517
32951,268986
32952,580702
32953,236053
32954,814090
32955,885795
32956,375101
32957,721444
32958,614354
32959,291799
32960,517323
32961,124192
32962,546202
32963,358815
32964,491846
32965,509355
32966,852644
32967,160159
32968,124547
32969,729484
32970,185976
32971,886656
32972,998111
32973,770341
32974,546361
32975,658383
32976,499750
32977,822728
32978,307742
32979,947473
32980,779238
32981,909837
32982,763976
32983,326064
32984,209585
32985,186448
32986,680610
32987,209017
32988,326520
32989,519048
32990,781774
32991,657199
32992,996927
32993,870666
32994,996599
32995,226815
32996,419044
32997,782086
32998,820192
32999,823704
33000,175469
33001,591727
33002,786358
33003,422996
33004,908886
33005,599468
33006,874938
33007,465241
33008,222543
33009,313611
33010,859892
33011,439542
33012,491036
33013,522736
33014,640261
33015,230886
33016,640973
33017,150980
33018,449947
33019,935778
33020,661943
33021,279047
33022,148460
33023,313123
33024,199714
33025,532940
33026,969184
33027,455934
33028,701942
33029,474644
33030,174307
33031,112659
33032,659673
33033,113371
33034,183662
33035,206735
33036,859002
33037,920458
33038,399007
33039,130453
33040,840080
33041,735314
33042,248078
33043,448533
33044,976139
33045,456734
33046,933924
33047,417073
33048,942127
33049,843120
33050,809628
33051,280457
33052,408180
33053,180622
33054,857426
33055,918946
33056,488890
33057,959045
33058,404164
33059,613175
33060,485314
33061,334399
33062,963317
33063,893445
33064,315933
33065,902464
33066,228953
33067,586832
33068,991066
33069,352185
33070,444581
33071,413057
33072,177787
33073,587416
33074,467084
33075,458887
33076,326718
33077,118062
33078,887846
33079,651312
33080,713224
33081,434944
33082,126957
33083,327414
33084,749484
33085,697670
33086,996273
33087,170072
33088,139188
33089,444045
33090,723330
33091,958325
33092,681103
33093,520045
33094,966526
33095,862306
33096,612028
33097,326997
33098,835659
33099,804775
33100,564310
33101,225562
33102,973555
33103,981752
33104,950236
33105,418505
33106,612500
33107,839267
33108,621143
33109,404399
33110,885165
33111,753734
33112,931514
33113,569533
33114,552991
33115,946676
33116,300784
33117,605465
33118,593314
33119,416858
33120,379278
33121,131727
33122,188966
33123,488985
33124,897302
33125,512510
33126,180453
33127,857841
33128,247373
33129,945572
33130,552015
33131,702037
33132,498256
33133,832886
33134,430800
33135,323373
33136,639784
33137,157994
33138,919593
33139,858329
33140,337679
33141,482034
33142,407551
33143,122101
33144,866842
33145,235623
33146,645252
33147,852853
33148,622435
33149,476054
33150,509050
33151,922501
33152,243820
33153,375175
33154,283054
33155,979428
33156,145152
33157,939523
33158,577540
33159,657622
33160,350510
33161,176676
33162,286598
33163,435607
33164,186753
33165,540293
33166,539725
33167,195394
33168,837559
33169,450577
33170,580836
33171,627170
33172,948968
33173,349958
33174,250825
33175,823369
33176,916804
33177,507303
33178,142160
33179,385689
33180,423301
33181,522273
33182,129482
33183,190778
33184,321745
33185,717871
33186,760810
33187,183289
33188,490757
33189,736269
33190,807147
33191,295356
33192,472747
33193,661606
33194,257938
33195,513226
33196,287709
33197,128994
33198,617755
33199,856333
33200,513538
33201,550128
33202,801005
33203,458026
33204,257073
33205,782628
33206,810336
33207,679051
33208,147870
33209,818539
33210,370780
33211,734030
33212,287414
33213,353310
33214,542747
33215,499215
33216,591133
33217,883651
33218,831785
33219,961425
33220,398251
33221,676515
33222,431175
33223,645063
33224,671963
33225,332067
33226,186914
33227,653260
33228,531757
33229,619240
33230,310852
33231,988230
33232,664918
33233,418910
33234,581447
33235,996429
33236,450938
33237,419478
33238,788094
33239,589188
33240,483390
33241,160037
33242,236484
33243,396595
33244,316897
33245,939424
33246,586668
33247,468848
33248,658293
33249,261249
33250,638050
33251,168332
33252,327244
33253,394333
33254,285099
33255,511103
33256,765308
33257,326788
33258,949445
33259,588482
33260,602152
33261,636868
33262,418584
33263,579585
33264,655899
33265,476603
33266,537672
33267,804958
33268,193351
33269,805526
33270,508063
33271,682870
33272,169674
33273,351691
33274,980937
33275,779986
33276,379543
33277,575129
33278,741765
33279,703332
33280,670856
33281,256447
33282,995163
33283,448687
33284,173241
33285,417603
33286,271038
33287,566036
33288,119564
33289,726731
33290,280371
33291,678861
33292,866091
33293,386684
33294,576121
33295,213104
33296,552790
33297,717314
33298,523788
33299,677349
33300,289040
33301,323324
33302,839978
33303,490280
33304,867275
33305,808646
33306,891948
33307,616406
33308,438722
33309,717002
33310,915658
33311,297170
33312,876333
33313,266046
33314,386527
33315,497698
33316,422595
33317,799264
33318,134173
33319,498410
33320,456679
33321,825103
33322,305681
33323,430242
33324,490051
33325,191668
33326,808877
33327,360530
33328,206430
33329,927896
33330,323479
33331,967889
33332,304185
33333,112618
33334,749797
33335,173850
33336,216571
33337,968217
33338,463334
33339,950615
33340,363698
33341,319935
33342,399718
33343,889711
33344,338333
33345,931328
33346,893212
33347,211470
33348,847570
33349,316364
33350,193068
33351,500857
33352,698487
33353,360035
33354,493242
33355,135245
33356,359595
33357,228672
33358,723952
33359,844026
33360,187407
33361,651745
33362,395262
33363,965900
33364,611846
33365,941933
33366,697495
33367,348808
33368,251023
33369,278405
33370,628388
33371,309921
33372,301738
33373,859464
33374,405670
33375,281947
33376,431497
33377,397925
33378,890988
33379,543189
33380,464941
33381,874702
33382,167642
33383,222267
33384,978905
33385,832047
33386,623095
33387,661227
33388,155739
33389,641625
33390,240305
33391,479563
33392,618358
33393,918416
33394,231538
33395,810598
33396,331381
33397,733824
33398,696111
33399,472262
33400,164082
33401,975345
33402,604296
33403,746878
33404,979849
33405,586338
33406,412595
33407,577697
33408,359240
33409,604736
33410,666288
33411,852248
33412,244225
33413,654050
33414,483824
33415,484152
33416,706769
33417,614349
33418,204590
33419,645153
33420,405054
33421,509151
33422,555374
33423,357728
33424,171626
33425,870526
33426,773297
33427,469598
33428,381007
33429,837394
33430,732184
33431,518908
33432,294368
33433,811253
33434,811581
33435,705585
33436,171465
33437,442836
33438,555013
33439,982530
33440,603395
33441,870677
33442,317860
33443,755804
33444,326503
33445,187015
33446,145102
33447,176418
33448,299202
33449,136901
33450,797232
33451,666587
33452,267750
33453,136205
33454,700159
33455,411664
33456,554213
33457,806845
33458,922187
33459,622253
33460,715641
33461,404893
33462,483483
33463,964452
33464,339733
33465,890343
33466,409573
33467,148467
33468,926448
33469,841953
33470,960468
33471,232401
33472,719817
33473,479264
33474,633975
33475,458127
33476,303225
33477,695436
33478,582001
33479,782721
33480,662368
33481,626356
33482,835492
33483,742574
33484,159512
33485,151315
33486,482824
33487,952823
33488,336189
33489,760356
33490,961332
33491,431658
33492,175474
33493,874917
33494,465222
33495,577362
33496,306769
33497,984147
33498,824143
33499,408171
33500,149117
33501,311418
33502,734821
33503,927158
33504,520777
33505,207288
33506,525398
33507,505095
33508,593438
33509,582911
33510,694530
33511,784071
33512,575036
33513,296756
33514,229495
33515,840079
33516,183665
33517,816744
33518,481614
33519,560986
33520,615867
33521,569169
33522,866726
33523,840519
33524,230079
33525,130882
33526,174332
33527,552947
33528,422669
33529,576220
33530,221406
33531,632785
33532,544048
33533,265272
33534,273459
33535,937179
33536,357197
33537,973135
33538,138595
33539,390761
33540,871579
33541,531150
33542,285638
33543,887865
33544,341707
33545,196042
33546,162030
33547,319202
33548,924141
33549,511506
33550,757530
33551,252321
33552,698809
33553,998790
33554,903063
33555,553323
33556,821905
33557,309135
33558,177764
33559,691066
33560,707636
33561,839135
33562,315594
33563,115153
33564,682267
33565,403475
33566,342243
33567,160782
33568,797725
33569,629473
33570,745712
33571,822266
33572,467760
33573,220966
33574,413245
33575,606158
33576,813467
33577,722301
33578,954690
33579,342848
33580,179183
33581,786678
33582,301583
33583,356902
33584,697394
33585,451898
33586,903380
33587,795189
33588,689209
33589,981039
33590,643975
33591,210051
33592,564865
33593,530797
33594,242543
33595,210507
33596,862901
33597,848423
33598,615632
33599,808712
33600,677603
33601,183322
33602,206587
33603,760841
33604,122090
33605,825258
33606,977055
33607,246938
33608,552600
33609,134768
33610,466795
33611,766506
33612,565978
33613,843468
33614,188985
33615,865325
33616,616496
33617,180786
33618,889802
33619,312281
33620,817451
33621,950770
33622,180474
33623,216414
33624,662861
33625,262579
33626,165812
33627,457066
33628,381173
33629,302579
33630,227065
33631,996665
33632,672615
33633,125285
33634,340060
33635,286033
33636,125869
33637,572350
33638,261621
33639,797665
33640,666122
33641,168184
33642,585744
33643,979451
33644,412425
33645,384021
33646,910275
33647,822990
33648,445997
33649,997849
33650,700206
33651,869412
33652,955510
33653,375192
33654,537210
33655,325206
33656,763822
33657,396359
33658,159825
33659,236208
33660,517798
33661,715432
33662,852386
33663,566566
33664,200484
33665,810716
33666,679735
33667,759261
33668,558381
33669,312357
33670,278785
33671,842744
33672,695645
33673,600194
33674,582248
33675,346497
33676,151234
33677,536106
33678,230440
33679,640203
33680,807484
33681,961253
33682,322054
33683,760821
33684,970144
33685,944711
33686,142159
33687,377485
33688,791922
33689,752020
33690,874612
33691,992649
33692,668818
33693,328076
33694,849528
33695,282178
33696,768093
33697,398260
33698,197295
33699,623342
33700,507419
33701,660978
33702,414970
33703,423153
33704,631525
33705,800474
33706,465716
33707,992810
33708,298024
33709,692438
33710,661306
33711,617583
33712,524642
33713,522109
33714,959910
33715,409439
33716,558150
33717,634373
33718,835358
33719,783347
33720,944076
33721,582091
33722,172328
33723,774448
33724,905435
33725,542252
33726,384950
33727,299696
33728,420457
33729,822637
33730,350866
33731,586107
33732,412258
33733,729385
33734,570933
33735,894766
33736,151857
33737,721186
33738,283154
33739,653819
33740,243992
33741,484073
33742,546996
33743,828238
33744,469319
33745,410698
33746,787625
33747,503467
33748,276919
33749,948564
33750,988817
33751,171379
33752,871271
33753,547452
33754,478410
33755,293937
33756,837315
33757,510446
33758,714219
33759,990519
33760,911142
33761,252883
33762,229116
33763,300534
33764,779269
33765,274961
33766,252187
33767,292191
33768,160948
33769,839597
33770,211378
33771,682401
33772,115051
33773,342673
33774,715909
33775,722532
33776,707726
33777,602167
33778,593980
33779,443616
33780,996116
33781,373589
33782,402505
33783,731207
33784,611770
33785,161876
33786,538807
33787,195952
33788,651413
33789,241782
33790,858391
33791,685881
33792,920367
33793,130352
33794,174734
33795,247683
33796,667767
33797,455771
33798,745394
33799,992164
33800,776286
33801,583845
33802,512760
33803,889371
33804,918791
33805,608746
33806,329954
33807,712438
33808,399378
33809,565699
33810,462994
33811,131465
33812,915350
33813,749969
33814,976302
33815,448688
33816,296262
33817,520528
33818,565416
33819,512915
33820,372334
33821,608385
33822,433813
33823,642925
33824,632872
33825,625387
33826,198218
33827,677009
33828,329065
33829,919692
33830,745177
33831,246816
33832,791092
33833,213964
33834,174381
33835,945409
33836,421908
33837,255715
33838,443787
33839,594847
33840,656239
33841,787076
33842,278426
33843,493709
33844,697920
33845,179029
33846,844005
33847,403434
33848,267121
33849,421516
33850,790116
33851,690275
33852,221084
33853,587606
33854,143449
33855,637520
33856,902726
33857,772013
33858,998487
33859,169918
33860,722703
33861,334833
33862,846096
33863,715003
33864,675612
33865,729305
33866,763701
33867,244256
33868,846808
33869,299400
33870,168035
33871,359273
33872,596586
33873,947268
33874,234499
33875,518165
33876,803351
33877,755990
33878,845296
33879,436187
33880,187341
33881,401463
33882,125750
33883,200999
33884,350082
33885,310627
33886,870495
33887,218273
33888,276551
33889,250701
33890,254270
33891,385237
33892,831686
33893,692518
33894,623062
33895,246069
33896,751887
33897,543220
33898,668681
33899,860065
33900,151129
33901,890957
33902,807591
33903,231035
33904,239216
33905,527474
33906,405639
33907,205212
33908,793537
33909,416546
33910,379966
33911,751399
33912,592602
33913,634869
33914,464108
33915,661730
33916,943348
33917,792841
33918,320693
33919,189790
33920,287577
33921,513102
33922,618327
33923,181589
33924,541823
33925,424074
33926,223633
33927,882599
33928,215890
33929,581968
33930,742983
33931,670538
33932,155921
33933,363035
33934,609535
33935,609847
33936,926417
33937,362707
33938,208607
33939,345233
33940,465255
33941,455558
33942,254621
33943,778115
33944,265055
33945,576955
33946,883527
33947,446789
33948,585136
33949,415401
33950,327959
33951,129773
33952,370416
33953,815375
33954,482857
33955,230872
33956,190677
33957,187046
33958,756405
33959,243627
33960,837208
33961,732498
33962,571526
33963,964973
33964,487058
33965,234856
33966,286313
33967,635598
33968,603426
33969,878911
33970,276780
33971,627397
33972,782136
33973,410833
33974,988682
33975,160161
33976,654248
33977,475313
33978,152418
33979,384813
33980,989218
33981,746548
33982,578339
33983,830973
33984,307432
33985,176387
33986,747260
33987,118744
33988,924108
33989,932295
33990,803898
33991,477975
33992,957672
33993,904022
33994,444083
33995,443515
33996,382091
33997,502134
33998,548713
33999,259435
34000,636296
34001,301453
34002,805082
34003,853468
34004,922924
34005,485372
34006,821936
34007,629675
34008,501598
34009,903094
34010,830139
34011,359748
34012,383083
34013,501142
34014,779422
34015,352135
34016,746354
34017,597647
34018,775917
34019,802279
34020,505838
34021,986396
34022,347647
34023,906702
34024,995295
34025,456736
34026,817249
34027,181112
34028,319568
34029,617394
34030,720046
34031,817833
34032,883713
34033,784902
34034,378611
34035,113381
34036,798983
34037,466153
34038,623923
34039,977365
34040,639613
34041,962203
34042,439182
34043,280991
34044,616274
34045,399009
34046,677801
34047,158391
34048,701603
34049,623704
34050,983647
34051,490183
34052,808745
34053,769059
34054,954363
34055,112038
34056,783685
34057,549465
34058,247899
34059,633011
34060,463786
34061,296574
34062,540826
34063,112494
34064,915046
34065,881034
34066,865988
34067,950739
34068,280284
34069,148991
34070,726508
34071,712454
34072,566011
34073,533783
34074,753784
34075,716149
34076,323979
34077,538479
34078,893336
34079,484447
34080,437941
34081,342441
34082,459546
34083,229132
34084,690424
34085,822235
34086,392131
34087,544810
34088,765075
34089,318816
34090,511376
34091,154471
34092,757328
34093,836285
34094,426590
34095,644006
34096,520019
34097,804177
34098,588261
34099,250891
34100,636131
34101,502485
34102,409652
34103,873653
34104,257964
34105,388679
34106,669779
34107,801648
34108,743318
34109,303497
34110,782449
34111,190252
34112,810037
34113,513596
34114,951855
34115,889879
34116,156168
34117,959724
34118,936101
34119,992680
34120,167489
34121,585385
34122,660664
34123,785553
34124,551821
34125,883350
34126,214627
34127,175234
34128,254340
34129,669307
34130,614853
34131,849714
34132,370465
34133,129852
34134,568111
34135,685053
34136,195452
34137,162960
34138,393350
34139,401549
34140,531576
34141,724104
34142,845698
34143,209302
34144,845130
34145,563548
34146,532144
34147,732747
34148,948254
34149,357883
34150,904969
34151,494882
34152,350008
34153,930168
34154,367482
34155,124780
34156,645746
34157,194460
34158,707202
34159,335454
34160,860992
34161,755020
34162,283480
34163,528976
34164,176666
34165,788739
34166,145214
34167,219699
34168,359379
34169,366809
34170,115908
34171,721867
34172,116236
34173,244721
34174,929811
34175,236538
34176,160027
34177,219536
34178,979577
34179,446311
34180,384919
34181,253564
34182,788584
34183,855744
34184,933435
34185,732960
34186,836650
34187,195095
34188,610325
34189,714498
34190,997051
34191,507122
34192,944909
34193,245988
34194,306178
34195,908314
34196,800507
34197,465373
34198,272678
34199,710001
34200,491160
34201,361609
34202,120980
34203,482963
34204,482395
34205,899935
34206,606373
34207,670704
34208,743165
34209,346627
34210,415803
34211,464189
34212,312687
34213,339854
34214,725883
34215,918112
34216,566380
34217,609933
34218,733624
34219,208045
34220,784500
34221,265835
34222,544611
34223,908124
34224,174767
34225,568578
34226,953570
34227,920334
34228,920006
34229,892634
34230,406744
34231,184098
34232,131033
34233,928205
34234,157893
34235,639687
34236,224877
34237,873112
34238,296295
34239,687096
34240,950274
34241,726773
34242,520218
34243,616896
34244,650796
34245,395851
34246,323674
34247,707759
34248,245375
34249,853350
34250,612731
34251,646807
34252,252218
34253,501036
34254,492839
34255,360246
34256,579095
34257,169716
34258,309012
34259,821770
34260,466952
34261,854862
34262,434508
34263,731822
34264,394923
34265,365439
34266,327282
34267,435076
34268,565105
34269,511625
34270,242335
34271,153726
34272,981471
34273,349149
34274,879627
34275,689921
34276,502532
34277,462051
34278,765665
34279,966650
34280,201747
34281,862438
34282,680971
34283,373279
34284,285238
34285,620083
34286,611896
34287,364764
34288,162774
34289,494180
34290,452001
34291,603061
34292,390481
34293,147024
34294,950104
34295,689314
34296,561914
34297,762369
34298,805131
34299,621267
34300,682531
34301,830314
34302,737376
34303,553115
34304,629370
34305,690826
34306,990901
34307,877384
34308,251985
34309,452929
34310,360029
34311,169303
34312,248361
34313,540704
34314,165679
34315,165351
34316,833810
34317,263136
34318,131595
34319,934659
34320,347878
34321,279726
34322,525734
34323,149389
34324,950633
34325,441463
34326,851092
34327,297508
34328,875995
34329,937259
34330,213997
34331,352781
34332,701465
34333,954177
34334,840375
34335,323497
34336,769617
34337,398776
34338,808851
34339,568425
34340,438423
34341,847988
34342,920165
34343,580735
34344,904548
34345,773263
34346,819298
34347,442953
34348,627633
34349,268371
34350,402144
34351,619288
34352,855822
34353,732910
34354,672739
34355,162869
34356,201016
34357,957146
34358,243423
34359,691561
34360,445537
34361,901508
34362,998293
34363,299871
34364,700330
34365,910151
34366,778924
34367,554416
34368,947291
34369,396811
34370,517354
34371,235772
34372,160285
34373,861157
34374,729614
34375,324634
34376,622584
34377,152086
34378,814819
34379,922070
34380,621872
34381,325330
34382,120250
34383,818771
34384,200608
34385,362919
34386,433055
34387,487806
34388,874200
34389,695769
34390,504596
34391,792854
34392,873488
34393,993773
34394,397915
34395,849247
34396,182698
34397,336544
34398,406096
34399,313409
34400,369996
34401,514681
34402,205187
34403,710263
34404,929165
34405,676251
34406,158853
34407,142283
34408,701434
34409,800253
34410,668694
34411,631562
34412,823834
34413,891889
34414,439839
34415,710100
34416,816088
34417,891193
34418,992358
34419,499348
34420,631393
34421,791709
34422,917116
34423,977988
34424,591694
34425,744120
34426,454993
34427,969807
34428,522233
34429,199683
34430,850460
34431,181993
34432,279078
34433,370887
34434,618019
34435,951593
34436,566473
34437,488157
34438,926414
34439,521521
34440,504447
34441,661910
34442,541792
34443,874419
34444,542376
34445,913492
34446,227646
34447,500431
34448,554203
34449,219445
34450,747235
34451,630002
34452,755274
34453,806219
34454,160190
34455,675432
34456,622227
34457,845924
34458,503343
34459,635601
34460,226782
34461,461256
34462,258298
34463,665349
34464,781807
34465,657166
34466,154965
34467,803683
34468,163734
34469,868421
34470,821935
34471,351568
34472,123692
34473,324151
34474,396014
34475,923643
34476,655432
34477,382556
34478,444076
34479,588377
34480,880230
34481,587921
34482,628124
34483,293179
34484,511532
34485,620541
34486,564508
34487,285688
34488,887815
34489,812774
34490,757228
34491,394766
34492,162328
34493,233721
34494,858515
34495,848754
34496,953999
34497,439185
34498,677246
34499,130940
34500,191812
34501,735931
34502,708698
34503,816726
34504,438617
34505,953415
34506,875541
34507,297962
34508,552197
34509,506329
34510,753469
34511,598731
34512,799696
34513,255428
34514,134949
34515,766847
34516,918915
34517,557388
34518,817846
34519,520383
34520,127316
34521,433586
34522,549349
34523,379404
34524,703487
34525,462870
34526,497658
34527,257004
34528,881206
34529,248111
34530,914906
34531,557095
34532,757975
34533,866011
34534,643049
34535,678133
34536,480507
34537,783706
34538,593283
34539,834431
34540,741493
34541,463229
34542,968322
34543,776089
34544,296545
34545,256647
34546,515391
34547,122068
34548,727315
34549,315143
34550,205837
34551,647938
34552,398621
34553,945997
34554,745053
34555,166762
34556,221579
34557,413851
34558,772353
34559,981009
34560,594387
34561,452556
34562,548053
34563,773065
34564,765068
34565,162675
34566,672933
34567,932019
34568,292944
34569,812357
34570,210109
34571,351987
34572,300057
34573,360184
34574,737805
34575,902850
34576,605496
34577,485000
34578,885132
34579,184436
34580,476235
34581,529843
34582,682062
34583,508839
34584,538040
34585,362293
34586,327897
34587,205113
34588,282079
34589,685026
34590,406250
34591,238621
34592,952344
34593,321776
34594,868111
34595,307134
34596,882753
34597,944305
34598,272466
34599,551258
34600,791884
34601,222839
34602,551826
34603,890560
34604,313043
34605,951856
34606,926495
34607,810722
34608,767464
34609,610297
34610,618482
34611,388696
34612,249784
34613,303966
34614,472714
34615,943769
34616,504166
34617,542585
34618,874082
34619,468210
34620,630763
34621,546049
34622,227567
34623,971214
34624,778462
34625,554946
34626,343170
34627,956032
34628,715414
34629,283023
34630,116600
34631,922532
34632,152236
34633,335425
34634,570792
34635,204714
34636,974822
34637,996615
34638,451320
34639,904982
34640,819728
34641,657119
34642,912853
34643,773173
34644,331881
34645,518776
34646,332449
34647,317515
34648,956584
34649,479063
34650,435638
34651,349772
34652,988847
34653,949154
34654,603983
34655,302702
34656,171909
34657,546954
34658,555137
34659,747633
34660,803801
34661,365606
34662,652581
34663,755928
34664,811290
34665,235269
34666,830808
34667,268202
34668,770494
34669,909406
34670,276385
34671,948034
34672,738458
34673,212682
34674,622121
34675,613922
34676,124440
34677,325379
34678,317192
34679,436981
34680,186083
34681,818506
34682,725420
34683,609370
34684,641974
34685,679082
34686,522051
34687,582133
34688,592660
34689,935929
34690,295158
34691,775110
34692,336753
34693,867940
34694,439973
34695,849478
34696,718765
34697,743938
34698,576798
34699,113926
34700,984279
34701,791591
34702,599351
34703,489449
34704,372211
34705,919537
34706,719883
34707,726050
34708,442315
34709,817348
34710,248213
34711,549783
34712,671329
34713,934519
34714,387773
34715,541012
34716,463020
34717,216241
34718,523493
34719,808679
34720,892613
34721,336951
34722,135071
34723,255358
34724,632221
34725,353145
34726,344946
34727,624022
34728,414594
34729,142684
34730,983385
34731,584275
34732,344506
34733,883876
34734,904179
34735,655602
34736,333380
34737,519253
34738,765277
34739,643232
34740,242304
34741,373611
34742,126838
34743,492856
34744,779323
34745,501755
34746,383494
34747,359905
34748,972771
34749,562062
34750,847768
34751,252550
34752,169856
34753,830325
34754,798289
34755,667578
34756,829885
34757,467892
34758,351817
34759,587168
34760,413369
34761,947111
34762,383397
34763,516886
34764,342284
34765,316397
34766,716240
34767,722737
34768,153378
34769,923178
34770,931361
34771,484914
34772,334799
34773,382277
34774,147023
34775,548519
34776,564741
34777,209927
34778,341484
34779,731410
34780,965933
34781,395231
34782,230224
34783,524102
34784,560821
34785,322942
34786,624181
34787,667938
34788,386558
34789,991985
34790,951230
34791,616628
34792,119366
34793,712611
34794,865889
34795,897421
34796,818023
34797,726913
34798,311701
34799,934356
34800,793634
34801,825606
34802,541431
34803,263167
34804,672307
34805,510417
34806,811987
34807,714196
34808,478453
34809,340232
34810,117490
34811,811291
34812,393715
34813,555592
34814,179527
34815,997029
34816,940384
34817,688785
34818,747632
34819,145507
34820,503444
34821,410741
34822,562377
34823,622120
34824,955682
34825,343840
34826,922318
34827,235820
34828,729366
34829,396563
34830,359078
34831,253098
34832,446329
34833,666006
34834,492159
34835,638602
34836,939392
34837,261737
34838,944115
34839,550424
34840,966676
34841,457994
34842,967388
34843,841828
34844,734062
34845,609939
34846,331675
34847,287382
34848,370812
34849,479853
34850,719692
34851,856134
34852,286814
34853,925885
34854,156085
34855,609371
34856,566970
34857,423430
34858,167420
34859,473856
34860,823554
34861,916495
34862,692769
34863,585692
34864,205467
34865,615032
34866,482957
34867,439404
34868,807784
34869,398219
34870,841292
34871,114340
34872,823969
34873,585399
34874,446602
34875,113772
34876,507271
34877,891425
34878,482606
34879,891113
34880,768265
34881,567801
34882,967607
34883,914252
34884,141200
34885,826505
34886,223894
34887,703849
34888,388241
34889,208344
34890,182073
34891,649943
34892,898762
34893,679360
34894,532541
34895,330808
34896,321241
34897,521441
34898,287741
34899,918293
34900,725518
34901,517785
34902,375663
34903,528518
34904,563050
34905,528974
34906,367020
34907,614216
34908,770260
34909,939555
34910,577572
34911,979396
34912,564106
34913,957025
34914,887441
34915,933254
34916,756146
34917,242860
34918,186785
34919,495604
34920,145672
34921,276707
34922,656406
34923,555811
34924,627138
34925,250145
34926,748499
34927,603685
34928,302540
34929,796478
34930,368362
34931,291851
34932,963332
34933,403965
34934,115447
34935,846906
34936,342981
34937,745589
34938,453527
34939,902321
34940,492626
34941,177474
34942,597824
34943,444756
34944,242666
34945,652041
34946,619749
34947,162760
34948,293411
34949,572615
34950,854587
34951,620077
34952,681693
34953,602467
34954,348256
34955,981602
34956,501945
34957,493746
34958,941901
34959,226120
34960,598483
34961,991288
34962,352475
34963,575994
34964,745190
34965,254996
34966,884486
34967,206006
34968,281240
34969,191636
34970,165681
34971,497194
34972,801832
34973,775970
34974,915138
34975,270653
34976,749765
34977,880942
34978,881638
34979,111874
34980,505065
34981,139806
34982,541430
34983,480320
34984,865448
34985,565855
34986,364122
34987,330622
34988,582778
34989,304498
34990,262805
34991,671328
34992,833639
34993,994739
34994,872526
34995,934078
34996,541013
34997,379575
34998,976729
34999,766220
35000,927739
35001,851425
35002,918840
35003,809166
35004,156731
35005,642617
35006,776289
35007,824900
35008,414027
35009,134486
35010,456364
35011,859104
35012,867307
35013,735744
35014,961783
35015,490248
35016,361425
35017,489920
35018,717346
35019,685518
35020,673725
35021,394933
35022,195919
35023,486328
35024,403134
35025,681342
35026,924008
35027,309538
35028,178377
35029,418616
35030,139054
35031,636204
35032,225827
35033,996139
35034,829183
35035,588514
35036,820980
35037,853936
35038,211781
35039,805558
35040,708217
35041,829655
35042,972074
35043,383183
35044,501042
35045,991168
35046,352035
35047,587266
35048,351723
35049,980969
35050,274662
35051,780018
35052,791708
35053,133802
35054,527623
35055,397817
35056,641005
35057,431637
35058,362213
35059,205345
35060,859860
35061,783222
35062,582534
35063,993415
35064,464281
35065,223631
35066,389000
35067,600428
35068,257635
35069,935746
35070,774581
35071,703672
35072,140865
35073,733468
35074,272298
35075,199682
35076,278767
35077,558603
35078,617706
35079,287276
35080,488156
35081,841950
35082,160191
35083,335761
35084,894307
35085,115808
35086,653694
35087,436358
35088,145137
35089,747234
35090,228343
35091,168214
35092,901358
35093,940018
35094,261147
35095,540092
35096,855212
35097,957360
35098,340402
35099,208985
35100,714094
35101,755811
35102,155548
35103,349247
35104,595255
35105,820160
35106,495141
35107,461569
35108,871394
35109,748034
35110,117227
35111,234525
35112,540191
35113,427270
35114,764875
35115,845606
35116,318008
35117,340185
35118,209202
35119,494982
35120,381624
35121,145842
35122,411044
35123,688960
35124,581302
35125,795980
35126,940209
35127,706798
35128,537343
35129,475916
35130,721412
35131,846790
35132,282932
35133,554873
35134,789359
35135,822403
35136,453739
35137,460426
35138,137105
35139,596156
35140,446120
35141,554417
35142,630608
35143,910150
35144,778925
35145,573486
35146,472625
35147,661756
35148,346372
35149,181579
35150,649381
35151,189760
35152,190344
35153,400498
35154,232069
35155,926060
35156,951947
35157,507197
35158,599599
35159,166957
35160,875065
35161,874737
35162,585229
35163,917270
35164,272617
35165,197441
35166,676690
35167,760248
35168,952939
35169,440181
35170,728220
35171,560000
35172,522867
35173,431998
35174,490911
35175,867708
35176,568203
35177,225186
35178,387493
35179,694358
35180,217001
35181,826229
35182,662898
35183,248461
35184,934255
35185,296544
35186,224618
35187,735025
35188,866010
35189,897334
35190,127734
35191,959246
35192,207084
35193,623686
35194,456117
35195,297600
35196,833438
35197,255590
35198,523573
35199,183333
35200,920257
35201,647627
35202,192230
35203,288993
35204,210548
35205,333716
35206,966494
35207,485537
35208,341335
35209,872199
35210,780555
35211,781251
35212,663849
35213,941375
35214,301616
35215,516453
35216,342911
35217,954749
35218,315806
35219,682631
35220,508270
35221,529842
35222,690406
35223,421385
35224,545532
35225,453093
35226,829702
35227,459524
35228,260662
35229,403500
35230,922930
35231,438208
35232,612831
35233,963285
35234,203764
35235,613143
35236,561661
35237,404196
35238,737711
35239,972632
35240,260957
35241,445005
35242,467116
35243,352153
35244,597649
35245,690573
35246,391294
35247,698758
35248,434976
35249,319197
35250,812775
35251,162329
35252,126213
35253,444077
35254,772771
35255,138588
35256,871588
35257,462479
35258,170104
35259,382101
35260,147359
35261,410505
35262,753140
35263,589833
35264,247246
35265,255429
35266,992033
35267,221737
35268,969152
35269,816287
35270,866713
35271,769950
35272,157793
35273,735930
35274,369064
35275,216074
35276,549348
35277,462871
35278,356130
35279,702774
35280,633286
35281,132036
35282,802609
35283,942791
35284,448565
35285,407708
35286,711867
35287,948060
35288,392533
35289,420425
35290,577872
35291,870311
35292,168827
35293,806695
35294,570589
35295,963894
35296,886221
35297,528882
35298,428768
35299,964606
35300,194294
35301,124422
35302,929810
35303,997050
35304,389557
35305,657322
35306,469935
35307,603545
35308,828270
35309,510414
35310,855745
35311,124974
35312,965406
35313,478442
35314,756238
35315,640384
35316,676508
35317,840859
35318,559238
35319,120981
35320,648587
35321,921217
35322,841299
35323,640840
35324,289953
35325,675924
35326,978144
35327,743964
35328,700669
35329,669145
35330,725882
35331,208484
35332,189582
35333,232267
35334,960334
35335,733625
35336,719699
35337,856153
35338,278602
35339,703517
35340,495640
35341,132847
35342,550407
35343,272143
35344,503827
35345,826877
35346,943396
35347,249549
35348,415802
35349,408796
35350,279529
35351,558349
35352,842000
35353,641035
35354,767478
35355,521470
35356,592041
35357,661593
35358,542127
35359,967008
35360,592481
35361,346985
35362,282049
35363,231104
35364,230408
35365,929761
35366,807452
35367,859930
35368,465079
35369,701278
35370,298923
35371,970568
35372,175235
35373,984938
35374,415609
35375,669306
35376,465535
35377,878831
35378,603378
35379,870956
35380,904640
35381,912843
35382,442405
35383,469700
35384,895621
35385,933273
35386,235120
35387,572318
35388,855394
35389,186814
35390,317525
35391,194997
35392,234680
35393,997881
35394,261917
35395,796937
35396,468204
35397,979731
35398,979419
35399,666154
35400,770251
35401,359378
35402,186262
35403,852354
35404,437120
35405,763790
35406,212927
35407,653488
35408,178621
35409,278458
35410,888264
35411,611897
35412,493189
35413,300661
35414,597399
35415,351391
35416,658791
35417,629371
35418,413351
35419,260187
35420,476399
35421,376574
35422,396065
35423,245213
35424,375862
35425,320328
35426,488532
35427,734556
35428,926791
35429,766640
35430,148804
35431,525735
35432,557643
35433,889240
35434,919172
35435,520560
35436,625355
35437,356076
35438,574725
35439,794356
35440,858204
35441,848573
35442,205993
35443,280655
35444,866391
35445,568424
35446,289420
35447,677497
35448,407418
35449,255683
35450,265673
35451,386856
35452,552138
35453,659767
35454,174349
35455,422652
35456,928516
35457,289767
35458,122139
35459,761336
35460,206602
35461,280868
35462,361422
35463,607530
35464,624008
35465,414620
35466,660116
35467,693624
35468,824467
35469,498038
35470,937025
35471,221252
35472,584269
35473,752977
35474,448184
35475,474201
35476,945226
35477,113246
35478,851454
35479,207850
35480,919535
35481,319723
35482,866068
35483,726076
35484,456859
35485,224876
35486,448656
35487,663156
35488,139682
35489,417204
35490,216239
35491,695120
35492,449112
35493,165445
35494,907197
35495,541002
35496,934049
35497,821443
35498,868905
35499,260400
35500,421831
35501,798188
35502,998684
35503,868577
35504,228372
35505,691168
35506,309013
35507,351732
35508,501733
35509,946202
35510,674626
35511,754088
35512,847182
35513,376725
35514,160916
35515,333938
35516,636211
35517,996148
35518,981470
35519,780813
35520,217343
35521,426310
35522,519811
35523,285076
35524,341145
35525,188307
35526,319096
35527,850434
35528,533307
35529,767015
35530,725952
35531,890311
35532,873829
35533,634527
35534,750725
35535,450412
35536,272309
35537,793259
35538,159216
35539,439497
35540,361522
35541,768199
35542,306801
35543,778114
35544,465254
35545,969809
35546,423587
35547,265054
35548,254036
35549,245855
35550,114082
35551,748061
35552,218883
35553,461598
35554,696567
35555,243626
35556,401757
35557,845394
35558,163136
35559,563340
35560,844954
35561,680605
35562,510324
35563,446428
35564,788691
35565,253639
35566,545998
35567,261836
35568,136237
35569,604939
35570,453919
35571,739062
35572,499737
35573,822775
35574,290891
35575,475312
35576,528712
35577,151979
35578,282688
35579,683189
35580,335758
35581,193668
35582,909713
35583,947853
35584,596587
35585,308042
35586,554414
35587,454332
35588,814845
35589,185828
35590,729616
35591,763388
35592,645121
35593,675285
35594,186156
35595,437050
35596,404694
35597,595595
35598,773265
35599,461429
35600,268365
35601,145837
35602,747966
35603,125439
35604,427289
35605,201710
35606,331981
35607,841034
35608,568212
35609,454692
35610,222931
35611,944861
35612,246068
35613,916929
35614,214032
35615,473094
35616,777961
35617,254967
35618,832015
35619,128431
35620,488360
35621,865099
35622,181588
35623,524891
35624,182172
35625,172249
35626,751398
35627,826412
35628,249300
35629,472622
35630,263893
35631,132926
35632,355288
35633,263197
35634,541973
35635,271382
35636,639455
35637,323034
35638,568858
35639,735494
35640,230388
35641,398595
35642,685056
35643,149790
35644,584020
35645,142483
35646,744587
35647,576407
35648,735022
35649,850991
35650,865293
35651,247898
35652,742051
35653,296119
35654,967764
35655,425638
35656,575351
35657,968348
35658,938760
35659,445241
35660,597293
35661,544811
35662,437372
35663,722837
35664,245095
35665,893337
35666,292454
35667,367751
35668,612963
35669,429759
35670,161093
35671,237476
35672,561729
35673,437940
35674,278272
35675,471024
35676,697362
35677,795157
35678,348357
35679,556224
35680,862869
35681,327018
35682,154030
35683,681136
35684,538950
35685,705367
35686,390729
35687,879792
35688,251817
35689,277667
35690,787317
35691,594542
35692,357229
35693,713271
35694,651975
35695,153797
35696,888529
35697,765745
35698,333536
35699,932622
35700,539365
35701,553291
35702,252745
35703,691034
35704,972615
35705,798622
35706,452753
35707,829554
35708,308583
35709,413558
35710,324137
35711,931822
35712,839167
35713,203755
35714,962562
35715,512610
35716,279934
35717,408139
35718,726606
35719,575004
35720,994582
35721,355829
35722,270579
35723,987093
35724,534685
35725,677216
35726,892513
35727,526486
35728,615835
35729,616275
35730,237660
35731,289629
35732,130474
35733,677800
35734,322737
35735,753131
35736,598741
35737,992062
35738,945720
35739,414502
35740,944613
35741,909042
35742,353280
35743,743669
35744,576801
35745,777681
35746,792272
35747,129655
35748,640873
35749,953220
35750,121468
35751,313775
35752,354528
35753,496369
35754,669976
35755,827156
35756,592355
35757,966698
35758,147840
35759,440954
35760,609381
35761,926283
35762,362569
35763,525227
35764,291024
35765,570932
35766,922352
35767,613917
35768,397285
35769,420000
35770,770889
35771,869710
35772,299697
35773,830823
35774,253076
35775,499842
35776,468846
35777,618558
35778,293936
35779,518956
35780,294648
35781,194815
35782,863979
35783,563223
35784,887052
35785,680454
35786,996435
35787,503466
35788,656707
35789,595379
35790,904330
35791,419464
35792,933744
35793,964764
35794,886887
35795,680357
35796,957023
35797,486827
35798,294235
35799,895652
35800,672174
35801,310777
35802,389375
35803,740326
35804,870597
35805,268502
35806,259036
35807,349648
35808,861024
35809,236209
35810,204125
35811,956095
35812,343229
35813,563028
35814,116551
35815,830476
35816,971249
35817,909578
35818,468485
35819,747277
35820,586457
35821,468173
35822,939221
35823,997848
35824,358715
35825,380068
35826,263758
35827,774234
35828,801616
35829,600651
35830,354699
35831,967561
35832,463990
35833,424315
35834,111226
35835,898108
35836,733755
35837,488243
35838,208686
35839,240138
35840,960004
35841,777402
35842,908625
35843,142158
35844,752477
35845,692668
35846,306505
35847,585353
35848,175722
35849,936069
35850,328238
35851,158720
35852,239338
35853,760820
35854,379178
35855,471867
35856,165319
35857,425205
35858,968199
35859,296676
35860,784151
35861,363692
35862,726974
35863,918637
35864,686203
35865,766609
35866,127602
35867,608384
35868,544296
35869,598821
35870,174380
35871,584143
35872,414422
35873,660446
35874,969447
35875,543968
35876,421909
35877,314698
35878,727902
35879,920133
35880,158534
35881,322881
35882,315266
35883,717687
35884,681699
35885,957721
35886,118313
35887,284894
35888,923709
35889,365108
35890,278427
35891,950136
35892,911460
35893,594846
35894,880520
35895,451969
35896,772484
35897,390513
35898,269656
35899,259666
35900,138419
35901,343035
35902,885001
35903,923157
35904,323857
35905,893898
35906,437807
35907,667525
35908,606069
35909,779631
35910,412750
35911,789677
35912,998486
35913,570298
35914,861517
35915,292190
35916,804928
35917,754497
35918,562097
35919,530069
35920,123233
35921,177887
35922,990518
35923,737579
35924,637754
35925,188338
35926,757665
35927,812203
35928,126793
35929,327250
35930,731790
35931,233596
35932,772647
35933,390866
35934,973628
35935,593981
35936,146899
35937,443617
35938,749320
35939,451818
35940,301335
35941,903428
35942,259569
35943,824954
35944,702362
35945,498007
35946,969028
35947,430879
35948,369636
35949,685552
35950,892666
35951,560425
35952,206635
35953,183754
35954,368940
35955,398907
35956,900153
35957,355694
35958,593005
35959,549800
35960,881331
35961,593573
35962,742227
35963,633154
35964,557825
35965,851735
35966,857590
35967,650764
35968,288238
35969,734230
35970,189417
35971,330283
35972,365731
35973,895421
35974,706451
35975,318317
35976,531849
35977,904240
35978,218602
35979,773907
35980,268551
35981,645451
35982,397151
35983,483922
35984,509365
35985,428667
35986,160129
35987,176419
35988,948167
35989,658385
35990,420562
35991,604970
35992,796921
35993,665874
35994,164248
35995,874380
35996,801409
35997,905312
35998,495747
35999,913515
36000,416361
36001,449925
36002,943551
36003,935348
36004,800841
36005,164688
36006,331551
36007,641843
36008,609503
36009,199740
36010,339420
36011,856258
36012,331223
36013,524761
36014,408876
36015,818639
36016,278737
36017,254069
36018,223129
36019,969840
36020,831885
36021,875372
36022,465807
36023,141399
36024,377693
36025,214362
36026,640283
36027,710123
36028,615164
36029,120846
36030,406276
36031,684556
36032,239419
36033,891854
36034,405964
36035,614452
36036,953150
36037,353745
36038,133431
36039,377398
36040,823845
36041,591058
36042,222962
36043,921017
36044,205244
36045,290129
36046,522373
36047,159346
36048,361848
36049,431496
36050,709760
36051,640112
36052,205684
36053,648315
36054,751055
36055,782883
36056,834566
36057,634141
36058,793569
36059,695782
36060,400460
36061,441259
36062,371547
36063,408647
36064,818340
36065,524922
36066,688007
36067,718955
36068,432488
36069,533105
36070,212460
36071,436691
36072,622535
36073,562470
36074,814812
36075,700309
36076,492432
36077,267404
36078,910200
36079,990113
36080,658106
36081,420793
36082,162826
36083,610788
36084,732185
36085,209164
36086,531682
36087,680919
36088,652491
36089,209860
36090,332324
36091,487385
36092,864058
36093,234531
36094,294697
36095,427320
36096,627598
36097,145804
36098,381574
36099,580672
36100,389189
36101,250277
36102,853143
36103,342409
36104,316264
36105,922727
36106,838837
36107,123056
36108,682681
36109,375981
36110,797724
36111,579558
36112,629472
36113,659252
36114,413244
36115,421431
36116,391467
36117,705398
36118,520051
36119,812978
36120,333738
36121,602599
36122,903709
36123,390915
36124,138249
36125,548386
36126,580046
36127,656340
36128,543834
36129,255576
36130,498254
36131,576438
36132,744618
36133,506437
36134,378224
36135,222076
36136,466794
36137,497798
36138,954331
36139,280788
36140,489519
36141,329170
36142,198385
36143,289303
36144,150519
36145,237846
36146,527124
36147,816898
36148,615961
36149,314864
36150,717061
36151,379736
36152,942426
36153,801964
36154,256112
36155,574878
36156,165245
36157,583061
36158,593780
36159,247931
36160,271217
36161,865324
36162,712486
36163,766507
36164,338929
36165,897288
36166,288503
36167,188656
36168,775173
36169,463585
36170,976149
36171,304630
36172,749866
36173,387640
36174,372086
36175,363901
36176,520776
36177,642749
36178,156863
36179,525399
36180,338002
36181,720454
36182,969214
36183,386064
36184,937178
36185,694059
36186,647326
36187,954032
36188,816289
36189,534716
36190,489796
36191,192435
36192,478007
36193,511195
36194,285639
36195,643109
36196,803866
36197,757531
36198,259403
36199,880217
36200,787284
36201,780382
36202,748922
36203,829051
36204,580205
36205,259971
36206,516144
36207,152580
36208,537836
36209,893467
36210,553890
36211,383051
36212,352167
36213,597679
36214,421724
36215,545705
36216,260523
36217,359780
36218,467090
36219,321427
36220,641942
36221,856167
36222,952187
36223,951731
36224,409409
36225,533439
36226,841797
36227,913926
36228,111374
36229,827147
36230,993308
36231,354559
36232,164157
36233,974910
36234,473025
36235,182931
36236,684129
36237,121443
36238,640886
36239,807753
36240,369853
36241,182363
36242,669159
36243,970269
36244,141882
36245,978142
36246,585013
36247,883650
36248,692424
36249,498886
36250,543442
36251,656732
36252,381312
36253,732631
36254,672274
36255,732959
36256,194784
36257,666039
36258,227748
36259,979526
36260,219567
36261,586085
36262,605071
36263,738930
36264,420471
36265,797332
36266,343497
36267,236485
36268,806681
36269,789492
36270,145153
36271,822296
36272,351207
36273,699896
36274,392192
36275,268001
36276,770621
36277,979757
36278,989644
36279,778806
36280,253736
36281,947393
36282,956064
36283,186280
36284,291236
36285,258315
36286,913213
36287,656439
36288,982989
36289,125307
36290,194955
36291,732348
36292,933287
36293,652966
36294,640213
36295,282423
36296,527935
36297,182576
36298,859628
36299,648726
36300,527607
36301,710381
36302,142161
36303,346039
36304,576597
36305,298333
36306,222807
36307,385104
36308,543673
36309,499557
36310,936090
36311,992663
36312,984476
36313,409130
36314,525023
36315,641077
36316,128299
36317,733732
36318,200178
36319,330777
36320,926199
36321,703816
36322,592479
36323,140665
36324,249752
36325,792972
36326,661607
36327,458376
36328,388728
36329,158553
36330,568406
36331,206431
36332,892230
36333,848515
36334,315293
36335,230256
36336,927897
36337,274228
36338,544311
36339,968752
36340,744463
36341,907784
36342,273916
36343,785384
36344,889254
36345,408484
36346,441416
36347,207551
36348,188501
36349,433803
36350,833837
36351,425506
36352,263135
36353,248030
36354,270620
36355,540703
36356,256541
36357,275300
36358,267119
36359,971872
36360,869244
36361,452990
36362,300619
36363,359594
36364,868788
36365,266663
36366,893213
36367,192741
36368,184558
36369,561165
36370,404244
36371,537890
36372,301155
36373,462719
36374,259205
36375,656241
36376,950119
36377,627821
36378,556100
36379,146599
36380,903864
36381,225697
36382,301739
36383,154594
36384,712976
36385,202468
36386,804636
36387,765662
36388,672831
36389,426715
36390,251693
36391,418257
36392,741148
36393,462356
36394,502259
36395,655898
36396,349154
36397,341159
36398,854457
36399,530594
36400,118621
36401,373123
36402,118165
36403,863098
36404,300832
36405,220193
36406,467711
36407,274959
36408,266756
36409,902651
36410,923049
36411,115645
36412,508502
36413,620879
36414,185165
36415,395452
36416,237131
36417,236675
36418,707728
36419,569709
36420,184709
36421,847216
36422,654443
36423,153193
36424,284546
36425,809199
36426,512046
36427,400068
36428,934047
36429,601209
36430,833606
36431,601777
36432,942684
36433,111688
36434,505251
36435,986961
36436,173240
36437,647923
36438,280858
36439,184093
36440,198135
36441,398572
36442,368947
36443,466028
36444,624510
36445,785027
36446,112808
36447,384474
36448,909836
36449,878048
36450,468227
36451,869867
36452,546032
36453,622259
36454,886089
36455,115777
36456,894274
36457,806251
36458,674944
36459,683147
36460,562842
36461,879560
36462,442826
36463,982228
36464,871363
36465,137787
36466,419373
36467,665381
36468,258578
36469,332624
36470,724910
36471,855621
36472,844964
36473,209016
36474,653175
36475,764545
36476,921093
36477,999883
36478,768561
36479,397784
36480,908447
36481,669589
36482,133771
36483,455025
36484,223110
36485,576900
36486,353901
36487,585103
36488,623178
36489,917084
36490,984141
36491,751707
36492,743504
36493,970407
36494,264616
36495,631361
36496,200427
36497,488189
36498,810771
36499,898546
36500,758802
36501,890361
36502,641836
36503,155950
36504,286917
36505,925734
36506,321321
36507,199715
36508,733501
36509,346758
36510,389033
36511,257602
36512,725085
36513,208195
36514,513721
36515,278949
36516,641607
36517,287150
36518,400467
36519,890002
36520,239719
36521,774711
36522,634826
36523,541995
36524,873520
36525,600102
36526,472280
36527,827098
36528,215558
36529,695801
36530,464411
36531,355302
36532,490942
36533,527437
36534,281925
36535,482741
36536,952906
36537,439708
36538,370028
36539,676723
36540,397947
36541,607107
36542,868245
36543,660541
36544,882907
36545,353742
36546,167620
36547,499679
36548,543179
36549,134112
36550,700690
36551,214758
36552,773735
36553,747904
36554,411013
36555,627601
36556,350141
36557,740163
36558,665166
36559,773295
36560,317977
36561,531709
36562,286197
36563,895489
36564,764906
36565,539894
36566,427303
36567,680904
36568,186682
36569,910183
36570,253842
36571,596125
36572,578167
36573,492431
36574,691529
36575,878147
36576,253274
36577,204280
36578,151806
36579,436996
36580,755145
36581,806600
36582,204592
36583,689191
36584,548413
36585,844425
36586,434794
36587,520044
36588,162203
36589,233906
36590,731968
36591,704929
36592,564311
36593,990456
36594,911081
36595,789512
36596,544789
36597,135414
36598,746022
36599,805262
36600,538008
36601,647033
36602,682094
36603,923312
36604,847009
36605,716106
36606,372426
36607,959279
36608,533800
36609,534496
36610,400149
36611,758007
36612,601512
36613,776121
36614,416859
36615,784306
36616,749662
36617,593771
36618,694391
36619,387460
36620,457076
36621,676917
36622,962511
36623,489520
36624,439002
36625,615630
36626,647970
36627,191503
36628,523540
36629,273734
36630,247372
36631,506458
36632,456540
36633,166730
36634,991851
36635,784794
36636,791184
36637,884637
36638,515188
36639,438649
36640,337509
36641,928640
36642,534691
36643,607662
36644,727128
36645,280992
36646,919875
36647,915738
36648,447732
36649,884470
36650,448060
36651,883774
36652,945358
36653,422363
36654,875573
36655,888951
36656,372073
36657,918947
36658,616773
36659,488891
36660,533571
36661,987115
36662,505113
36663,456735
36664,703455
36665,802264
36666,933925
36667,505809
36668,169145
36669,136021
36670,383060
36671,444580
36672,597112
36673,177786
36674,938133
36675,637855
36676,868453
36677,284472
36678,962620
36679,893444
36680,931096
36681,646674
36682,292347
36683,730115
36684,476416
36685,853475
36686,245498
36687,813294
36688,470693
36689,278101
36690,556893
36691,872013
36692,461926
36693,904041
36694,655464
36695,628596
36696,949374
36697,310129
36698,285656
36699,242202
36700,812046
36701,118759
36702,565236
36703,713225
36704,358777
36705,692070
36706,979384
36707,445606
36708,299344
36709,562966
36710,335092
36711,729089
36712,429032
36713,236275
36714,159762
36715,235579
36716,645336
36717,324829
36718,484289
36719,508966
36720,410978
36721,419177
36722,870535
36723,389309
36724,146364
36725,781379
36726,310715
36727,879172
36728,331796
36729,187157
36730,680423
36731,811020
36732,374771
36733,653051
36734,340695
36735,705736
36736,487201
36737,393772
36738,159370
36739,491409
36740,891029
36741,752415
36742,155810
36743,890557
36744,440731
36745,450270
36746,783067
36747,793369
36748,472823
36749,986089
36750,581859
36751,172032
36752,119830
36753,856818
36754,487962
36755,566286
36756,679127
36757,189989
36758,354922
36759,695413
36760,215362
36761,935244
36762,388942
36763,670042
36764,197356
36765,406524
36766,648992
36767,150818
36768,336324
36769,710619
36770,231368
36771,978051
36772,785816
36773,114043
36774,945007
36775,543375
36776,778075
36777,246350
36778,591169
36779,973880
36780,581075
36781,146135
36782,912579
36783,657353
36784,219098
36785,688165
36786,443365
36787,627229
36788,137236
36789,258805
36790,925266
36791,373840
36792,652632
36793,724809
36794,325974
36795,644435
36796,764518
36797,965501
36798,187006
36799,445901
36800,253142
36801,638014
36802,877831
36803,475809
36804,185430
36805,343900
36806,529241
36807,475241
36808,343444
36809,828491
36810,301397
36811,749386
36812,911693
36813,251760
36814,655503
36815,690019
36816,602228
36817,772709
36818,390800
36819,564699
36820,402442
36821,821408
36822,868938
36823,738209
36824,229055
36825,391792
36826,135546
36827,597151
36828,143729
36829,813761
36830,620818
36831,123883
36832,719990
36833,919436
36834,408210
36835,330345
36836,958571
36837,616866
36838,851797
36839,541665
36840,775421
36841,356324
36842,111637
36843,907230
36844,497469
36845,708765
36846,892016
36847,515219
36848,526415
36849,534596
36850,840638
36851,273922
36852,455704
36853,701712
36854,799199
36855,305958
36856,315328
36857,615465
36858,848606
36859,892883
36860,158156
36861,576334
36862,448432
36863,624200
36864,505973
36865,113054
36866,991884
36867,876401
36868,734527
36869,488503
36870,817618
36871,919271
36872,232709
36873,843005
36874,363758
36875,355399
36876,463290
36877,741554
36878,906933
36879,934753
36880,906365
36881,775574
36882,873361
36883,347780
36884,737282
36885,699107
36886,972533
36887,998420
36888,822019
36889,553209
36890,938961
36891,529780
36892,647070
36893,484487
36894,236981
36895,122952
36896,682561
36897,753824
36898,885067
36899,716205
36900,786447
36901,310013
36902,588789
36903,772878
36904,547858
36905,603095
36906,579894
36907,309301
36908,443848
36909,820523
36910,950074
36911,278489
36912,511872
36913,153975
36914,477292
36915,620113
36916,804673
36917,533043
36918,339517
36919,371153
36920,524856
36921,240370
36922,279032
36923,687373
36924,513764
36925,724992
36926,321055
36927,925968
36928,751429
36929,975282
36930,379996
36931,141142
36932,600755
36933,743246
36934,295826
36935,873581
36936,388767
36937,450148
36938,151099
36939,238810
36940,528088
36941,321591
36942,807621
36943,431874
36944,205310
36945,440073
36946,527376
36947,446540
36948,345936
36949,307065
36950,701319
36951,258540
36952,773690
36953,389839
36954,411096
36955,218307
36956,469205
36957,672670
36958,964708
36959,374145
36960,756668
36961,340133
36962,933184
36963,672086
36964,453655
36965,989483
36966,979914
36967,947238
36968,384548
36969,665659
36970,700375
36971,299810
36972,971713
36973,721528
36974,622469
36975,706706
36976,955975
36977,375721
36978,244290
36979,657755
36980,605032
36981,168298
36982,350827
36983,979049
36984,989832
36985,236322
36986,396757
36987,707377
36988,721371
36989,852016
36990,956204
36991,116436
36992,152008
36993,152320
36994,324876
36995,645385
36996,236010
36997,451412
36998,349251
36999,747702
37000,626799
37001,657267
37002,269197
37003,973954
37004,243657
37005,855248
37006,208933
37007,837178
37008,235458
37009,163107
37010,125175
37011,332557
37012,487152
37013,836850
37014,925416
37015,928923
37016,606333
37017,718698
37018,920720
37019,891788
37020,205405
37021,447471
37022,473358
37023,883181
37024,631324
37025,992283
37026,744133
37027,506922
37028,306394
37029,890732
37030,810374
37031,522116
37032,362673
37033,734120
37034,951636
37035,279131
37036,354328
37037,464357
37038,389108
37039,464685
37040,458188
37041,677123
37042,398347
37043,369436
37044,515809
37045,314897
37046,438564
37047,237631
37048,430383
37049,329267
37050,753032
37051,466059
37052,265339
37053,969148
37054,525333
37055,288022
37056,711879
37057,809664
37058,232660
37059,686880
37060,726573
37061,968596
37062,224381
37063,825954
37064,173719
37065,593045
37066,942195
37067,625073
37068,356190
37069,671398
37070,980783
37071,177703
37072,938496
37073,260585
37074,578567
37075,612771
37076,931141
37077,682328
37078,342176
37079,211843
37080,954474
37081,941096
37082,301863
37083,348621
37084,556488
37085,409917
37086,277696
37087,556800
37088,348933
37089,772119
37090,565161
37091,188234
37092,958018
37093,196417
37094,332875
37095,704663
37096,887930
37097,285573
37098,309391
37099,872315
37100,138315
37101,179116
37102,309831
37103,821081
37104,628290
37105,277931
37106,519673
37107,318722
37108,713535
37109,319434
37110,210112
37111,644036
37112,538917
37113,587111
37114,947040
37115,910460
37116,544840
37117,561386
37118,931558
37119,861718
37120,193226
37121,646948
37122,682035
37123,716767
37124,955337
37125,407947
37126,287869
37127,865390
37128,189050
37129,601917
37130,742080
37131,671693
37132,802342
37133,662798
37134,953681
37135,677536
37136,840303
37137,599005
37138,832810
37139,466728
37140,785167
37141,991486
37142,221686
37143,744680
37144,265488
37145,543768
37146,798734
37147,154854
37148,531461
37149,887538
37150,518682
37151,644847
37152,836924
37153,155182
37154,796053
37155,226413
37156,996709
37157,451226
37158,469104
37159,276608
37160,555400
37161,268867
37162,665270
37163,204032
37164,763890
37165,476117
37166,683984
37167,814651
37168,675803
37169,468112
37170,350573
37171,971620
37172,261545
37173,585804
37174,351141
37175,990022
37176,424230
37177,873672
37178,574015
37179,696265
37180,111143
37181,416045
37182,271896
37183,913895
37184,662253
37185,581884
37186,834785
37187,994301
37188,719428
37189,856398
37190,759625
37191,641727
37192,960089
37193,733798
37194,156277
37195,641143
37196,865165
37197,272432
37198,141787
37199,882723
37200,824002
37201,423366
37202,543027
37203,669190
37204,254457
37205,465411
37206,744203
37207,167156
37208,222741
37209,970236
37210,576535
37211,473608
37212,640607
37213,370524
37214,282045
37215,205147
37216,614840
37217,952442
37218,522338
37219,736902
37220,585079
37221,446850
37222,792205
37223,874819
37224,298684
37225,908975
37226,290325
37227,676576
37228,522505
37229,684067
37230,782695
37231,793197
37232,346750
37233,303263
37234,224158
37235,670605
37236,634001
37237,458657
37238,331768
37239,566289
37240,610032
37241,287477
37242,898314
37243,401160
37244,679424
37245,856813
37246,479758
37247,181497
37248,850628
37249,313306
37250,890825
37251,409035
37252,650207
37253,432684
37254,886193
37255,930470
37256,194186
37257,160102
37258,797398
37259,770524
37260,870363
37261,454105
37262,746739
37263,545800
37264,666101
37265,836695
37266,201283
37267,194722
37268,672336
37269,365636
37270,318346
37271,895890
37272,863358
37273,349742
37274,988877
37275,269096
37276,137227
37277,870899
37278,381706
37279,315436
37280,211750
37281,184775
37282,203565
37283,892980
37284,538307
37285,754460
37286,545614
37287,266822
37288,779353
37289,553357
37290,699287
37291,162496
37292,426298
37293,957487
37294,888031
37295,812606
37296,812278
37297,958183
37298,333038
37299,966380
37300,573191
37301,502193
37302,225856
37303,973225
37304,697791
37305,357291
37306,461982
37307,663707
37308,879734
37309,466662
37310,165905
37311,968985
37312,583929
37313,824871
37314,448196
37315,515212
37316,281488
37317,961684
37318,361394
37319,398510
37320,481704
37321,816198
37322,122799
37323,526416
37324,750341
37325,663048
37326,794595
37327,425739
37328,934421
37329,457263
37330,463054
37331,131541
37332,387807
37333,942294
37334,986587
37335,305113
37336,471237
37337,534131
37338,127372
37339,441697
37340,557460
37341,758116
37342,311452
37343,686981
37344,119631
37345,288179
37346,776001
37347,425128
37348,540765
37349,934326
37350,593243
37351,304818
37352,216504
37353,583026
37354,131702
37355,457100
37356,279763
37357,312127
37358,565820
37359,926779
37360,521156
37361,288272
37362,474446
37363,247476
37364,113481
37365,386460
37366,505962
37367,977017
37368,693359
37369,927963
37370,677069
37371,130767
37372,607293
37373,430633
37374,149976
37375,438506
37376,616190
37377,337910
37378,229882
37379,808942
37380,402814
37381,188036
37382,539464
37383,225763
37384,973322
37385,547853
37386,781082
37387,277774
37388,689687
37389,178953
37390,309290
37391,635940
37392,390444
37393,930955
37394,569996
37395,334181
37396,853104
37397,245609
37398,922752
37399,654658
37400,597483
37401,501490
37402,383759
37403,459029
37404,771385
37405,877365
37406,944801
37407,446547
37408,298405
37409,264777
37410,254275
37411,134050
37412,133482
37413,447131
37414,929575
37415,684858
37416,151076
37417,238789
37418,439774
37419,282575
37420,483135
37421,440086
37422,859412
37423,230918
37424,768792
37425,999650
37426,491004
37427,801719
37428,295237
37429,355236
37430,592551
37431,661663
37432,257899
37433,634760
37434,725719
37435,312515
37436,618282
37437,409298
37438,362949
37439,679889
37440,959531
37441,641541
37442,363277
37443,240365
37444,479511
37445,894059
37446,645245
37447,846189
37448,212401
37449,563123
37450,528479
37451,116640
37452,124843
37453,930239
37454,838574
37455,658151
37456,392440
37457,939058
37458,546265
37459,638776
37460,877769
37461,778958
37462,554450
37463,571792
37464,611185
37465,965299
37466,672073
37467,925012
37468,401482
37469,618930
37470,855460
37471,997143
37472,879329
37473,218644
37474,350207
37475,503590
37476,250672
37477,688931
37478,311254
37479,982837
37480,226519
37481,732463
37482,932916
37483,563768
37484,340433
37485,747689
37486,218551
37487,451403
37488,996988
37489,595868
37490,657260
37491,277401
37492,949114
37493,317392
37494,921823
37495,290871
37496,930004
37497,160220
37498,537591
37499,291583
37500,955899
37501,715245
37502,419911
37503,468873
37504,979062
37505,738954
37506,797292
37507,450320
37508,574446
37509,496150
37510,935713
37511,164293
37512,215855
37513,943914
37514,890739
37515,240518
37516,850558
37517,440405
37518,208546
37519,687793
37520,890299
37521,758864
37522,959808
37523,200361
37524,455675
37525,551145
37526,623112
37527,345636
37528,576966
37529,936897
37530,859263
37531,182891
37532,121499
37533,196737
37534,322443
37535,676442
37536,282276
37537,173704
37538,695190
37539,505747
37540,907131
37541,387685
37542,968003
37543,256326
37544,262732
37545,942756
37546,533505
37547,156898
37548,127998
37549,520725
37550,726266
37551,720411
37552,279810
37553,525322
37554,758238
37555,919009
37556,319533
37557,199463
37558,489265
37559,598113
37560,166499
37561,908187
37562,422297
37563,977760
37564,474271
37565,544676
37566,992066
37567,969123
37568,900630
37569,535081
37570,677844
37571,568773
37572,708664
37573,920521
37574,234067
37575,862538
37576,242264
37577,854921
37578,965790
37579,612244
37580,673636
37581,896110
37582,786881
37583,251861
37584,277727
37585,269852
37586,664297
37587,754598
37588,805031
37589,292721
37590,730761
37591,654483
37592,493352
37593,383710
37594,629718
37595,467151
37596,910600
37597,252413
37598,999186
37599,972275
37600,452845
37601,342812
37602,153594
37603,654840
37604,403748
37605,620764
37606,805324
37607,930865
37608,368179
37609,597913
37610,587128
37611,971928
37612,578931
37613,698950
37614,938428
37615,797761
37616,252510
37617,445253
37618,980571
37619,835592
37620,426219
37621,125965
37622,333119
37623,511781
37624,689253
37625,179123
37626,973488
37627,602554
37628,422458
37629,490170
37630,717144
37631,560293
37632,122494
37633,927841
37634,986122
37635,449525
37636,131076
37637,872956
37638,540903
37639,371776
37640,280225
37641,857778
37642,288426
37643,400215
37644,959341
37645,734618
37646,557709
37647,119454
37648,651136
37649,558416
37650,719021
37651,279476
37652,120131
37653,759200
37654,156244
37655,331442
37656,521835
37657,810089
37658,649877
37659,759656
37660,182139
37661,719461
37662,975158
37663,172094
37664,793383
37665,550705
37666,504813
37667,416012
37668,801252
37669,431438
37670,807489
37671,640182
37672,159412
37673,684961
37674,728748
37675,527508
37676,282012
37677,710286
37678,599767
37679,700875
37680,385075
37681,669223
37682,599071
37683,446976
37684,824035
37685,268898
37686,450675
37687,226948
37688,989063
37689,555873
37690,747865
37691,302918
37692,435701
37693,209666
37694,117011
37695,374021
37696,933644
37697,836893
37698,393434
37699,243238
37700,845790
37701,855359
37702,956963
37703,176270
37704,822395
37705,971149
37706,638315
37707,261952
37708,267338
37709,831160
37710,227500
37711,997796
37712,877650
37713,193800
37714,729847
37715,537095
37716,675834
37717,508952
37718,116211
37719,152303
37720,846326
37721,186315
37722,116539
37723,236237
37724,645678
37725,746706
37726,275754
37727,384259
37728,658199
37729,460569
37730,228111
37731,420372
37732,491765
37733,901142
37734,562755
37735,116304
37736,290988
37737,325440
37738,291428
37739,653702
37740,955744
37741,276938
37742,787668
37743,982725
37744,688851
37745,603588
37746,226599
37747,581413
37748,547017
37749,494613
37750,796183
37751,871194
37752,461817
37753,219108
37754,982029
37755,863327
37756,645029
37757,895923
37758,714134
37759,933479
37760,610945
37761,718830
37762,648990
37763,523232
37764,158999
37765,322320
37766,197330
37767,807722
37768,768032
37769,313811
37770,701032
37771,114573
37772,792236
37773,113989
37774,446883
37775,254131
37776,189979
37777,899043
37778,767496
37779,617490
37780,440838
37781,725487
37782,558139
37783,856780
37784,240085
37785,687658
37786,641341
37787,487972
37788,610001
37789,472426
37790,295549
37791,774477
37792,695371
37793,172373
37794,416431
37795,793164
37796,238195
37797,919962
37798,315029
37799,184190
37800,607607
37801,769894
37802,928601
37803,735810
37804,430507
37805,727625
37806,281521
37807,744711
37808,255989
37809,791018
37810,448229
37811,213010
37812,984018
37813,422858
37814,745423
37815,520846
37816,338068
37817,119662
37818,433483
37819,994801
37820,742191
37821,582712
37822,169640
37823,300867
37824,579147
37825,771771
37826,637766
37827,911195
37828,177827
37829,980907
37830,597609
37831,629125
37832,144263
37833,698750
37834,674591
37835,485146
37836,342764
37837,403996
37838,754165
37839,153098
37840,949415
37841,301987
37842,580267
37843,225889
37844,139116
37845,636270
37846,126773
37847,573222
37848,327214
37849,196549
37850,434448
37851,210919
37852,394999
37853,828702
37854,452093
37855,301056
37856,556783
37857,594914
37858,178656
37859,348906
37860,594218
37861,217545
37862,444222
37863,912080
37864,170787
37865,756862
37866,285290
37867,318854
37868,673428
37869,162114
37870,681047
37871,444694
37872,275207
37873,771352
37874,698389
37875,300256
37876,453589
37877,605633
37878,910896
37879,682167
37880,813404
37881,716635
37882,334148
37883,237379
37884,291913
37885,516949
37886,338743
37887,441387
37888,232763
37889,766701
37890,534001
37891,712672
37892,843275
37893,889613
37894,994898
37895,574808
37896,632917
37897,906307
37898,694886
37899,583579
37900,355449
37901,463236
37902,872807
37903,535513
37904,191702
37905,206396
37906,515526
37907,238360
37908,526618
37909,122597
37910,337183
37911,197887
37912,677100
37913,607260
37914,230163
37915,884548
37916,976984
37917,143036
37918,497728
37919,991354
37920,386933
37921,255646
37922,693894
37923,305779
37924,983153
37925,454369
37926,869603
37927,604405
37928,491812
37929,901575
37930,830666
37931,869931
37932,359221
37933,176180
37934,947920
37935,894594
37936,116609
37937,852325
37938,343163
37939,846156
37940,509090
37941,243892
37942,806571
37943,963770
37944,795918
37945,226550
37946,218365
37947,787717
37948,411110
37949,788429
37950,756610
37951,326257
37952,732261
37953,366004
37954,640708
37955,121809
37956,859445
37957,807675
37958,640012
37959,736797
37960,551331
37961,447162
37962,222862
37963,831642
37964,649775
37965,487741
37966,321057
37967,231439
37968,513042
37969,480254
37970,440607
37971,132523
37972,223398
37973,742840
37974,272003
37975,488094
37976,711031
37977,231780
37978,926349
37979,649612
37980,119954
37981,725333
37982,479325
37983,513969
37984,400731
37985,985606
37986,742939
37987,257569
37988,496183
37989,164652
37990,742611
37991,704050
37992,592165
37993,661973
37994,238991
37995,759953
37996,204971
37997,631018
37998,498719
37999,454930
38000,744187
38001,465907
38002,591629
38003,114175
38004,944419
38005,377633
38006,306732
38007,222509
38008,701138
38009,908852
38010,949083
38011,781740
38012,494767
38013,250490
38014,948627
38015,555128
38016,733126
38017,402376
38018,435236
38019,340792
38020,478221
38021,957426
38022,756457
38023,374300
38024,644895
38025,671747
38026,519146
38027,571922
38028,863461
38029,901292
38030,350805
38031,176479
38032,989878
38033,586172
38034,948155
38035,145075
38036,384881
38037,596373
38038,877955
38039,638578
38040,185554
38041,537558
38042,614107
38043,193753
38044,236316
38045,664264
38046,697636
38047,973818
38048,269557
38049,681350
38050,966263
38051,327316
38052,365465
38053,452812
38054,698820
38055,829487
38056,492993
38057,637236
38058,220720
38059,308538
38060,980441
38061,501506
38062,413155
38063,853832
38064,893103
38065,237202
38066,429961
38067,885356
38068,152696
38069,280555
38070,919304
38071,241193
38072,558023
38073,616742
38074,783474
38075,356192
38076,833695
38077,575041
38078,224323
38079,741725
38080,872630
38081,248740
38082,549286
38083,593067
38084,281355
38085,616206
38086,314599
38087,323108
38088,615878
38089,761815
38090,799635
38091,784530
38092,791448
38093,344971
38094,113337
38095,908218
38096,598080
38097,744893
38098,481368
38099,280744
38100,760948
38101,183399
38102,438385
38103,329574
38104,769151
38105,624332
38106,498226
38107,166369
38108,466710
38109,784889
38110,753173
38111,148899
38112,512852
38113,338245
38114,734651
38115,608910
38116,633383
38117,776154
38118,784337
38119,942374
38120,750325
38121,347648
38122,425723
38123,869285
38124,267190
38125,177594
38126,708586
38127,861408
38128,429794
38129,839169
38130,754412
38131,655121
38132,716073
38133,184375
38134,494210
38135,251551
38136,470957
38137,820655
38138,627892
38139,780617
38140,741038
38141,958231
38142,162296
38143,932408
38144,723752
38145,800723
38146,499153
38147,175297
38148,307170
38149,623591
38150,992747
38151,238657
38152,313511
38153,205741
38154,183172
38155,405630
38156,370530
38157,793400
38158,223947
38159,271598
38160,582154
38161,889940
38162,409174
38163,279467
38164,649866
38165,856432
38166,312975
38167,190319
38168,960103
38169,508935
38170,204790
38171,335389
38172,537112
38173,517828
38174,299377
38175,420704
38176,691599
38177,990072
38178,253780
38179,136638
38180,894991
38181,209693
38182,956660
38183,563487
38184,837578
38185,610621
38186,163027
38187,603312
38188,940118
38189,656459
38190,276670
38191,443055
38192,218200
38193,374457
38194,887719
38195,571519
38196,317820
38197,855683
38198,243098
38199,145470
38200,595408
38201,218419
38202,748261
38203,469997
38204,589305
38205,277277
38206,949246
38207,494602
38208,860320
38209,562780
38210,721216
38211,428138
38212,779041
38213,997584
38214,971001
38215,392471
38216,268278
38217,666371
38218,546558
38219,491754
38220,136733
38221,691428
38222,586009
38223,574314
38224,905841
38225,783249
38226,974914
38227,882526
38228,782681
38229,670643
38230,743102
38231,890871
38232,278536
38233,567015
38234,487667
38235,522015
38236,401206
38237,487995
38238,479792
38239,951759
38240,890175
38241,148267
38242,175970
38243,214403
38244,778106
38245,133253
38246,298058
38247,630863
38248,133709
38249,345760
38250,231401
38251,523263
38252,999693
38253,718833
38254,491227
38255,256778
38256,296940
38257,549123
38258,304431
38259,356293
38260,918885
38261,288141
38262,364396
38263,959106
38264,489397
38265,400056
38266,889009
38267,378378
38268,791029
38269,833042
38270,297740
38271,265768
38272,135107
38273,575692
38274,378050
38275,143304
38276,506175
38277,709236
38278,808051
38279,406683
38280,481686
38281,953505
38282,337571
38283,407123
38284,867254
38285,477478
38286,511690
38287,402475
38288,731885
38289,572913
38290,233503
38291,651511
38292,118249
38293,723686
38294,787341
38295,147320
38296,429868
38297,646868
38298,342075
38299,438055
38300,654359
38301,284670
38302,813792
38303,203539
38304,228438
38305,637785
38306,421197
38307,169087
38308,829578
38309,308639
38310,991133
38311,177268
38312,910732
38313,220821
38314,621200
38315,646519
38316,323954
38317,962961
38318,963417
38319,291926
38320,682152
38321,115370
38322,476333
38323,260121
38324,667622
38325,492559
38326,798221
38327,444681
38328,628977
38329,910895
38330,629305
38331,453578
38332,830249
38333,643479
38334,619704
38335,284861
38336,888642
38337,293046
38338,365143
38339,643935
38340,501988
38341,579863
38342,689705
38343,255049
38344,884571
38345,414389
38346,624233
38347,552072
38348,916095
38349,174983
38350,265611
38351,481845
38352,685616
38353,920102
38354,288774
38355,398843
38356,130801
38357,438812
38358,111967
38359,794294
38360,448953
38361,906332
38362,425566
38363,934280
38364,968292
38365,296583
38366,139403
38367,784244
38368,711991
38369,400339
38370,757809
38371,851159
38372,720884
38373,616680
38374,148742
38375,642831
38376,195461
38377,374632
38378,803412
38379,895157
38380,913403
38381,250638
38382,547079
38383,303075
38384,603146
38385,580643
38386,171200
38387,461367
38388,773331
38389,904504
38390,277196
38391,886422
38392,317061
38393,475545
38394,613735
38395,570702
38396,529065
38397,755125
38398,885854
38399,168680
38400,738583
38401,939020
38402,990146
38403,307648
38404,638414
38405,699710
38406,164440
38407,295859
38408,600722
38409,626037
38410,793474
38411,172187
38412,609751
38413,147506
38414,649464
38415,480225
38416,718856
38417,440576
38418,331287
38419,701350
38420,743751
38421,455342
38422,377429
38423,823878
38424,345969
38425,473740
38426,482761
38427,999644
38428,191285
38429,197076
38430,536306
38431,815855
38432,377334
38433,785667
38434,543252
38435,832294
38436,874951
38437,222514
38438,768133
38439,321917
38440,867970
38441,728930
38442,815436
38443,559798
38444,935711
38445,827341
38446,626390
38447,415938
38448,312726
38449,189558
38450,678988
38451,767661
38452,321365
38453,278706
38454,517597
38455,860882
38456,204327
38457,721714
38458,621575
38459,517909
38460,930026
38461,499803
38462,554575
38463,420529
38464,261774
38465,275855
38466,446366
38467,510262
38468,755774
38469,200719
38470,973987
38471,227146
38472,137799
38473,626766
38474,145996
38475,218505
38476,656794
38477,546924
38478,904859
38479,870775
38480,828310
38481,613194
38482,323747
38483,516179
38484,203689
38485,153263
38486,923559
38487,716437
38488,853407
38489,529540
38490,922991
38491,115579
38492,395386
38493,612738
38494,193408
38495,779485
38496,413492
38497,144162
38498,459314
38499,637923
38500,998884
38501,980750
38502,854967
38503,241838
38504,333474
38505,573315
38506,202113
38507,611682
38508,477596
38509,713333
38510,139209
38511,772150
38512,973101
38513,871985
38514,749521
38515,587981
38516,988103
38517,410580
38518,995588
38519,494582
38520,305525
38521,466090
38522,448064
38523,694088
38524,360958
38525,237598
38526,183571
38527,717509
38528,560952
38529,523979
38530,192464
38531,387219
38532,541562
38533,833664
38534,794031
38535,749897
38536,449184
38537,296790
38538,907077
38539,441829
38540,617457
38541,817898
38542,330482
38543,642782
38544,726212
38545,851918
38546,463137
38547,703176
38548,224567
38549,801999
38550,633400
38551,671724
38552,775437
38553,165150
38554,417519
38555,112101
38556,833475
38557,701992
38558,991455
38559,273722
38560,785198
38561,378131
38562,623643
38563,599036
38564,937754
38565,337338
38566,192187
38567,438382
38568,183416
38569,644069
38570,619522
38571,723455
38572,844533
38573,564267
38574,210145
38575,765136
38576,233934
38577,162607
38578,835638
38579,326952
38580,409719
38581,911989
38582,987236
38583,580453
38584,462193
38585,410303
38586,147113
38587,950177
38588,813561
38589,395537
38590,646917
38591,292388
38592,367813
38593,508211
38594,813873
38595,637576
38596,605540
38597,998543
38598,597359
38599,779702
38600,628811
38601,998983
38602,169390
38603,902230
38604,991500
38605,983303
38606,273641
38607,945858
38608,213703
38609,255264
38610,953963
38611,685457
38612,406681
38613,761712
38614,607594
38615,328802
38616,961704
38617,158284
38618,482140
38619,716981
38620,859071
38621,256776
38622,271041
38623,616833
38624,720541
38625,851390
38626,650405
38627,363942
38628,316120
38629,376789
38630,516643
38631,570331
38632,236797
38633,367894
38634,315408
38635,902989
38636,545210
38637,699307
38638,169653
38639,220255
38640,412996
38641,779949
38642,829576
38643,169085
38644,391323
38645,126760
38646,681249
38647,373557
38648,713421
38649,162556
38650,394986
38651,146866
38652,786759
38653,348500
38654,987575
38655,217279
38656,548186
38657,259928
38658,493958
38659,341882
38660,681602
38661,372886
38662,126091
38663,333681
38664,731468
38665,539068
38666,418316
38667,594943
38668,656143
38669,786476
38670,225759
38671,323952
38672,184920
38673,245589
38674,291924
38675,587262
38676,459745
38677,667620
38678,391664
38679,938298
38680,169950
38681,998455
38682,228671
38683,351455
38684,143417
38685,658727
38686,541353
38687,463697
38688,582990
38689,976037
38690,942921
38691,694907
38692,471442
38693,986252
38694,593255
38695,457592
38696,934282
38697,776061
38698,906902
38699,480983
38700,199370
38701,488468
38702,677905
38703,344207
38704,590215
38705,624235
38706,490044
38707,430301
38708,191691
38709,709077
38710,238029
38711,953800
38712,183816
38713,677105
38714,534796
38715,735740
38716,743383
38717,826582
38718,695613
38719,975147
38720,881919
38721,504816
38722,801273
38723,993545
38724,835093
38725,200516
38726,189861
38727,287082
38728,567182
38729,321158
38730,558981
38731,719480
38732,473652
38733,752444
38734,785616
38735,551884
38736,264911
38737,832245
38738,507664
38739,141799
38740,807516
38741,952390
38742,717904
38743,439640
38744,921514
38745,891062
38746,614788
38747,899701
38748,929129
38749,234744
38750,933337
38751,895685
38752,706083
38753,837576
38754,146335
38755,982395
38756,689061
38757,819790
38758,555444
38759,948319
38760,664642
38761,697262
38762,302939
38763,367091
38764,397039
38765,706571
38766,754957
38767,528913
38768,613855
38769,396327
38770,894501
38771,307576
38772,666218
38773,261525
38774,939644
38775,998257
38776,700238
38777,578227
38778,797001
38779,939188
38780,144823
38781,979795
38782,989618
38783,846408
38784,621759
38785,614012
38786,428136
38787,212628
38788,152473
38789,227802
38790,666057
38791,144604
38792,468423
38793,789217
38794,332124
38795,478378
38796,209084
38797,318390
38798,186973
38799,401831
38800,374459
38801,714123
38802,855681
38803,563318
38804,705920
38805,427144
38806,518533
38807,803719
38808,595410
38809,982744
38810,250589
38811,904739
38812,302640
38813,461796
38814,796170
38815,419561
38816,949244
38817,748263
38818,542820
38819,778104
38820,824213
38821,175528
38822,978080
38823,141892
38824,385349
38825,867570
38826,523261
38827,522549
38828,230691
38829,737233
38830,328484
38831,182309
38832,197327
38833,648651
38834,215393
38835,132199
38836,935279
38837,541828
38838,800914
38839,574312
38840,742516
38841,132783
38842,257102
38843,272207
38844,944044
38845,346690
38846,899070
38847,719635
38848,147937
38849,371435
38850,759326
38851,240072
38852,951757
38853,841787
38854,128062
38855,287433
38856,156450
38857,326721
38858,486237
38859,812728
38860,373063
38861,854397
38862,365444
38863,538733
38864,394392
38865,126866
38866,705148
38867,251169
38868,949960
38869,410582
38870,911828
38871,820441
38872,548648
38873,871675
38874,461848
38875,995590
38876,356837
38877,470035
38878,722622
38879,211872
38880,682931
38881,284486
38882,962626
38883,646764
38884,395384
38885,722038
38886,493020
38887,902463
38888,275147
38889,629026
38890,553227
38891,220389
38892,822001
38893,467187
38894,903159
38895,938219
38896,881256
38897,448618
38898,216733
38899,574612
38900,296348
38901,593078
38902,549307
38903,942160
38904,127242
38905,481030
38906,720111
38907,337971
38908,857389
38909,889537
38910,520745
38911,897738
38912,533565
38913,422765
38914,701833
38915,884360
38916,112748
38917,506703
38918,142776
38919,378546
38920,883776
38921,937147
38922,544080
38923,776780
38924,422309
38925,323129
38926,398376
38927,247346
38928,668430
38929,599038
38930,296983
38931,709543
38932,369236
38933,516009
38934,130177
38935,322970
38936,296511
38937,575287
38938,463139
38939,794126
38940,448769
38941,583156
38942,541203
38943,480421
38944,766538
38945,198840
38946,735086
38947,188561
38948,897385
38949,686696
38950,889186
38951,338832
38952,963553
38953,839196
38954,762618
38955,893713
38956,476181
38957,316169
38958,753721
38959,114906
38960,893401
38961,334635
38962,383881
38963,220558
38964,308868
38965,822170
38966,467352
38967,771959
38968,493183
38969,266595
38970,667486
38971,391498
38972,698546
38973,869304
38974,737875
38975,220998
38976,177575
38977,467792
38978,500924
38979,326954
38980,202272
38981,395067
38982,924206
38983,210475
38984,138344
38985,829297
38986,689809
38987,556616
38988,218022
38989,571268
38990,437114
38991,755583
38992,846161
38993,955564
38994,316495
38995,706737
38996,484184
38997,160323
38998,384519
38999,299777
39000,699708
39001,666320
39002,137166
39003,680318
39004,117628
39005,706201
39006,644257
39007,427353
39008,435538
39009,956492
39010,117172
39011,268301
39012,627695
39013,145901
39014,411131
39015,878613
39016,442903
39017,879325
39018,277198
39019,635180
39020,871126
39021,447143
39022,585298
39023,543157
39024,909122
39025,777897
39026,800163
39027,970674
39028,222867
39029,385172
39030,273022
39031,397517
39032,929235
39033,362449
39034,535608
39035,490944
39036,859432
39037,239153
39038,405702
39039,648218
39040,406030
39041,999958
39042,536304
39043,361753
39044,263261
39045,303474
39046,263829
39047,441290
39048,679205
39049,641593
39050,718858
39051,793323
39052,913418
39053,249087
39054,905217
39055,224024
39056,574418
39057,464326
39058,704047
39059,132317
39060,695844
39061,521583
39062,725888
39063,370841
39064,759460
39065,890703
39066,313180
39067,842313
39068,321367
39069,400710
39070,831980
39071,385535
39072,777482
39073,506889
39074,345296
39075,786377
39076,944446
39077,799944
39078,167889
39079,701135
39080,874949
39081,282264
39082,849002
39083,710026
39084,960924
39085,482464
39086,815438
39087,933568
39088,803645
39089,895452
39090,964908
39091,340461
39092,837145
39093,949062
39094,940877
39095,171433
39096,739486
39097,357483
39098,495226
39099,115775
39100,845882
39101,646114
39102,851987
39103,343309
39104,621573
39105,921827
39106,738998
39107,666555
39108,554573
39109,219499
39110,869781
39111,712329
39112,156795
39113,609117
39114,843178
39115,207797
39116,525915
39117,355600
39118,425440
39119,934142
39120,304434
39121,248276
39122,131902
39123,230010
39124,398477
39125,607605
39126,717410
39127,953972
39128,238193
39129,859040
39130,716970
39131,560471
39132,183732
39133,329397
39134,590067
39135,945173
39136,908034
39137,598264
39138,135134
39139,462013
39140,904114
39141,655539
39142,981377
39143,502162
39144,787344
39145,795547
39146,602752
39147,713426
39148,862675
39149,611781
39150,932131
39151,673789
39152,643297
39153,341518
39154,844273
39155,587330
39156,980905
39157,501690
39158,629583
39159,545189
39160,413587
39161,144261
39162,516668
39163,730328
39164,722131
39165,114964
39166,722459
39167,367881
39168,579050
39169,659440
39170,772050
39171,972489
39172,300586
39173,737342
39174,753820
39175,722800
39176,853659
39177,612998
39178,516511
39179,730547
39180,193100
39181,202925
39182,561828
39183,716633
39184,437841
39185,780785
39186,627724
39187,995840
39188,740886
39189,494138
39190,409808
39191,178986
39192,486035
39193,843930
39194,154499
39195,234401
39196,962012
39197,709066
39198,927992
39199,398822
39200,901092
39201,524039
39202,560884
39203,150011
39204,113058
39205,213371
39206,247447
39207,790659
39208,134269
39209,969369
39210,199381
39211,119303
39212,442081
39213,959476
39214,712674
39215,399622
39216,833868
39217,741958
39218,225112
39219,165745
39220,934293
39221,625300
39222,216475
39223,313530
39224,648383
39225,640180
39226,536149
39227,709700
39228,841575
39229,290197
39230,370559
39231,150645
39232,499148
39233,631097
39234,908591
39235,744232
39236,576564
39237,214589
39238,273115
39239,792517
39240,687939
39241,719463
39242,339059
39243,818272
39244,641692
39245,767841
39246,190322
39247,263728
39248,801254
39249,354805
39250,271603
39251,914188
39252,661510
39253,267904
39254,666229
39255,491932
39256,412094
39257,947360
39258,822961
39259,989613
39260,358725
39261,675832
39262,930798
39263,964298
39264,720950
39265,852445
39266,827538
39267,494972
39268,137539
39269,389705
39270,419157
39271,988493
39272,503743
39273,427516
39274,294893
39275,925445
39276,317450
39277,125906
39278,539693
39279,331816
39280,302639
39281,739387
39282,555528
39283,442641
39284,349709
39285,302311
39286,904436
39287,401848
39288,427615
39289,733054
39290,194689
39291,764050
39292,887154
39293,317793
39294,500276
39295,554016
39296,823258
39297,350245
39298,228109
39299,468752
39300,307212
39301,367183
39302,160069
39303,186018
39304,562313
39305,517498
39306,725485
39307,917750
39308,650236
39309,189977
39310,566322
39311,733998
39312,898345
39313,810952
39314,679459
39315,279261
39316,208443
39317,618200
39318,634490
39319,742507
39320,223605
39321,415845
39322,625849
39323,913583
39324,416429
39325,985790
39326,600926
39327,961521
39328,736518
39329,841228
39330,129545
39331,684032
39332,729029
39333,614968
39334,684744
39335,398283
39336,197328
39337,551024
39338,214430
39339,473480
39340,499311
39341,908940
39342,542843
39343,265147
39344,984670
39345,823618
39346,622681
39347,944979
39348,177363
39349,501192
39350,972568
39351,938228
39352,421354
39353,597017
39354,309232
39355,621404
39356,315573
39357,715840
39358,722593
39359,884902
39360,813199
39361,620948
39362,484714
39363,548663
39364,418754
39365,410569
39366,749516
39367,269559
39368,663554
39369,757165
39370,539322
39371,932689
39372,365467
39373,426859
39374,319133
39375,153754
39376,530553
39377,430355
39378,616204
39379,237571
39380,406588
39381,149546
39382,439248
39383,962245
39384,523990
39385,693661
39386,784528
39387,386158
39388,799065
39389,265287
39390,273484
39391,589897
39392,371976
39393,180718
39394,207631
39395,363779
39396,642059
39397,809724
39398,927177
39399,809012
39400,897749
39401,399575
39402,950830
39403,889566
39404,742295
39405,601706
39406,906640
39407,663185
39408,471700
39409,448629
39410,139591
39411,802233
39412,497595
39413,462935
39414,642984
39415,857177
39416,817492
39417,889781
39418,889213
39419,857745
39420,958854
39421,976584
39422,695006
39423,793817
39424,497360
39425,703189
39426,355521
39427,541196
39428,379374
39429,825853
39430,840275
39431,360584
39432,329572
39433,150409
39434,142540
39435,590114
39436,752863
39437,474583
39438,305155
39439,447998
39440,753175
39441,937735
39442,146556
39443,872263
39444,588219
39445,309427
39446,319478
39447,341271
39448,844520
39449,531418
39450,681511
39451,756934
39452,957917
39453,704960
39454,539601
39455,266620
39456,910984
39457,629406
39458,980144
39459,587099
39460,275391
39461,260286
39462,229202
39463,655123
39464,429792
39465,569877
39466,673796
39467,930834
39468,123086
39469,646608
39470,334644
39471,437283
39472,404431
39473,389875
39474,871113
39475,982494
39476,286100
39477,855431
39478,956499
39479,672674
39480,764227
39481,864068
39482,332378
39483,350708
39484,630232
39485,747465
39486,359223
39487,212370
39488,721036
39489,755552
39490,396418
39491,124224
39492,160348
39493,529076
39494,343729
39495,316496
39496,846158
39497,185787
39498,609738
39499,400434
39500,649773
39501,480252
39502,951299
39503,649445
39504,200673
39505,710686
39506,172622
39507,496478
39508,801684
39509,496022
39510,874137
39511,703891
39512,834680
39513,581733
39514,172166
39515,335913
39516,397522
39517,806961
39518,710198
39519,709886
39520,868340
39521,151047
39522,921359
39523,849182
39524,777910
39525,874673
39526,992588
39527,167589
39528,978854
39529,883314
39530,875129
39531,298374
39532,423831
39533,567400
39534,807826
39535,482935
39536,439902
39537,559787
39538,891824
39539,760411
39540,768592
39541,273162
39542,945129
39543,506902
39544,264961
39545,631328
39546,222511
39547,306734
39548,824112
39549,176069
39550,786390
39551,618082
39552,339818
39553,231782
39554,401297
39555,147780
39556,207945
39557,801535
39558,224007
39559,601060
39560,346855
39561,355052
39562,549930
39563,472530
39564,464345
39565,458552
39566,909477
39567,998079
39568,546393
39569,796807
39570,997495
39571,665964
39572,831339
39573,307838
39574,500366
39575,411759
39576,707013
39577,483884
39578,763080
39579,537556
39580,645429
39581,921852
39582,375550
39583,755211
39584,124643
39585,137818
39586,696488
39587,626771
39588,277434
39589,226719
39590,828299
39591,714030
39592,925396
39593,234806
39594,427053
39595,964915
39596,706541
39597,571920
39598,803306
39599,125443
39600,393481
39601,531959
39602,285951
39603,887552
39604,478223
39605,855276
39606,724231
39607,373187
39608,712763
39609,341551
39610,804407
39611,394268
39612,681247
39613,530658
39614,462420
39615,390213
39616,251301
39617,502195
39618,587851
39619,981408
39620,548196
39621,762333
39622,192974
39623,613324
39624,211748
39625,754134
39626,508438
39627,115709
39628,529410
39629,620815
39630,570341
39631,237067
39632,804895
39633,946860
39634,421817
39635,300456
39636,938095
39637,553359
39638,356345
39639,873191
39640,131871
39641,663050
39642,549879
39643,378910
39644,248309
39645,173304
39646,592946
39647,934111
39648,497440
39649,296912
39650,719979
39651,843147
39652,489353
39653,199583
39654,766317
39655,809135
39656,533689
39657,950965
39658,181181
39659,474863
39660,977168
39661,414690
39662,915936
39663,784395
39664,386293
39665,497928
39666,968987
39667,598545
39668,776192
39669,667689
39670,694222
39671,808583
39672,523397
39673,198527
39674,122213
39675,515654
39676,735401
39677,229979
39678,991321
39679,659785
39680,448429
39681,693925
39682,937884
39683,598906
39684,745095
39685,369360
39686,526649
39687,149978
39688,206039
39689,568342
39690,191733
39691,347217
39692,593241
39693,173915
39694,671138
39695,801865
39696,387454
39697,783744
39698,914539
39699,881543
39700,433867
39701,712643
39702,371960
39703,616988
39704,711947
39705,735210
39706,188437
39707,232728
39708,403868
39709,922754
39710,152970
39711,184934
39712,292514
39713,396127
39714,334767
39715,814007
39716,404308
39717,284329
39718,972520
39719,605666
39720,938244
39721,877055
39722,990922
39723,275236
39724,971808
39725,836216
39726,731506
39727,723321
39728,341388
39729,118390
39730,242571
39731,341828
39732,564397
39733,202404
39734,426067
39735,835760
39736,932513
39737,233800
39738,765014
39739,519518
39740,251398
39741,462327
39742,138788
39743,390446
39744,715510
39745,244453
39746,396313
39747,537124
39748,116176
39749,770685
39750,261987
39751,276138
39752,909653
39753,500150
39754,445627
39755,227911
39756,998223
39757,392256
39758,195331
39759,837622
39760,486900
39761,572384
39762,187144
39763,479031
39764,209697
39765,540356
39766,125243
39767,803538
39768,948321
39769,494941
39770,461489
39771,989092
39772,264249
39773,668876
39774,978749
39775,590903
39776,415183
39777,622867
39778,273146
39779,970238
39780,385040
39781,133914
39782,614842
39783,205145
39784,728135
39785,150612
39786,527543
39787,191411
39788,709733
39789,728719
39790,215092
39791,354772
39792,388664
39793,634360
39794,449547
39795,592415
39796,172061
39797,346903
39798,986100
39799,733356
39800,609617
39801,926135
39802,339026
39803,181648
39804,850277
39805,513163
39806,521344
39807,733796
39808,164221
39809,295062
39810,695400
39811,592316
39812,704171
39813,496302
39814,951795
39815,926228
39816,432358
39817,842445
39818,240446
39819,507021
39820,969877
39821,455051
39822,385403
39823,908973
39824,591196
39825,491239
39826,190480
39827,676578
39828,398314
39829,238870
39830,921343
39831,336657
39832,920631
39833,515016
39834,807361
39835,536023
39836,961488
39837,563272
39838,532388
39839,518587
39840,201281
39841,965032
39842,332714
39843,572043
39844,366222
39845,125592
39846,680081
39847,811386
39848,435829
39849,796212
39850,349740
39851,819667
39852,788031
39853,555233
39854,982758
39855,879098
39856,904733
39857,325035
39858,860756
39859,212650
39860,475252
39861,852119
39862,683121
39863,755344
39864,629800
39865,499933
39866,778709
39867,307245
39868,747065
39869,460274
39870,227812
39871,657916
39872,694132
39873,589928
39874,790899
39875,945294
39876,166497
39877,992064
39878,701879
39879,632135
39880,735251
39881,323079
39882,337133
39883,430386
39884,158408
39885,262278
39886,541070
39887,775826
39888,987051
39889,942758
39890,775258
39891,995232
39892,372705
39893,817182
39894,558052
39895,616709
39896,207334
39897,488955
39898,734451
39899,642786
39900,156896
39901,866256
39902,338629
39903,324183
39904,484683
39905,342205
39906,813230
39907,529592
39908,682309
39909,153235
39910,862048
39911,538235
39912,220379
39913,690980
39914,252727
39915,383708
39916,903113
39917,260924
39918,972601
39919,790507
39920,293211
39921,673198
39922,519751
39923,394862
39924,854923
39925,812678
39926,118127
39927,698319
39928,636735
39929,251863
39930,277725
39931,178906
39932,348624
39933,493826
39934,259348
39935,602651
39936,233970
39937,293624
39938,434402
39939,403214
39940,888076
39941,242169
39942,118476
39943,713506
39944,588186
39945,218008
39946,880493
39947,410243
39948,391004
39949,259767
39950,781218
39951,588626
39952,682726
39953,847073
39954,569596
39955,192543
39956,485096
39957,368177
39958,673829
39959,334301
39960,316215
39961,403750
39962,947069
39963,980569
39964,690767
39965,252508
39966,780098
39967,304322
39968,633036
39969,262949
39970,225219
39971,742109
39972,296449
39973,262637
39974,678493
39975,766140
39976,180388
39977,311631
39978,857776
39979,650570
39980,734616
39981,533864
39982,907322
39983,884701
39984,344771
39985,213800
39986,883989
39987,983272
39988,785170
39989,937454
39990,576489
39991,744693
39992,122036
39993,337742
39994,560295
39995,708945
39996,677565
39997,535360
39998,568932
39999,416605
40000,826450
40001,581700
40002,355238
40003,703922
40004,906140
40005,975719
40006,959529
40007,513073
40008,567050
40009,330979
40010,264779
40011,631202
40012,777311
40013,800597
40014,669374
40015,599630
40016,507796
40017,141667
40018,944235
40019,447129
40020,377449
40021,970636
40022,874640
40023,743803
40024,952514
40025,890930
40026,361767
40027,191241
40028,768794
40029,370660
40030,560097
40031,440084
40032,859414
40033,952842
40034,895113
40035,680840
40036,242807
40037,286589
40038,925014
40039,326226
40040,696802
40041,138000
40042,878635
40043,381657
40044,714884
40045,721509
40046,204656
40047,236116
40048,437060
40049,317113
40050,491783
40051,460523
40052,979231
40053,747496
40054,253210
40055,630577
40056,665638
40057,964410
40058,404931
40059,814368
40060,721350
40061,397056
40062,947536
40063,909900
40064,393049
40065,268144
40066,939923
40067,638105
40068,228246
40069,445802
40070,691298
40071,948120
40072,384410
40073,822665
40074,679979
40075,887585
40076,117289
40077,924733
40078,235487
40079,531926
40080,932918
40081,510914
40082,200755
40083,836847
40084,518401
40085,532254
40086,317946
40087,390073
40088,357461
40089,996534
40090,820129
40091,381306
40092,788101
40093,349846
40094,595870
40095,973983
40096,269200
40097,114452
40098,455673
40099,543272
40100,908511
40101,465872
40102,977956
40103,785727
40104,175404
40105,807291
40106,953185
40107,952745
40108,718271
40109,528302
40110,816056
40111,768185
40112,398160
40113,159558
40114,197195
40115,464376
40116,695834
40117,827377
40118,346126
40119,985325
40120,215525
40121,943912
40122,952193
40123,313186
40124,278670
40125,147813
40126,513938
40127,810395
40128,189514
40129,618051
40130,856661
40131,578751
40132,308668
40133,597589
40134,629177
40135,629617
40136,445065
40137,980887
40138,597149
40139,300927
40140,605334
40141,699274
40142,771719
40143,954578
40144,716300
40145,178359
40146,981439
40147,493991
40148,772711
40149,588444
40150,486342
40151,612147
40152,572882
40153,965689
40154,888330
40155,812267
40156,716948
40157,526981
40158,867221
40159,709207
40160,799509
40161,174087
40162,447505
40163,143339
40164,791326
40165,414717
40166,506140
40167,465971
40168,991533
40169,776919
40170,134440
40171,734878
40172,642191
40173,400027
40174,399443
40175,608683
40176,463387
40177,995077
40178,601838
40179,270376
40180,248610
40181,417237
40182,206888
40183,686139
40184,372271
40185,232711
40186,256578
40187,976460
40188,271243
40189,504983
40190,833906
40191,967823
40192,671605
40193,323529
40194,197827
40195,430644
40196,230191
40197,816432
40198,481502
40199,736021
40200,273827
40201,466264
40202,265640
40203,497788
40204,166247
40205,976996
40206,824729
40207,791157
40208,217589
40209,911396
40210,443850
40211,772548
40212,723302
40213,284830
40214,394600
40215,234399
40216,705420
40217,804675
40218,629274
40219,877024
40220,980732
40221,220437
40222,699105
40223,267056
40224,467915
40225,413382
40226,383450
40227,251953
40228,484485
40229,682123
40230,315738
40231,722766
40232,245180
40233,730949
40234,828004
40235,580794
40236,827564
40237,486891
40238,201213
40239,331798
40240,294867
40241,732715
40242,925499
40243,242898
40244,989587
40245,630676
40246,253815
40247,939157
40248,971641
40249,299346
40250,359347
40251,939613
40252,420675
40253,666187
40254,176306
40255,351160
40256,596656
40257,517863
40258,367386
40259,715497
40260,375569
40261,243762
40262,436521
40263,570839
40264,335422
40265,147627
40266,240202
40267,567215
40268,487867
40269,641698
40270,401022
40271,959628
40272,409205
40273,458455
40274,573986
40275,132397
40276,388647
40277,172034
40278,249103
40279,913914
40280,573674
40281,718521
40282,891487
40283,336485
40284,307137
40285,345376
40286,264230
40287,465110
40288,978410
40289,151528
40290,729083
40291,159019
40292,899903
40293,614606
40294,370218
40295,455060
40296,306274
40297,692831
40298,917177
40299,799827
40300,970306
40301,167754
40302,719354
40303,856816
40304,917704
40305,147904
40306,479451
40307,208077
40308,767540
40309,215944
40310,541861
40311,359128
40312,830759
40313,176601
40314,446215
40315,411883
40316,545813
40317,666088
40318,460269
40319,699908
40320,886188
40321,562359
40322,212661
40323,762956
40324,729448
40325,570996
40326,203894
40327,921720
40328,116332
40329,269109
40330,258111
40331,603640
40332,268797
40333,276982
40334,250620
40335,317791
40336,756335
40337,706409
40338,332157
40339,393613
40340,566256
40341,433925
40342,758539
40343,851237
40344,662631
40345,305022
40346,703360
40347,224383
40348,355732
40349,702792
40350,216764
40351,379067
40352,270938
40353,111789
40354,560923
40355,928023
40356,398345
40357,607729
40358,360925
40359,237629
40360,953400
40361,667788
40362,937114
40363,702304
40364,344447
40365,945297
40366,273522
40367,174269
40368,474698
40369,884393
40370,745289
40371,969150
40372,594119
40373,987436
40374,548617
40375,871954
40376,178189
40377,348935
40378,656127
40379,426837
40380,210345
40381,844149
40382,285575
40383,126331
40384,691003
40385,274466
40386,946697
40387,228871
40388,545769
40389,421660
40390,813233
40391,292260
40392,368453
40393,839510
40394,429437
40395,962659
40396,654478
40397,621410
40398,853876
40399,252043
40400,444816
40401,877458
40402,221031
40403,421495
40404,544842
40405,392099
40406,998572
40407,737466
40408,658876
40409,707870
40410,861716
40411,211690
40412,655149
40413,839229
40414,594788
40415,217991
40416,382336
40417,146498
40418,170917
40419,713205
40420,154375
40421,117787
40422,731607
40423,862268
40424,485599
40425,126680
40426,564928
40427,477396
40428,639422
40429,360630
40430,399274
40431,150455
40432,438917
40433,526748
40434,238494
40435,769675
40436,962448
40437,709510
40438,489583
40439,456139
40440,744994
40441,991796
40442,506373
40443,557144
40444,818082
40445,735055
40446,241534
40447,918679
40448,802340
40449,173366
40450,347708
40451,379344
40452,271153
40453,943058
40454,304661
40455,216351
40456,986135
40457,449512
40458,256760
40459,540922
40460,190942
40461,431560
40462,760590
40463,648947
40464,849896
40465,205308
40466,560126
40467,431872
40468,841699
40469,792385
40470,385205
40471,166995
40472,264348
40473,631669
40474,254870
40475,114272
40476,818732
40477,918481
40478,718891
40479,401092
40480,232187
40481,609780
40482,856553
40483,524530
40484,600753
40485,542652
40486,504227
40487,295824
40488,223386
40489,596490
40490,666353
40491,869911
40492,459836
40493,939055
40494,877780
40495,963718
40496,529034
40497,428880
40498,613700
40499,964174
40500,517725
40501,740124
40502,503283
40503,748311
40504,688958
40505,913368
40506,664793
40507,581320
40508,242792
40509,532074
40510,117141
40511,764853
40512,855481
40513,714419
40514,401495
40515,887381
40516,469436
40517,381869
40518,268615
40519,739519
40520,461239
40521,973952
40522,171400
40523,996961
40524,389486
40525,137828
40526,258181
40527,163105
40528,340428
40529,373992
40530,845051
40531,733178
40532,365795
40533,163817
40534,460119
40535,939332
40536,770995
40537,500400
40538,989250
40539,586568
40540,979619
40541,499832
40542,629901
40543,392590
40544,970848
40545,886750
40546,852018
40547,645387
40548,204292
40549,193765
40550,212495
40551,955878
40552,715248
40553,721681
40554,614119
40555,622316
40556,363131
40557,767630
40558,199804
40559,440960
40560,181910
40561,649648
40562,850091
40563,339796
40564,710987
40565,592153
40566,750820
40567,704014
40568,295675
40569,801473
40570,495811
40571,760421
40572,405900
40573,527737
40574,891790
40575,289914
40576,640915
40577,960957
40578,737098
40579,439464
40580,559197
40581,816039
40582,921178
40583,222481
40584,246518
40585,916995
40586,752332
40587,245822
40588,385502
40589,766020
40590,127143
40591,288336
40592,149424
40593,817989
40594,119396
40595,312191
40596,734560
40597,809350
40598,233362
40599,694479
40600,825636
40601,976089
40602,934390
40603,633596
40604,784138
40605,793600
40606,548886
40607,379903
40608,826348
40609,471534
40610,216568
40611,808878
40612,677005
40613,398725
40614,130703
40615,866411
40616,709473
40617,197790
40618,149912
40619,352816
40620,937950
40621,784674
40622,623839
40623,824772
40624,134174
40625,969466
40626,594819
40627,820596
40628,410235
40629,226155
40630,579945
40631,871766
40632,602432
40633,941478
40634,426001
40635,486128
40636,564463
40637,372970
40638,511967
40639,651746
40640,284867
40641,628879
40642,779634
40643,990856
40644,690871
40645,658779
40646,910929
40647,420952
40648,459093
40649,153344
40650,211469
40651,429297
40652,646409
40653,367617
40654,292576
40655,122903
40656,161219
40657,516916
40658,963367
40659,324548
40660,376514
40661,153032
40662,587297
40663,412984
40664,421171
40665,737590
40666,998688
40667,999400
40668,545550
40669,910834
40670,308705
40671,861520
40672,722096
40673,562092
40674,654441
40675,184711
40676,342669
40677,203629
40678,429466
40679,698167
40680,494386
40681,138693
40682,259876
40683,987907
40684,178410
40685,820255
40686,772338
40687,664083
40688,828436
40689,741150
40690,118623
40691,402517
40692,435129
40693,844634
40694,332974
40695,234153
40696,519871
40697,673694
40698,195948
40699,712825
40700,210822
40701,957551
40702,531048
40703,280856
40704,337629
40705,490283
40706,352659
40707,575666
40708,745390
40709,583865
40710,889351
40711,407557
40712,181247
40713,608758
40714,566039
40715,364306
40716,711714
40717,565727
40718,355699
40719,968561
40720,915338
40721,793963
40722,305049
40723,216667
40724,582745
40725,304465
40726,549813
40727,497066
40728,574546
40729,490605
40730,841327
40731,191130
40732,961426
40733,649087
40734,482406
40735,718735
40736,615003
40737,282206
40738,684715
40739,491173
40740,709964
40741,567473
40742,623346
40743,970271
40744,599317
40745,423149
40746,752171
40747,661286
40748,558738
40749,440935
40750,120449
40751,513898
40752,156510
40753,231871
40754,533437
40755,951729
40756,634393
40757,993310
40758,742408
40759,696034
40760,913924
40761,449826
40762,582103
40763,263992
40764,307879
40765,979524
40766,176972
40767,267584
40768,797334
40769,392553
40770,307311
40771,445842
40772,253065
40773,658294
40774,613576
40775,367148
40776,475190
40777,436951
40778,715743
40779,375023
40780,291333
40781,894458
40782,517401
40783,570593
40784,795838
40785,469907
40786,996998
40787,973927
40788,494708
40789,137859
40790,680475
40791,982279
40792,974092
40793,665334
40794,773855
40795,547267
40796,697298
40797,171724
40798,503772
40799,845759
40800,427863
40801,939520
40802,307460
40803,476053
40804,653452
40805,152206
40806,124753
40807,116570
40808,533206
40809,231636
40810,181714
40811,850215
40812,240151
40813,472744
40814,215742
40815,303540
40816,935600
40817,801613
40818,424294
40819,223357
40820,295799
40821,463979
40822,985470
40823,380529
40824,768298
40825,327931
40826,640543
40827,370460
40828,936528
40829,576599
40830,752448
40831,446633
40832,113743
40833,272496
40834,447073
40835,385690
40836,605466
40837,579579
40838,667114
40839,789514
40840,597265
40841,822246
40842,587064
40843,467756
40844,698574
40845,152946
40846,376440
40847,517006
40848,673895
40849,962901
40850,731042
40851,476833
40852,153530
40853,138260
40854,301587
40855,741071
40856,301275
40857,795177
40858,911555
40859,880431
40860,672903
40861,862305
40862,854122
40863,434792
40864,402820
40865,812391
40866,373400
40867,531385
40868,477761
40869,723785
40870,526785
40871,149794
40872,919594
40873,205871
40874,709595
40875,489522
40876,430107
40877,490234
40878,314861
40879,848115
40880,858642
40881,892414
40882,816927
40883,576427
40884,785232
40885,884055
40886,213410
40887,693397
40888,305248
40889,623717
40890,616492
40891,651200
40892,148930
40893,280289
40894,758005
40895,557061
40896,726809
40897,857842
40898,881079
40899,749660
40900,986186
40901,270756
40902,741463
40903,541295
40904,927586
40905,843707
40906,407743
40907,164875
40908,132071
40909,750591
40910,448534
40911,304619
40912,471103
40913,986401
40914,942124
40915,802266
40916,229483
40917,735897
40918,892509
40919,727130
40920,607660
40921,328868
40922,639552
40923,112656
40924,552943
40925,623886
40926,143116
40927,422673
40928,297216
40929,221378
40930,352553
40931,134607
40932,544044
40933,386757
40934,945356
40935,548692
40936,911784
40937,981336
40938,594074
40939,655466
40940,418153
40941,636797
40942,461924
40943,681775
40944,364848
40945,426760
40946,991065
40947,352186
40948,597682
40949,746319
40950,946772
40951,383062
40952,798626
40953,771680
40954,779883
40955,220313
40956,368080
40957,284474
40958,923609
40959,682247
40960,879562
40961,819499
40962,410860
40963,419047
40964,773902
40965,619089
40966,680609
40967,887211
40968,965528
40969,519051
40970,680041
40971,756360
40972,340369
40973,453923
40974,901325
40975,420559
40976,939985
40977,492262
40978,392987
40979,989215
40980,746505
40981,500461
40982,436389
40983,622257
40984,317328
40985,956275
40986,838277
40987,440341
40988,810769
40989,231685
40990,905341
40991,449944
40992,626344
40993,582565
40994,172870
40995,600399
40996,354375
40997,197129
40998,230885
40999,859895
41000,336161
41001,900056
41002,322507
41003,568003
41004,785789
41005,551521
41006,223108
41007,700539
41008,543338
41009,799924
41010,992324
41011,970405
41012,669023
41013,984143
41014,306765
41015,917086
41016,141386
41017,440150
41018,397489
41019,736436
41020,491380
41021,960651
41022,129395
41023,238725
41024,121208
41025,832051
41026,464945
41027,978885
41028,786142
41029,660543
41030,306982
41031,114237
41032,792348
41033,944865
41034,969990
41035,298469
41036,264713
41037,936682
41038,669436
41039,240301
41040,312907
41041,558915
41042,339114
41043,120216
41044,898203
41045,704312
41046,388800
41047,295173
41048,223759
41049,743185
41050,457976
41051,662039
41052,275610
41053,630203
41054,830635
41055,604764
41056,491845
41057,852228
41058,343066
41059,683490
41060,151804
41061,517632
41062,124907
41063,613657
41064,194331
41065,204594
41066,517320
41067,683818
41068,656527
41069,878697
41070,451168
41071,773733
41072,258939
41073,740161
41074,218708
41075,819264
41076,234558
41077,571856
41078,732876
41079,705581
41080,378312
41081,584141
41082,753361
41083,466898
41084,386499
41085,907797
41086,576270
41087,584453
41088,961952
41089,892251
41090,717245
41091,238438
41092,130704
41093,741946
41094,295982
41095,942562
41096,304877
41097,749817
41098,457499
41099,741618
41100,540674
41101,149423
41102,489151
41103,565859
41104,512912
41105,686201
41106,148839
41107,720789
41108,857247
41109,893184
41110,846854
41111,516907
41112,237373
41113,368342
41114,202961
41115,252019
41116,275321
41117,351860
41118,829824
41119,938897
41120,902285
41121,797860
41122,228700
41123,737346
41124,910926
41125,187411
41126,862404
41127,643902
41128,209978
41129,564792
41130,854223
41131,995964
41132,170389
41133,603031
41134,987767
41135,780685
41136,301750
41137,269658
41138,705189
41139,611769
41140,538804
41141,565075
41142,912325
41143,556338
41144,251696
41145,178749
41146,302045
41147,269361
41148,904142
41149,390168
41150,903430
41151,749322
41152,716366
41153,813129
41154,754499
41155,885416
41156,931263
41157,485220
41158,805514
41159,123235
41160,367989
41161,762240
41162,813697
41163,621466
41164,666660
41165,779270
41166,746474
41167,220916
41168,999415
41169,229119
41170,829675
41171,938746
41172,505718
41173,915349
41174,216204
41175,165478
41176,775797
41177,968558
41178,497077
41179,802743
41180,702896
41181,165038
41182,976301
41183,189419
41184,843550
41185,889368
41186,119568
41187,726047
41188,525863
41189,520248
41190,330281
41191,799135
41192,134506
41193,297837
41194,306022
41195,660151
41196,344911
41197,668348
41198,727295
41199,920036
41200,229894
41201,158255
41202,677681
41203,523480
41204,281551
41205,616394
41206,985098
41207,827158
41208,550124
41209,792826
41210,993281
41211,882495
41212,321422
41213,711547
41214,617580
41215,513909
41216,279201
41217,370752
41218,918082
41219,856754
41220,208455
41221,609967
41222,669178
41223,377829
41224,214498
41225,591817
41226,345793
41227,273356
41228,507088
41229,936740
41230,743999
41231,223009
41232,405876
41233,239491
41234,370280
41235,336260
41236,567910
41237,289922
41238,159649
41239,243507
41240,887750
41241,680140
41242,402188
41243,294650
41244,747596
41245,310872
41246,302235
41247,349809
41248,595833
41249,116270
41250,886566
41251,343508
41252,721185
41253,483362
41254,397287
41255,762894
41256,291354
41257,860681
41258,746668
41259,586672
41260,176539
41261,384381
41262,136828
41263,491659
41264,738927
41265,645272
41266,124750
41267,822277
41268,351226
41269,412426
41270,145180
41271,638229
41272,939551
41273,546804
41274,604921
41275,997850
41276,738764
41277,468175
41278,652403
41279,209788
41280,571765
41281,764749
41282,644784
41283,326325
41284,187221
41285,845728
41286,714315
41287,401583
41288,450573
41289,547604
41290,138231
41291,381174
41292,442374
41293,688398
41294,179216
41295,664609
41296,622926
41297,875199
41298,454845
41299,800122
41300,543084
41301,328236
41302,728786
41303,849368
41304,238624
41305,815356
41306,614887
41307,867834
41308,676124
41309,600649
41310,935599
41311,975176
41312,172680
41313,792977
41314,574048
41315,967563
41316,409143
41317,889909
41318,725554
41319,533193
41320,960006
41321,321253
41322,338959
41323,564866
41324,402843
41325,854717
41326,138251
41327,580356
41328,689210
41329,178468
41330,820689
41331,580044
41332,708500
41333,963458
41334,922725
41335,245644
41336,283782
41337,342411
41338,476278
41339,621131
41340,716119
41341,284238
41342,753754
41343,761937
41344,367780
41345,822265
41346,745715
41347,351238
41348,300780
41349,587047
41350,413246
41351,416838
41352,425605
41353,496740
41354,263032
41355,851652
41356,809251
41357,678088
41358,642332
41359,363540
41360,232959
41361,441583
41362,142512
41363,474539
41364,907367
41365,745056
41366,149821
41367,954329
41368,535325
41369,265971
41370,575511
41371,166132
41372,824330
41373,474632
41374,784620
41375,506340
41376,544051
41377,727693
41378,337528
41379,677771
41380,322706
41381,840076
41382,430447
41383,568730
41384,534718
41385,526517
41386,184250
41387,270872
41388,783372
41389,601622
41390,933944
41391,541139
41392,741667
41393,784068
41394,505804
41395,433551
41396,364471
41397,569802
41398,193505
41399,805112
41400,315905
41401,910679
41402,629057
41403,467088
41404,990606
41405,980847
41406,260961
41407,903060
41408,863197
41409,572714
41410,531149
41411,564513
41412,319201
41413,434972
41414,844799
41415,888562
41416,896761
41417,643823
41418,278088
41419,820410
41420,996269
41421,602254
41422,225389
41423,698258
41424,871576
41425,949347
41426,115804
41427,886100
41428,316743
41429,837714
41430,763060
41431,763516
41432,160131
41433,838298
41434,729488
41435,436850
41436,683158
41437,797235
41438,177129
41439,253668
41440,136206
41441,638476
41442,869878
41443,933539
41444,186444
41445,435290
41446,531851
41447,318319
41448,195215
41449,326500
41450,644961
41451,540032
41452,235394
41453,626735
41454,634916
41455,796371
41456,419376
41457,302113
41458,581601
41459,546829
41460,656891
41461,250372
41462,982529
41463,777577
41464,385436
41465,984728
41466,585562
41467,499369
41468,668992
41469,120844
41470,205341
41471,197142
41472,840706
41473,361489
41474,859168
41475,205013
41476,121540
41477,684230
41478,405966
41479,882565
41480,625791
41481,905314
41482,873798
41483,774977
41484,905898
41485,346195
41486,215480
41487,200438
41488,649714
41489,759495
41490,240601
41491,725291
41492,313151
41493,232402
41494,155955
41495,271413
41496,550205
41497,914378
41498,792875
41499,834564
41500,994072
41501,609718
41502,433058
41503,767911
41504,641170
41505,959604
41506,710754
41507,480128
41508,307001
41509,447172
41510,751917
41511,577082
41512,454663
41513,875013
41514,354075
41515,916962
41516,591384
41517,158904
41518,397486
41519,614749
41520,281944
41521,860035
41522,182679
41523,159344
41524,807557
41525,723984
41526,845594
41527,428018
41528,837393
41529,610790
41530,933120
41531,764223
41532,234529
41533,933832
41534,427322
41535,563652
41536,680917
41537,974689
41538,787835
41539,381572
41540,665171
41541,419675
41542,124916
41543,536587
41544,729339
41545,437017
41546,755156
41547,622533
41548,837945
41549,124220
41550,219235
41551,979850
41552,176770
41553,275589
41554,392815
41555,420211
41556,971649
41557,420795
41558,445532
41559,747445
41560,143483
41561,780164
41562,308860
41563,667558
41564,771399
41565,467880
41566,877387
41567,746144
41568,144051
41569,947131
41570,202992
41571,395755
41572,437444
41573,404264
41574,963025
41575,269691
41576,452458
41577,871784
41578,973428
41579,987294
41580,655749
41581,556720
41582,820554
41583,470856
41584,880555
41585,493743
41586,548539
41587,520170
41588,293438
41589,372948
41590,901049
41591,369324
41592,280653
41593,515921
41594,717652
41595,953738
41596,481909
41597,281221
41598,360559
41599,535430
41600,255681
41601,884507
41602,174351
41603,505876
41604,148806
41605,651076
41606,897881
41607,287910
41608,650636
41609,180322
41610,497207
41611,994501
41612,216518
41613,794358
41614,942859
41615,694513
41616,881659
41617,216846
41618,750096
41619,457202
41620,463635
41621,632842
41622,866070
41623,678896
41624,372207
41625,311522
41626,719895
41627,311850
41628,198955
41629,111732
41630,663158
41631,833658
41632,387177
41633,802710
41634,775764
41635,826041
41636,150021
41637,816880
41638,130322
41639,928518
41640,328736
41641,315082
41642,206272
41643,439095
41644,824921
41645,576068
41646,544168
41647,820257
41648,270040
41649,794894
41650,995838
41651,973599
41652,470251
41653,786693
41654,612176
41655,195922
41656,202675
41657,572849
41658,118185
41659,620379
41660,538773
41661,126826
41662,605757
41663,177204
41664,629210
41665,274995
41666,790317
41667,501735
41668,876776
41669,868579
41670,453345
41671,737544
41672,228374
41673,437679
41674,754090
41675,884801
41676,323673
41677,730701
41678,508522
41679,211344
41680,249943
41681,871237
41682,302706
41683,974481
41684,795776
41685,940413
41686,145534
41687,410728
41688,878982
41689,887783
41690,401893
41691,374521
41692,318452
41693,235289
41694,276413
41695,307281
41696,877926
41697,746637
41698,267646
41699,168825
41700,604539
41701,152539
41702,529208
41703,846018
41704,194292
41705,335358
41706,325407
41707,852203
41708,475144
41709,186111
41710,721152
41711,279168
41712,409469
41713,679094
41714,400830
41715,156072
41716,695316
41717,974850
41718,600835
41719,703519
41720,600523
41721,783313
41722,172994
41723,921219
41724,290411
41725,536419
41726,807357
41727,289955
41728,867504
41729,431794
41730,600035
41731,354027
41732,423451
41733,377100
41734,141830
41735,791611
41736,623308
41737,385999
41738,669147
41739,353315
41740,832476
41741,191439
41742,999462
41743,953036
41744,961223
41745,482611
41746,313903
41747,568108
41748,760095
41749,313575
41750,205805
41751,473278
41752,631724
41753,133550
41754,701276
41755,454812
41756,669304
41757,499089
41758,916857
41759,473718
41760,692639
41761,524331
41762,818237
41763,617766
41764,733392
41765,128279
41766,200454
41767,719090
41768,857080
41769,918280
41770,346987
41771,592483
41772,495985
41773,176665
41774,595995
41775,691975
41776,630775
41777,261919
41778,546077
41779,454148
41780,578289
41781,577593
41782,392252
41783,267997
41784,145213
41785,657955
41786,691663
41787,806022
41788,707201
41789,151672
41790,755023
41791,714818
41792,894127
41793,739597
41794,302873
41795,259071
41796,145685
41797,913153
41798,443119
41799,469006
41800,748494
41801,411595
41802,665288
41803,436066
41804,965239
41805,644185
41806,895055
41807,732744
41808,479051
41809,149300
41810,757963
41811,400169
41812,897323
41813,319800
41814,959251
41815,809218
41816,520960
41817,233238
41818,766472
41819,241437
41820,918772
41821,686306
41822,338202
41823,355924
41824,304318
41825,504910
41826,471402
41827,575349
41828,994431
41829,425068
41830,671076
41831,607793
41832,523560
41833,892352
41834,315163
41835,406794
41836,900867
41837,535028
41838,639765
41839,230390
41840,543865
41841,632472
41842,785262
41843,741105
41844,588262
41845,178437
41846,987884
41847,780566
41848,382763
41849,588590
41850,309798
41851,138282
41852,187528
41853,531335
41854,395129
41855,519576
41856,862871
41857,862303
41858,530767
41859,972006
41860,771581
41861,421396
41862,798455
41863,492789
41864,421084
41865,220620
41866,990404
41867,177965
41868,911061
41869,429173
41870,236910
41871,761968
41872,654726
41873,722839
41874,853628
41875,954720
41876,202826
41877,708533
41878,730452
41879,861375
41880,351564
41881,177734
41882,821939
41883,274497
41884,115515
41885,376621
41886,537807
41887,193472
41888,192776
41889,893168
41890,507928
41891,404217
41892,654573
41893,437525
41894,477172
41895,342537
41896,621313
41897,949314
41898,146762
41899,780981
41900,879794
41901,973733
41902,602287
41903,941129
41904,418719
41905,493950
41906,828560
41907,357231
41908,988039
41909,251235
41910,836565
41911,126928
41912,284972
41913,188203
41914,477972
41915,187875
41916,326659
41917,848750
41918,526484
41919,892515
41920,816258
41921,230045
41922,361334
41923,708678
41924,166429
41925,589844
41926,977694
41927,274137
41928,992060
41929,498126
41930,422703
41931,288119
41932,950899
41933,616825
41934,720485
41935,851270
41936,280500
41937,734791
41938,188856
41939,270577
41940,304925
41941,347644
41942,933913
41943,906701
41944,775206
41945,995292
41946,914886
41947,891885
41948,760326
41949,314366
41950,859137
41951,431624
41952,535825
41953,868034
41954,222578
41955,599441
41956,465252
41957,254622
41958,917088
41959,751719
41960,978008
41961,661410
41962,385469
41963,223162
41964,925722
41965,240632
41966,514030
41967,649683
41968,951605
41969,488129
41970,401356
41971,641496
41972,533305
41973,943516
41974,800874
41975,905867
41976,464716
41977,782755
41978,215889
41979,869847
41980,997418
41981,665905
41982,261838
41983,219433
41984,176384
41985,307435
41986,747263
41987,789017
41988,404927
41989,921761
41990,654251
41991,729521
41992,396724
41993,763029
41994,729977
41995,316774
41996,461596
41997,310283
41998,366152
41999,125534
42000,195246
42001,764605
42002,724314
42003,435891
42004,478874
42005,844952
42006,201351
42007,125078
42008,974216
42009,226913
42010,218730
42011,381605
42012,913339
42013,460991
42014,402172
42015,887038
42016,652520
42017,724729
42018,713752
42019,619268
42020,964613
42021,340492
42022,933153
42023,572198
42024,564013
42025,401460
42026,756701
42027,219786
42028,577667
42029,358818
42030,770747
42031,500664
42032,411993
42033,596129
42034,308040
42035,235744
42036,645123
42037,436720
42038,922370
42039,955942
42040,964141
42041,618324
42042,208823
42043,189789
42044,521286
42045,641203
42046,232088
42047,155769
42048,363379
42049,719488
42050,759693
42051,994105
42052,388150
42053,496075
42054,782536
42055,141111
42056,303408
42057,347089
42058,591889
42059,782848
42060,380661
42061,774667
42062,899141
42063,640083
42064,282545
42065,849803
42066,606583
42067,129925
42068,290162
42069,362387
42070,908744
42071,222929
42072,970040
42073,141599
42074,705520
42075,341487
42076,764981
42077,444286
42078,409746
42079,269668
42080,494200
42081,356457
42082,697981
42083,872383
42084,138823
42085,795314
42086,655339
42087,813340
42088,682231
42089,716571
42090,963334
42091,395764
42092,537857
42093,805855
42094,861906
42095,211500
42096,722738
42097,621263
42098,300648
42099,938343
42100,467327
42101,597386
42102,177472
42103,413370
42104,383398
42105,578984
42106,698453
42107,793633
42108,296664
42109,741892
42110,379158
42111,976120
42112,304155
42113,189118
42114,433832
42115,320341
42116,480322
42117,857249
42118,512942
42119,525754
42120,950645
42121,744492
42122,466212
42123,386869
42124,247509
42125,214001
42126,552479
42127,907491
42128,254998
42129,497664
42130,968723
42131,352785
42132,575992
42133,598809
42134,808263
42135,399212
42136,769157
42137,329628
42138,866946
42139,839779
42140,305552
42141,791394
42142,701806
42143,465999
42144,833101
42145,544183
42146,198428
42147,953598
42148,560405
42149,647192
42150,150042
42151,647888
42152,526385
42153,439080
42154,315093
42155,561117
42156,709163
42157,906600
42158,694661
42159,347481
42160,915371
42161,907168
42162,497475
42163,541015
42164,457294
42165,481249
42166,311549
42167,520198
42168,127469
42169,364339
42170,897581
42171,399407
42172,311861
42173,762302
42174,847187
42175,484754
42176,324238
42177,467676
42178,746452
42179,659161
42180,779320
42181,667346
42182,169704
42183,998657
42184,545255
42185,252910
42186,274660
42187,285505
42188,234120
42189,188302
42190,602818
42191,170176
42192,451798
42193,494043
42194,795609
42195,443613
42196,349121
42197,594633
42198,587816
42199,981771
42200,628717
42201,794897
42202,428085
42203,837846
42204,715062
42205,244717
42206,509947
42207,674841
42208,806386
42209,412255
42210,460633
42211,358508
42212,738457
42213,909973
42214,384907
42215,672305
42216,365605
42217,194755
42218,863263
42219,326624
42220,671993
42221,539908
42222,510747
42223,618498
42224,340234
42225,389544
42226,626859
42227,443291
42228,218476
42229,940386
42230,904830
42231,465673
42232,455144
42233,385304
42234,669124
42235,984276
42236,550962
42237,786222
42238,567440
42239,197266
42240,737164
42241,709997
42242,230782
42243,899467
42244,522600
42245,151444
42246,424676
42247,751338
42248,380403
42249,913645
42250,111405
42251,783310
42252,985140
42253,582462
42254,223543
42255,993343
42256,362613
42257,231838
42258,189587
42259,199866
42260,733604
42261,232278
42262,440902
42263,181840
42264,669775
42265,935001
42266,495982
42267,801644
42268,573590
42269,321243
42270,400586
42271,890563
42272,339705
42273,918295
42274,533239
42275,898048
42276,189944
42277,577214
42278,141754
42279,175262
42280,984951
42281,692608
42282,999481
42283,522243
42284,859911
42285,610658
42286,572291
42287,195424
42288,644750
42289,724572
42290,886875
42291,510136
42292,680785
42293,933708
42294,365902
42295,732759
42296,145674
42297,589317
42298,357863
42299,603375
42300,389643
42301,419807
42302,171045
42303,956035
42304,437149
42305,244358
42306,509584
42307,483703
42308,729783
42309,428382
42310,235589
42311,846262
42312,877586
42313,789463
42314,691664
42315,351172
42316,299310
42317,392227
42318,546762
42319,797660
42320,222016
42321,945998
42322,274349
42323,344736
42324,474973
42325,590176
42326,598379
42327,221576
42328,647625
42329,728024
42330,615973
42331,858675
42332,157960
42333,607462
42334,735515
42335,848410
42336,205838
42337,337381
42338,315140
42339,694356
42340,794195
42341,873301
42342,741494
42343,994400
42344,934253
42345,793755
42346,642338
42347,188620
42348,817430
42349,148963
42350,857115
42351,616461
42352,320495
42353,198885
42354,375953
42355,846978
42356,485003
42357,323991
42358,396166
42359,930896
42360,955319
42361,437929
42362,508836
42363,115279
42364,910338
42365,143894
42366,383260
42367,597296
42368,308953
42369,177970
42370,789547
42371,938461
42372,698919
42373,868653
42374,395110
42375,453423
42376,643442
42377,611998
42378,620181
42379,757324
42380,327615
42381,573111
42382,218107
42383,987891
42384,795144
42385,664547
42386,580082
42387,356891
42388,462822
42389,356563
42390,138293
42391,269790
42392,556253
42393,689868
42394,981722
42395,348376
42396,588593
42397,924112
42398,402638
42399,681414
42400,888524
42401,202206
42402,394765
42403,765412
42404,519404
42405,162331
42406,426465
42407,835842
42408,564511
42409,461893
42410,828999
42411,502690
42412,912193
42413,348595
42414,636308
42415,941726
42416,697700
42417,762828
42418,730144
42419,612829
42420,847649
42421,922928
42422,813261
42423,184604
42424,485344
42425,691015
42426,553302
42427,143797
42428,579249
42429,459373
42430,659043
42431,790408
42432,220784
42433,379407
42434,784122
42435,583178
42436,471070
42437,449279
42438,304586
42439,270886
42440,233058
42441,565572
42442,720050
42443,950436
42444,557391
42445,149056
42446,213224
42447,883741
42448,790800
42449,386788
42450,632812
42451,991723
42452,876254
42453,255431
42454,247244
42455,590531
42456,983848
42457,157795
42458,677245
42459,184196
42460,761751
42461,438618
42462,322732
42463,535112
42464,164716
42465,450417
42466,140867
42467,793270
42468,975015
42469,346789
42470,935744
42471,120346
42472,232428
42473,925701
42474,898841
42475,190177
42476,487446
42477,711679
42478,432191
42479,841948
42480,679643
42481,819003
42482,525101
42483,951594
42484,591237
42485,423614
42486,700506
42487,591693
42488,984742
42489,159213
42490,815379
42491,281613
42492,728565
42493,336128
42494,859166
42495,314337
42496,514521
42497,816091
42498,921126
42499,406328
42500,684592
42501,840764
42502,737078
42503,957362
42504,393547
42505,644959
42506,486470
42507,125065
42508,435300
42509,311004
42510,589780
42511,410829
42512,503340
42513,657165
42514,781804
42515,871392
42516,707407
42517,571058
42518,290902
42519,236380
42520,212595
42521,845927
42522,645495
42523,324978
42524,392690
42525,299263
42526,453890
42527,460771
42528,691201
42529,445705
42530,307444
42531,499716
42532,852973
42533,814816
42534,806635
42535,645148
42536,837895
42537,483789
42538,805923
42539,404683
42540,546672
42541,227998
42542,577692
42543,691562
42544,468611
42545,990109
42546,307615
42547,445538
42548,585879
42549,554875
42550,630170
42551,657486
42552,746819
42553,586335
42554,299868
42555,837095
42556,125410
42557,652535
42558,479214
42559,154685
42560,510666
42561,125738
42562,162870
42563,863694
42564,610776
42565,688522
42566,358293
42567,940211
42568,773700
42569,982868
42570,250705
42571,498996
42572,254242
42573,623362
42574,214029
42575,175852
42576,447226
42577,751891
42578,777972
42579,133387
42580,718007
42581,952481
42582,768889
42583,891545
42584,684435
42585,527470
42586,370567
42587,150669
42588,913724
42589,834618
42590,424445
42591,496412
42592,975620
42593,215277
42594,881688
42595,450074
42596,249601
42597,416246
42598,566689
42599,331336
42600,200611
42601,312938
42602,208224
42603,818328
42604,278918
42605,128890
42606,200043
42607,330880
42608,269492
42609,301912
42610,409922
42611,587923
42612,470663
42613,153817
42614,803879
42615,394436
42616,485833
42617,704744
42618,924441
42619,341751
42620,318486
42621,658602
42622,467119
42623,458916
42624,637885
42625,869007
42626,698757
42627,790409
42628,203071
42629,430024
42630,708288
42631,292313
42632,813260
42633,754630
42634,342551
42635,813572
42636,654579
42637,236571
42638,931826
42639,805391
42640,396012
42641,674788
42642,368112
42643,707592
42644,512638
42645,766845
42646,843091
42647,958638
42648,950437
42649,441787
42650,933895
42651,173800
42652,750559
42653,934607
42654,496944
42655,962182
42656,615815
42657,848752
42658,727730
42659,808543
42660,568741
42661,589834
42662,221410
42663,667889
42664,422393
42665,668217
42666,575528
42667,884436
42668,717112
42669,122070
42670,919562
42671,848411
42672,386374
42673,134732
42674,305800
42675,937356
42676,712147
42677,188621
42678,534466
42679,180422
42680,338180
42681,951046
42682,809244
42683,794194
42684,165184
42685,671666
42686,694941
42687,749692
42688,737807
42689,972024
42690,220954
42691,444909
42692,413185
42693,790242
42694,629469
42695,300755
42696,972336
42697,938460
42698,654744
42699,192637
42700,861801
42701,612535
42702,647003
42703,813479
42704,922714
42705,501760
42706,656361
42707,636470
42708,829229
42709,170968
42710,748588
42711,911915
42712,765070
42713,854090
42714,511813
42715,284761
42716,327614
42717,227999
42718,939674
42719,658055
42720,219228
42721,989524
42722,115976
42723,475919
42724,846093
42725,562459
42726,963835
42727,366869
42728,291132
42729,675273
42730,613689
42731,343098
42732,244285
42733,989052
42734,940666
42735,871050
42736,302453
42737,419244
42738,258907
42739,555346
42740,688963
42741,571888
42742,479215
42743,855820
42744,563707
42745,811521
42746,845605
42747,684890
42748,328361
42749,676689
42750,648846
42751,166958
42752,385224
42753,800567
42754,415711
42755,792380
42756,591399
42757,345575
42758,850365
42759,148132
42760,759131
42761,208225
42762,312939
42763,330881
42764,472626
42765,141097
42766,424756
42767,164046
42768,295205
42769,703952
42770,354572
42771,704280
42772,111357
42773,380651
42774,827128
42775,339425
42776,850462
42777,711678
42778,331554
42779,649677
42780,890331
42781,935305
42782,914078
42783,783221
42784,504445
42785,416340
42786,248995
42787,670551
42788,834896
42789,464722
42790,559848
42791,205034
42792,370413
42793,281612
42794,567339
42795,536519
42796,214375
42797,743538
42798,254024
42799,785757
42800,377256
42801,828360
42802,357431
42803,268602
42804,145626
42805,913102
42806,349940
42807,442856
42808,137753
42809,739850
42810,358143
42811,531892
42812,427686
42813,732495
42814,294071
42815,706478
42816,125504
42817,803681
42818,855655
42819,887179
42820,925335
42821,586549
42822,947506
42823,665903
42824,831272
42825,870145
42826,739050
42827,970781
42828,604951
42829,956243
42830,316792
42831,291487
42832,329462
42833,322583
42834,398854
42835,535283
42836,229617
42837,859107
42838,900812
42839,735435
42840,945822
42841,624020
42842,907657
42843,776874
42844,297810
42845,883878
42846,441601
42847,149243
42848,865728
42849,734251
42850,959196
42851,766919
42852,148531
42853,280024
42854,512708
42855,817350
42856,873093
42857,742254
42858,216699
42859,417632
42860,248215
42861,942718
42862,216243
42863,347480
42864,934077
42865,775754
42866,553765
42867,501041
42868,659160
42869,690484
42870,467677
42871,738270
42872,360235
42873,771834
42874,798192
42875,458782
42876,309001
42877,745757
42878,153163
42879,244906
42880,342701
42881,716401
42882,211342
42883,529504
42884,646794
42885,395422
42886,861552
42887,170177
42888,556301
42889,912378
42890,740854
42891,794896
42892,390895
42893,681909
42894,924579
42895,965700
42896,365410
42897,854427
42898,435097
42899,210286
42900,556134
42901,663952
42902,138822
42903,911449
42904,196335
42905,672797
42906,530923
42907,619750
42908,434234
42909,957732
42910,210637
42911,812853
42912,285227
42913,539432
42914,162763
42915,965935
42916,486096
42917,260751
42918,830327
42919,822140
42920,780186
42921,789648
42922,383399
42923,628911
42924,177473
42925,169290
42926,421552
42927,637092
42928,813341
42929,376546
42930,245513
42931,334085
42932,570092
42933,931363
42934,508375
42935,284363
42936,245185
42937,716242
42938,233394
42939,726347
42940,400269
42941,915137
42942,139477
42943,471502
42944,749766
42945,347187
42946,872742
42947,934358
42948,802531
42949,347899
42950,593907
42951,139805
42952,808262
42953,616094
42954,632380
42955,448463
42956,305714
42957,113449
42958,175065
42959,946165
42960,143101
42961,991987
42962,598808
42963,544277
42964,907490
42965,497665
42966,864549
42967,850895
42968,687872
42969,312345
42970,566554
42971,810720
42972,362783
42973,783012
42974,626521
42975,388698
42976,464515
42977,257401
42978,416645
42979,943771
42980,882283
42981,550768
42982,215710
42983,121642
42984,129825
42985,465067
42986,543059
42987,246618
42988,823970
42989,214198
42990,584828
42991,376953
42992,631162
42993,983023
42994,656405
42995,451322
42996,580807
42997,974124
42998,796477
42999,494911
43000,419806
43001,589004
43002,989126
43003,442425
43004,366471
43005,235116
43006,478621
43007,714356
43008,563521
43009,964769
43010,644167
43011,445657
43012,789462
43013,420670
43014,666166
43015,359374
43016,921966
43017,212331
43018,367463
43019,124785
43020,528973
43021,629834
43022,778679
43023,268200
43024,261282
43025,577868
43026,971375
43027,638601
43028,446330
43029,963882
43030,837847
43031,860726
43032,852541
43033,562378
43034,653767
43035,374991
43036,244716
43037,436983
43038,715775
43039,194282
43040,518129
43041,635041
43042,940971
43043,547392
43044,879440
43045,820089
43046,250497
43047,503447
43048,904831
43049,268672
43050,461168
43051,811984
43052,340931
43053,293901
43054,803091
43055,518929
43056,186881
43057,117489
43058,159646
43059,313746
43060,815968
43061,121409
43062,405835
43063,431788
43064,446946
43065,591862
43066,984605
43067,916492
43068,377106
43069,265208
43070,700641
43071,465672
43072,298716
43073,660942
43074,473547
43075,918141
43076,890209
43077,339859
43078,208504
43079,898978
43080,890793
43081,835050
43082,132851
43083,782599
43084,141048
43085,882120
43086,415782
43087,783311
43088,271835
43089,873923
43090,476477
43091,839476
43092,612803
43093,516826
43094,931109
43095,730870
43096,699218
43097,830137
43098,789854
43099,658613
43100,413117
43101,274496
43102,587428
43103,746352
43104,220782
43105,659069
43106,779420
43107,910711
43108,637290
43109,266883
43110,902524
43111,300399
43112,803896
43113,485846
43114,957986
43115,887834
43116,511225
43117,318473
43118,572682
43119,690105
43120,904020
43121,663646
43122,871608
43123,996237
43124,872048
43125,772215
43126,251234
43127,689521
43128,349029
43129,217742
43130,744931
43131,297975
43132,598046
43133,776719
43134,632818
43135,506636
43136,919934
43137,481645
43138,848751
43139,281429
43140,139547
43141,417037
43142,601342
43143,296727
43144,132056
43145,633306
43146,582876
43147,407680
43148,919382
43149,441764
43150,338616
43151,967767
43152,347742
43153,934259
43154,296572
43155,818112
43156,919101
43157,180441
43158,678432
43159,926974
43160,557810
43161,552635
43162,791213
43163,668493
43164,266168
43165,466304
43166,576404
43167,945560
43168,305815
43169,229695
43170,708908
43171,920285
43172,858341
43173,323345
43174,866542
43175,157974
43176,681595
43177,843900
43178,364644
43179,520017
43180,681139
43181,820721
43182,471027
43183,588263
43184,987173
43185,871891
43186,674448
43187,516473
43188,315778
43189,211592
43190,153477
43191,404371
43192,152909
43193,342443
43194,722270
43195,821521
43196,383234
43197,553707
43198,972007
43199,229134
43200,869371
43201,360165
43202,579524
43203,359469
43204,169767
43205,421085
43206,789557
43207,552995
43208,876856
43209,286464
43210,680949
43211,125436
43212,933864
43213,326191
43214,933152
43215,243394
43216,510676
43217,209198
43218,788371
43219,250247
43220,948390
43221,349512
43222,258884
43223,124188
43224,893972
43225,537315
43226,922371
43227,755188
43228,185831
43229,955943
43230,814134
43231,396510
43232,517695
43233,236073
43234,675286
43235,930240
43236,838609
43237,428850
43238,384140
43239,739230
43240,699775
43241,137101
43242,666259
43243,420763
43244,546670
43245,392783
43246,831068
43247,877750
43248,446132
43249,979882
43250,910170
43251,388151
43252,303409
43253,550869
43254,504257
43255,993776
43256,906209
43257,541974
43258,388863
43259,513100
43260,371121
43261,287579
43262,649401
43263,641202
43264,362938
43265,810125
43266,513668
43267,408677
43268,818310
43269,759692
43270,551733
43271,883246
43272,465606
43273,298458
43274,264446
43275,464910
43276,832012
43277,874733
43278,823815
43279,623388
43280,114178
43281,960692
43282,917258
43283,328374
43284,841033
43285,640082
43286,536243
43287,559444
43288,440169
43289,648849
43290,676230
43291,669024
43292,423016
43293,272798
43294,377271
43295,978009
43296,254039
43297,936894
43298,849633
43299,641009
43300,490728
43301,431625
43302,606933
43303,111497
43304,592251
43305,882029
43306,670536
43307,264125
43308,257207
43309,834895
43310,472902
43311,380247
43312,363033
43313,232434
43314,441058
43315,558615
43316,850121
43317,641497
43318,189495
43319,488128
43320,721339
43321,282691
43322,806230
43323,729520
43324,283275
43325,152416
43326,343942
43327,392996
43328,878045
43329,253636
43330,307434
43331,586210
43332,460797
43333,261127
43334,294056
43335,366153
43336,340398
43337,956772
43338,714098
43339,427121
43340,913105
43341,627399
43342,226755
43343,302793
43344,581569
43345,268581
43346,419032
43347,258279
43348,988680
43349,411163
43350,304494
43351,881297
43352,140137
43353,224879
43354,934050
43355,505686
43356,173645
43357,826040
43358,520216
43359,897275
43360,609025
43361,866071
43362,711709
43363,311523
43364,240645
43365,434141
43366,455800
43367,221839
43368,135042
43369,386184
43370,945793
43371,506238
43372,344943
43373,693627
43374,753562
43375,883897
43376,632648
43377,969646
43378,150020
43379,183784
43380,130323
43381,361421
43382,569288
43383,866623
43384,489948
43385,315083
43386,122832
43387,280871
43388,202674
43389,844205
43390,812169
43391,619922
43392,394337
43393,538772
43394,139058
43395,579645
43396,741153
43397,636920
43398,470250
43399,217340
43400,508067
43401,621498
43402,715942
43403,707757
43404,838982
43405,334521
43406,516264
43407,367957
43408,193403
43409,211345
43410,853348
43411,152732
43412,923028
43413,452648
43414,391384
43415,637392
43416,501038
43417,946897
43418,990484
43419,177917
43420,587294
43421,359932
43422,972798
43423,484583
43424,376573
43425,754184
43426,245214
43427,484911
43428,861900
43429,323891
43430,658788
43431,221119
43432,188155
43433,765667
43434,162772
43435,723916
43436,949650
43437,178622
43438,348852
43439,780717
43440,579926
43441,972989
43442,448464
43443,667967
43444,969413
43445,575974
43446,254984
43447,143074
43448,693264
43449,753393
43450,447768
43451,230221
43452,288839
43453,130736
43454,962376
43455,727476
43456,953739
43457,191624
43458,165677
43459,906965
43460,934345
43461,505405
43462,826323
43463,671511
43464,541418
43465,463634
43466,702715
43467,165349
43468,720821
43469,557640
43470,320331
43471,926788
43472,157004
43473,319875
43474,489119
43475,272463
43476,660666
43477,701277
43478,700821
43479,875167
43480,465532
43481,376934
43482,121653
43483,514782
43484,527562
43485,718555
43486,282378
43487,648419
43488,361952
43489,129526
43490,774832
43491,263332
43492,742748
43493,913816
43494,670361
43495,132999
43496,542564
43497,850896
43498,935567
43499,865266
43500,759294
43501,513270
43502,729185
43503,613788
43504,806023
43505,536721
43506,921969
43507,116581
43508,437123
43509,852809
43510,476074
43511,885925
43512,683951
43513,428352
43514,335452
43515,193878
43516,445966
43517,877580
43518,454149
43519,261918
43520,770248
43521,822309
43522,351194
43523,596690
43524,778435
43525,531578
43526,925073
43527,286066
43528,117069
43529,845128
43530,870631
43531,787937
43532,781347
43533,146396
43534,989145
43535,547636
43536,895269
43537,925234
43538,619220
43539,572150
43540,912547
43541,949183
43542,982099
43543,310448
43544,827813
43545,696398
43546,137916
43547,547423
43548,419498
43549,302707
43550,381813
43551,343868
43552,185398
43553,846019
43554,721865
43555,762926
43556,291386
43557,645587
43558,335671
43559,929809
43560,638046
43561,901192
43562,797353
43563,971376
43564,224225
43565,634094
43566,263631
43567,464191
43568,249550
43569,140335
43570,320870
43571,200300
43572,521622
43573,898421
43574,240011
43575,279169
43576,313253
43577,278601
43578,810332
43579,899005
43580,167392
43581,214794
43582,584968
43583,883711
43584,141519
43585,669146
43586,799793
43587,542759
43588,129181
43589,768126
43590,522614
43591,841296
43592,867505
43593,535978
43594,640843
43595,490578
43596,514997
43597,718768
43598,614572
43599,559693
43600,182958
43601,515176
43602,122243
43603,430446
43604,198553
43605,360862
43606,677186
43607,206170
43608,134937
43609,265970
43610,414468
43611,112654
43612,694056
43613,113350
43614,265274
43615,969525
43616,297942
43617,157300
43618,711814
43619,557424
43620,616793
43621,897704
43622,448520
43623,994612
43624,262362
43625,907045
43626,471073
43627,976862
43628,266914
43629,308549
43630,220295
43631,143754
43632,771710
43633,847318
43634,613162
43635,334370
43636,839133
43637,193504
43638,730143
43639,561928
43640,636331
43641,996268
43642,390763
43643,502685
43644,655476
43645,196040
43646,572715
43647,531148
43648,241870
43649,812050
43650,713237
43651,611586
43652,966152
43653,573411
43654,126960
43655,740377
43656,556258
43657,786676
43658,821016
43659,594727
43660,888728
43661,118416
43662,373382
43663,242541
43664,210049
43665,293540
43666,704957
43667,467450
43668,383979
43669,274698
43670,392160
43671,453392
43672,579557
43673,578861
43674,421428
43675,587046
43676,444883
43677,245061
43678,192579
43679,861783
43680,538444
43681,674481
43682,396217
43683,119488
43684,557779
43685,287804
43686,233270
43687,642333
43688,180472
43689,776101
43690,505510
43691,793764
43692,826184
43693,583518
43694,355956
43695,900899
43696,769736
43697,534996
43698,489516
43699,329169
43700,848421
43701,368894
43702,206585
43703,858636
43704,615962
43705,191507
43706,752802
43707,213436
43708,134330
43709,907950
43710,352348
43711,991863
43712,479561
43713,710755
43714,767342
43715,239739
43716,312477
43717,993745
43718,574171
43719,450085
43720,215250
43721,975675
43722,793570
43723,303376
43724,295195
43725,905480
43726,327775
43727,676263
43728,648880
43729,684460
43730,728225
43731,439680
43732,648312
43733,528025
43734,921458
43735,890990
43736,736866
43737,668714
43738,134140
43739,875012
43740,584952
43741,591385
43742,944895
43743,974688
43744,469140
43745,656529
43746,879295
43747,571854
43748,234528
43749,764222
43750,155338
43751,713784
43752,468084
43753,822902
43754,971648
43755,997729
43756,299875
43757,613639
43758,367587
43759,715280
43760,437016
43761,436688
43762,885822
43763,509149
43764,806612
43765,894005
43766,729650
43767,484154
43768,491568
43769,261158
43770,699445
43771,168235
43772,978984
43773,350762
43774,878388
43775,771056
43776,436411
43777,374859
43778,428208
43779,528746
43780,282722
43781,381222
43782,411194
43783,461628
43784,665401
43785,773904
43786,665073
43787,258574
43788,451349
43789,357385
43790,302824
43791,443166
43792,469503
43793,540489
43794,887221
43795,811860
43796,755806
43797,619087
43798,563374
43799,285826
43800,326501
43801,182525
43802,841419
43803,961334
43804,928986
43805,908419
43806,473991
43807,752271
43808,984145
43809,465220
43810,701101
43811,898542
43812,679652
43813,521485
43814,525074
43815,951573
43816,207924
43817,522181
43818,286937
43819,155954
43820,232403
43821,641840
43822,913512
43823,662370
43824,943988
43825,380278
43826,966803
43827,703621
43828,542356
43829,634557
43830,774976
43831,670113
43832,835494
43833,873799
43834,943548
43835,981812
43836,636889
43837,452129
43838,973631
43839,602165
43840,259570
43841,949776
43842,787437
43843,911628
43844,765865
43845,573273
43846,477510
43847,812200
43848,341619
43849,731789
43850,798158
43851,658478
43852,220221
43853,220917
43854,467683
43855,877056
43856,868875
43857,923061
43858,620883
43859,612696
43860,516673
43861,161406
43862,184729
43863,233191
43864,557826
43865,338155
43866,918789
43867,650439
43868,557514
43869,726742
43870,851420
43871,441663
43872,826009
43873,662686
43874,968103
43875,224846
43876,111700
43877,304463
43878,561122
43879,735477
43880,131066
43881,361452
43882,639716
43883,900154
43884,289733
43885,158254
43886,527046
43887,598149
43888,694162
43889,589966
43890,693594
43891,915900
43892,490078
43893,337832
43894,183458
43895,314697
43896,560193
43897,954210
43898,130705
43899,901017
43900,884539
43901,344613
43902,584140
43903,414421
43904,701498
43905,576271
43906,702194
43907,945411
43908,448497
43909,474384
43910,983054
43911,977647
43912,884211
43913,642927
43914,364135
43915,734590
43916,189057
43917,241543
43918,741947
43919,541387
43920,802525
43921,794326
43922,783836
43923,417333
43924,976071
43925,915199
43926,625385
43927,379873
43928,388074
43929,934376
43930,601358
43931,741619
43932,821642
43933,659341
43934,771431
43935,545403
43936,391570
43937,544947
43938,392026
43939,266683
43940,260785
43941,931357
43942,237044
43943,861933
43944,375828
43945,722373
43946,202960
43947,334139
43948,123585
43949,395723
43950,805160
43951,556688
43952,821154
43953,452426
43954,723949
43955,844007
43956,341784
43957,210675
43958,931893
43959,394539
43960,672803
43961,284893
43962,153910
43963,657923
43964,830479
43965,453868
43966,770281
43967,666120
43968,638228
43969,261623
43970,700204
43971,578257
43972,822988
43973,428385
43974,729736
43975,517228
43976,396941
43977,885892
43978,343670
43979,317023
43980,886348
43981,283059
43982,375634
43983,291256
43984,194495
43985,595475
43986,555478
43987,218168
43988,878797
43989,819756
43990,827943
43991,451268
43992,905002
43993,137534
43994,268501
43995,619422
43996,340630
43997,117100
43998,286619
43999,532115
44000,325756
44001,201590
44002,732776
44003,539728
44004,672173
44005,564151
44006,321740
44007,129495
44008,282411
44009,121308
44010,406230
44011,717874
44012,728787
44013,648714
44014,891420
44015,327909
44016,551854
44017,599720
44018,298305
44019,631108
44020,133518
44021,353640
44022,181708
44023,725555
44024,533192
44025,679421
44026,231938
44027,513567
44028,719386
44029,600648
44030,449623
44031,782418
44032,550278
44033,906106
44034,711546
44035,925824
44036,278632
44037,525224
44038,926280
44039,432314
44040,566351
44041,189612
44042,223496
44043,742422
44044,132101
44045,874293
44046,458039
44047,835028
44048,303297
44049,582089
44050,248871
44051,204910
44052,684157
44053,899964
44054,362082
44055,196709
44056,961420
44057,159648
44058,614981
44059,482992
44060,936429
44061,423155
44062,298722
44063,832508
44064,751869
44065,984299
44066,415280
44067,630831
44068,603579
44069,664907
44070,268734
44071,665475
44072,494698
44073,419467
44074,461702
44075,604019
44076,310417
44077,469901
44078,965436
44079,326623
44080,671942
44081,680141
44082,531760
44083,845514
44084,340989
44085,510444
44086,373777
44087,427242
44088,358483
44089,176978
44090,500297
44091,779073
44092,822639
44093,683053
44094,151859
44095,838177
44096,707530
44097,930552
44098,366842
44099,814862
44100,653817
44101,802579
44102,262669
44103,387308
44104,934638
44105,633316
44106,164874
44107,750590
44108,379111
44109,379439
44110,834103
44111,933926
44112,686974
44113,919400
44114,650338
44115,330381
44116,958607
44117,711833
44118,608589
44119,119732
44120,241225
44121,255791
44122,297929
44123,221379
44124,753110
44125,198534
44126,535144
44127,150144
44128,616302
44129,816317
44130,406622
44131,122708
44132,523956
44133,489816
44134,564543
44135,118060
44136,812741
44137,804558
44138,539352
44139,611613
44140,126959
44141,673261
44142,234002
44143,888556
44144,139190
44145,996275
44146,973138
44147,579769
44148,820388
44149,594515
44150,911785
44151,251228
44152,146805
44153,879757
44154,170642
44155,698252
44156,404166
44157,715810
44158,682246
44159,762860
44160,275126
44161,877221
44162,972210
44163,999251
44164,391260
44165,300953
44166,605296
44167,821900
44168,376441
44169,813446
44170,861312
44171,334678
44172,954719
44173,315836
44174,135413
44175,493058
44176,876806
44177,690700
44178,780033
44179,383292
44180,275421
44181,391479
44182,771522
44183,333182
44184,672902
44185,530800
44186,652177
44187,681101
44188,619645
44189,723328
44190,285360
44191,372817
44192,756900
44193,804773
44194,364634
44195,643410
44196,485963
44197,326999
44198,348408
44199,179186
44200,588561
44201,602619
44202,452591
44203,269822
44204,636439
44205,794848
44206,942037
44207,548414
44208,301274
44209,627924
44210,668091
44211,466366
44212,213411
44213,414320
44214,832884
44215,858331
44216,848442
44217,130612
44218,962508
44219,568559
44220,490235
44221,866840
44222,158688
44223,728056
44224,549037
44225,505529
44226,662864
44227,463198
44228,633415
44229,775538
44230,355947
44231,433714
44232,889815
44233,480472
44234,441585
44235,311564
44236,557060
44237,958948
44238,464944
44239,272587
44240,113908
44241,640676
44242,929198
44243,321641
44244,728694
44245,346406
44246,504631
44247,263200
44248,574148
44249,457977
44250,464408
44251,634113
44252,257506
44253,513722
44254,240300
44255,818800
44256,649351
44257,362884
44258,536597
44259,124194
44260,831074
44261,788869
44262,692098
44263,228030
44264,739232
44265,803043
44266,855525
44267,340531
44268,194866
44269,688994
44270,988565
44271,179836
44272,905103
44273,495468
44274,696737
44275,940635
44276,350142
44277,243039
44278,680608
44279,435268
44280,540502
44281,163197
44282,427655
44283,572018
44284,209019
44285,187034
44286,845423
44287,243607
44288,811395
44289,949051
44290,595933
44291,390138
44292,806816
44293,316761
44294,475717
44295,755305
44296,212123
44297,194161
44298,964473
44299,571026
44300,894857
44301,869864
44302,500460
44303,989214
44304,354958
44305,415933
44306,424118
44307,464315
44308,687856
44309,617984
44310,208611
44311,710935
44312,488190
44313,533254
44314,898873
44315,591725
44316,692337
44317,800381
44318,455026
44319,353902
44320,874936
44321,167852
44322,507580
44323,214342
44324,536550
44325,369668
44326,431671
44327,768562
44328,674231
44329,931233
44330,152738
44331,716368
44332,923490
44333,508061
44334,682868
44335,893045
44336,123261
44337,754069
44338,962693
44339,274628
44340,821814
44341,351689
44342,605386
44343,300835
44344,637422
44345,821502
44346,220906
44347,629221
44348,888406
44349,519870
44350,705211
44351,486298
44352,673695
44353,259877
44354,904144
44355,995777
44356,462047
44357,452158
44358,981803
44359,217282
44360,410073
44361,502584
44362,787442
44363,981475
44364,872180
44365,494075
44366,744807
44367,576123
44368,455750
44369,353114
44370,221873
44371,583864
44372,945855
44373,247126
44374,369656
44375,122150
44376,769486
44377,808644
44378,677679
44379,961749
44380,256885
44381,872556
44382,601210
44383,449125
44384,549244
44385,793962
44386,783528
44387,505248
44388,216666
44389,593593
44390,702894
44391,934484
44392,889350
44393,642587
44394,726729
44395,663330
44396,986681
44397,881604
44398,833838
44399,225082
44400,575472
44401,216569
44402,471535
44403,663018
44404,817988
44405,919225
44406,720195
44407,207548
44408,616599
44409,686183
44410,148857
44411,809351
44412,213969
44413,305371
44414,552183
44415,858793
44416,527282
44417,430240
44418,607356
44419,677004
44420,816492
44421,717675
44422,337279
44423,560790
44424,195590
44425,395260
44426,162794
44427,812820
44428,564774
44429,812508
44430,126526
44431,705488
44432,251021
44433,443798
44434,579944
44435,903283
44436,740540
44437,871767
44438,277839
44439,674324
44440,838675
44441,569349
44442,922817
44443,655307
44444,508734
44445,955181
44446,452989
44447,779635
44448,252013
44449,864156
44450,652397
44451,243270
44452,531524
44453,672178
44454,389347
44455,302574
44456,375173
44457,116115
44458,852855
44459,193896
44460,930116
44461,638219
44462,500213
44463,176366
44464,877618
44465,700211
44466,215743
44467,751521
44468,782413
44469,257368
44470,133049
44471,743338
44472,263762
44473,574078
44474,223356
44475,263322
44476,303997
44477,215159
44478,881794
44479,582261
44480,641078
44481,926524
44482,432590
44483,558384
44484,208690
44485,200177
44486,711182
44487,700843
44488,167093
44489,669255
44490,377488
44491,415116
44492,499558
44493,874601
44494,336441
44495,491471
44496,231165
44497,841477
44498,849678
44499,859631
44500,559896
44501,514784
44502,405505
44503,114669
44504,414951
44505,799759
44506,669156
44507,874754
44508,970270
44509,551642
44510,622651
44511,841326
44512,736612
44513,482407
44514,684130
44515,920692
44516,405866
44517,684714
44518,491172
44519,929463
44520,835331
44521,380699
44522,943385
44523,172341
44524,670668
44525,263993
44526,650142
44527,321424
44528,609401
44529,156055
44530,679489
44531,566352
44532,959931
44533,479823
44534,409410
44535,475191
44536,282823
44537,653798
44538,963851
44539,325096
44540,630435
44541,901822
44542,268169
44543,554634
44544,855092
44545,714558
44546,195115
44547,200906
44548,294628
44549,427253
44550,956896
44551,478751
44552,435454
44553,652550
44554,996431
44555,664916
44556,503478
44557,948553
44558,879033
44559,688819
44560,276906
44561,827803
44562,315873
44563,184330
44564,885562
44565,722237
44566,437972
44567,342472
44568,275328
44569,779668
44570,938856
44571,300135
44572,300719
44573,946603
44574,745648
44575,822202
44576,854782
44577,723733
44578,426231
44579,162573
44580,364551
44581,896281
44582,765170
44583,162245
44584,932045
44585,966433
44586,836316
44587,854070
44588,462747
44589,270187
44590,689273
44591,911959
44592,786614
44593,655709
44594,915503
44595,266203
44596,422438
44597,799429
44598,497863
44599,937784
44600,221685
44601,744683
44602,413925
44603,551952
44604,945659
44605,213502
44606,323002
44607,481965
44608,647604
44609,685736
44610,685152
44611,560753
44612,430735
44613,130665
44614,534934
44615,995029
44616,165180
44617,131792
44618,256049
44619,624857
44620,448801
44621,793830
44622,416773
44623,934160
44624,387858
44625,224533
44626,280253
44627,818083
44628,897353
44629,287870
44630,488590
44631,505743
44632,802182
44633,425317
44634,601685
44635,574644
44636,132027
44637,633273
44638,906671
44639,625074
44640,694594
44641,448586
44642,608528
44643,189202
44644,566257
44645,950801
44646,149053
44647,526046
44648,372023
44649,311354
44650,489261
44651,319537
44652,157238
44653,576156
44654,744832
44655,422277
44656,174708
44657,345014
44658,544696
44659,466496
44660,238324
44661,685323
44662,892417
44663,735245
44664,158422
44665,206800
44666,196418
44667,723126
44668,619851
44669,530502
44670,373679
44671,887929
44672,341643
44673,987437
44674,781015
44675,409918
44676,502751
44677,655414
44678,260034
44679,452313
44680,278027
44681,981252
44682,880152
44683,813232
44684,570177
44685,674712
44686,569737
44687,342635
44688,830170
44689,177700
44690,220357
44691,467155
44692,597742
44693,467483
44694,877304
44695,821273
44696,910612
44697,260586
44698,972271
44699,644898
44700,724280
44701,855251
44702,340429
44703,510228
44704,925419
44705,518431
44706,627364
44707,226720
44708,974409
44709,302178
44710,310377
44711,589153
44712,852019
44713,621605
44714,212166
44715,654281
44716,838361
44717,335854
44718,614118
44719,483859
44720,236009
44721,283368
44722,796856
44723,901721
44724,878014
44725,909466
44726,666523
44727,546406
44728,695812
44729,450316
44730,600339
44731,264158
44732,960404
44733,400742
44734,917619
44735,313212
44736,850530
44737,758860
44738,926384
44739,641466
44740,874981
44741,414720
44742,792107
44743,599867
44744,314268
44745,760420
44746,322455
44747,328638
44748,230841
44749,482888
44750,377023
44751,591451
44752,970074
44753,345939
44754,985008
44755,543581
44756,936062
44757,543125
44758,298865
44759,175761
44760,590995
44761,415083
44762,841002
44763,807622
44764,314103
44765,327709
44766,132958
44767,263861
44768,905546
44769,695719
44770,985936
44771,662091
44772,504682
44773,416139
44774,975737
44775,263293
44776,371154
44777,890060
44778,759079
44779,767276
44780,287544
44781,199958
44782,925971
44783,371482
44784,558879
44785,850697
44786,193935
44787,721075
44788,683454
44789,814165
44790,763732
44791,964175
44792,491801
44793,350667
44794,724635
44795,732816
44796,518844
44797,796667
44798,137998
44799,226819
44800,179433
44801,442623
44802,556006
44803,948749
44804,912657
44805,948421
44806,988616
44807,165710
44808,504982
44809,379243
44810,549506
44811,934754
44812,686138
44813,642861
44814,865823
44815,711957
44816,265641
44817,222087
44818,166246
44819,113053
44820,753298
44821,808250
44822,288804
44823,361157
44824,954144
44825,526631
44826,685586
44827,717310
44828,639237
44829,765568
44830,643509
44831,572600
44832,862799
44833,732068
44834,812873
44835,531295
44836,636656
44837,655847
44838,301117
44839,161183
44840,805226
44841,839302
44842,620666
44843,152980
44844,420868
44845,545337
44846,659407
44847,203569
44848,537623
44849,612634
44850,839661
44851,185107
44852,115683
44853,169053
44854,659108
44855,177238
44856,421231
44857,519211
44858,854831
44859,373525
44860,923927
44861,565008
44862,210194
44863,202009
44864,293375
44865,382032
44866,628056
44867,973693
44868,138649
44869,143338
44870,883930
44871,790999
44872,816786
44873,314464
44874,808601
44875,360806
44876,808017
44877,206242
44878,561056
44879,816218
44880,976366
44881,111638
44882,387083
44883,968165
44884,968493
44885,540970
44886,802108
44887,942282
44888,347428
44889,817778
44890,650829
44891,241326
44892,726108
44893,265092
44894,465780
44895,473983
44896,692830
44897,751807
44898,585635
44899,970307
44900,799826
44901,398324
44902,431128
44903,606732
44904,397628
44905,920617
44906,648995
44907,204844
44908,662426
44909,695414
44910,592746
44911,164195
44912,993930
44913,935247
44914,905811
44915,464220
44916,450486
44917,566285
44918,287465
44919,513534
44920,119829
44921,641992
44922,405423
44923,283218
44924,645552
44925,325045
44926,428672
44927,860290
44928,236443
44929,814468
44930,151921
44931,375419
44932,528786
44933,244624
44934,546524
44935,350930
44936,789185
44937,779011
44938,446214
44939,699909
44940,971283
44941,939519
44942,261654
44943,680519
44944,956861
44945,117389
44946,510822
44947,610420
44948,310483
44949,302296
44950,494632
44951,774120
44952,268796
44953,180208
44954,948500
44955,145436
44956,201212
44957,864193
44958,540378
44959,117038
44960,155186
44961,311152
44962,218802
44963,696646
44964,904608
44965,773195
44966,204060
44967,291322
44968,528633
44969,343292
44970,316629
44971,922586
44972,645339
44973,675783
44974,428323
44975,729802
44976,384669
44977,778856
44978,253814
44979,460367
44980,577627
44981,145247
44982,132396
44983,873684
44984,704478
44985,592073
44986,140583
44987,662257
44988,380133
44989,581856
44990,163848
44991,573675
44992,263695
44993,240203
44994,687540
44995,864601
44996,432987
44997,711251
44998,810652
44999,128373
45000,231560
45001,312421
45002,480121
45003,718992
45004,141767
45005,385734
45006,800057
45007,883447
45008,591585
45009,346089
45010,196940
45011,129885
45012,150602
45013,717936
45014,921482
45015,891030
45016,397983
45017,230504
45018,736922
45019,780651
45020,981104
45021,309395
45022,941975
45023,773032
45024,494240
45025,580440
45026,502443
45027,556223
45028,673292
45029,681167
45030,126662
45031,932050
45032,426528
45033,629438
45034,597330
45035,228794
45036,698949
45037,722922
45038,476898
45039,245016
45040,569597
45041,484385
45042,123430
45043,517069
45044,437963
45045,958886
45046,712112
45047,534433
45048,400212
45049,720315
45050,441979
45051,512886
45052,686239
45053,926850
45054,843411
45055,225218
45056,967723
45057,671697
45058,633037
45059,463132
45060,976616
45061,304651
45062,749599
45063,270823
45064,717147
45065,560294
45066,527178
45067,639392
45068,130238
45069,708944
45070,927842
45071,122493
45072,497880
45073,221986
45074,884700
45075,274383
45076,660282
45077,413946
45078,983273
45079,833534
45080,134375
45081,323078
45082,289258
45083,130845
45084,149514
45085,206087
45086,237603
45087,961581
45088,448125
45089,969576
45090,632718
45091,466527
45092,969120
45093,575563
45094,174243
45095,213570
45096,824406
45097,377925
45098,720408
45099,442128
45100,726265
45101,241163
45102,156897
45103,189197
45104,865561
45105,565542
45106,188869
45107,927521
45108,809692
45109,526017
45110,720080
45111,180686
45112,256909
45113,784024
45114,794458
45115,968000
45116,496979
45117,671418
45118,789794
45119,821966
45120,177723
45121,990674
45122,830149
45123,260597
45124,902400
45125,228889
45126,869100
45127,597745
45128,790506
45129,484682
45130,324182
45131,963253
45132,368475
45133,922962
45134,438176
45135,847683
45136,931729
45137,323742
45138,461863
45139,748836
45140,178907
45141,409889
45142,911851
45143,854338
45144,803908
45145,731298
45146,326782
45147,804492
45148,162425
45149,307806
45150,979645
45151,253624
45152,870242
45153,909445
45154,554610
45155,276346
45156,367317
45157,814369
45158,886024
45159,845829
45160,397057
45161,645397
45162,603484
45163,870730
45164,940474
45165,782150
45166,145593
45167,595287
45168,349847
45169,589182
45170,358044
45171,435918
45172,836846
45173,317947
45174,286231
45175,362117
45176,439934
45177,648526
45178,921156
45179,336810
45180,321856
45181,929359
45182,176101
45183,254691
45184,353508
45185,831955
45186,353836
45187,385472
45188,114141
45189,175405
45190,977957
45191,474074
45192,278671
45193,339330
45194,566880
45195,200362
45196,850101
45197,558243
45198,148396
45199,239949
45200,279111
45201,389096
45202,943585
45203,549898
45204,634592
45205,504350
45206,172805
45207,625699
45208,320715
45209,513072
45210,890067
45211,147471
45212,312840
45213,321027
45214,433150
45215,960224
45216,128792
45217,592548
45218,943682
45219,550825
45220,906141
45221,661660
45222,282572
45223,921391
45224,439773
45225,952515
45226,559400
45227,567587
45228,335881
45229,921063
45230,166989
45231,669375
45232,272961
45233,944802
45234,551297
45235,455315
45236,222308
45237,912654
45238,788463
45239,411404
45240,380944
45241,547826
45242,635155
45243,389147
45244,956531
45245,479116
45246,117131
45247,811618
45248,680841
45249,811178
45250,486735
45251,235189
45252,797444
45253,253211
45254,554777
45255,979230
45256,219895
45257,746785
45258,822827
45259,219199
45260,939057
45261,831008
45262,212858
45263,436621
45264,675682
45265,848578
45266,406989
45267,130764
45268,607294
45269,735683
45270,407301
45271,717281
45272,456615
45273,744526
45274,344240
45275,785321
45276,505961
45277,222104
45278,712642
45279,127532
45280,407853
45281,766671
45282,442049
45283,481000
45284,950551
45285,757772
45286,919291
45287,139446
45288,986291
45289,749733
45290,463270
45291,425571
45292,256148
45293,602011
45294,304249
45295,663392
45296,797944
45297,780281
45298,779569
45299,938957
45300,135877
45301,955247
45302,922755
45303,237409
45304,569415
45305,962988
45306,762039
45307,923211
45308,885079
45309,853691
45310,689684
45311,444188
45312,301802
45313,697887
45314,795344
45315,170441
45316,987691
45317,410168
45318,862360
45319,757396
45320,187471
45321,341829
45322,162728
45323,539467
45324,202405
45325,301385
45326,225859
45327,697788
45328,382031
45329,748958
45330,820884
45331,740757
45332,957484
45333,318671
45334,530987
45335,285475
45336,932811
45337,195887
45338,530659
45339,169026
45340,452692
45341,135526
45342,637796
45343,453276
45344,413051
45345,946277
45346,561447
45347,283915
45348,161003
45349,292096
45350,429841
45351,570340
45352,280435
45353,232562
45354,809574
45355,766316
45356,959167
45357,734280
45358,497129
45359,131870
45360,593659
45361,783594
45362,703268
45363,457260
45364,355632
45365,158323
45366,130415
45367,816781
45368,481707
45369,184156
45370,685486
45371,962143
45372,945917
45373,624119
45374,112873
45375,273950
45376,297465
45377,799171
45378,624447
45379,759017
45380,951794
45381,610035
45382,864997
45383,533502
45384,128001
45385,609339
45386,331059
45387,890826
45388,966772
45389,801381
45390,774511
45391,793198
45392,913551
45393,415813
45394,111439
45395,935248
45396,129249
45397,807688
45398,676579
45399,322042
45400,398315
45401,920630
45402,314169
45403,182994
45404,231380
45405,675883
45406,214902
45407,591765
45408,273296
45409,141947
45410,785796
45411,936824
45412,700546
45413,577463
45414,499279
45415,254553
45416,623281
45417,414885
45418,824234
45419,751776
45420,547363
45421,773439
45422,904404
45423,469272
45424,747536
45425,948491
45426,904732
45427,451570
45428,532389
45429,402256
45430,844895
45431,764538
45432,366223
45433,163205
45434,863357
45435,837276
45436,965473
45437,435828
45438,822578
45439,997925
45440,605134
45441,738555
45442,947691
45443,193601
45444,212651
45445,721845
45446,244039
45447,509265
45448,654188
45449,755345
45450,814491
45451,343432
45452,860317
45453,194185
45454,518034
45455,578188
45456,788861
45457,746907
45458,877680
45459,586375
45460,308111
45461,830546
45462,160454
45463,484317
45464,721630
45465,754994
45466,982924
45467,250761
45468,226414
45469,547656
45470,503127
45471,748467
45472,179276
45473,310695
45474,195330
45475,518353
45476,365868
45477,239284
45478,999515
45479,397384
45480,129418
45481,952441
45482,465096
45483,499492
45484,936155
45485,246585
45486,785959
45487,507695
45488,752075
45489,978420
45490,142096
45491,622866
45492,744200
45493,609616
45494,120745
45495,320625
45496,488301
45497,582199
45498,985405
45499,472099
45500,670437
45501,133115
45502,626162
45503,215805
45504,826601
45505,416827
45506,248524
45507,347339
45508,165834
45509,540869
45510,671032
45511,906490
45512,574945
45513,296169
45514,217064
45515,663547
45516,557743
45517,557159
45518,851057
45519,520596
45520,927339
45521,642401
45522,232834
45523,865947
45524,319844
45525,255527
45526,937422
45527,221643
45528,833503
45529,344107
45530,113617
45531,274414
45532,526755
45533,280747
45534,808382
45535,534952
45536,607397
45537,736144
45538,836322
45539,538904
45540,284699
45541,373498
45542,844521
45543,723427
45544,854720
45545,681510
45546,924208
45547,804806
45548,781186
45549,309882
45550,444295
45551,470374
45552,773001
45553,259735
45554,697420
45555,972890
45556,309426
45557,981073
45558,911521
45559,410275
45560,185084
45561,655122
45562,476867
45563,722891
45564,698980
45565,467334
45566,789608
45567,779690
45568,177593
45569,351923
45570,587098
45571,300121
45572,971962
45573,368050
45574,682925
45575,530000
45576,342173
45577,237201
45578,516743
45579,203133
45580,861576
45581,708226
45582,790475
45583,746285
45584,360403
45585,902433
45586,903145
45587,391927
45588,545054
45589,699151
45590,169489
45591,690948
45592,629748
45593,712865
45594,318548
45595,511140
45596,681805
45597,539323
45598,394830
45599,326751
45600,803941
45601,210326
45602,418755
45603,636375
45604,357171
45605,594168
45606,178938
45607,879854
45608,828932
45609,945766
45610,776346
45611,598083
45612,883806
45613,790867
45614,414128
45615,840177
45616,858907
45617,560932
45618,238282
45619,816350
45620,866776
45621,497010
45622,601707
45623,825495
45624,987019
45625,783473
45626,549741
45627,140174
45628,112218
45629,139590
45630,825951
45631,758268
45632,678678
45633,609254
45634,865592
45635,766783
45636,399574
45637,232993
45638,474107
45639,792085
45640,273163
45641,385505
45642,498716
45643,576996
45644,167175
45645,353805
45646,744184
45647,577324
45648,743472
45649,631329
45650,799958
45651,692954
45652,182401
45653,849596
45654,993806
45655,966895
45656,670485
45657,550627
45658,751123
45659,592166
45660,172836
45661,574412
45662,279142
45663,156550
45664,363076
45665,339363
45666,371279
45667,120409
45668,890705
45669,687195
45670,204347
45671,715215
45672,244188
45673,922165
45674,653631
45675,317426
45676,253009
45677,460704
45678,299196
45679,578428
45680,665965
45681,350366
45682,446338
45683,116929
45684,402379
45685,286262
45686,925397
45687,610872
45688,705828
45689,294461
45690,763945
45691,837127
45692,208920
45693,117257
45694,996958
45695,302172
45696,974015
45697,634969
45698,258234
45699,250033
45700,781743
45701,310359
45702,748099
45703,276851
45704,436100
45705,714380
45706,618896
45707,510601
45708,243359
45709,652924
45710,756041
45711,925630
45712,374204
45713,435532
45714,713796
45715,186714
45716,194897
45717,982807
45718,819946
45719,878603
45720,913383
45721,411109
45722,419310
45723,827433
45724,171228
45725,904484
45726,146235
45727,503244
45728,212371
45729,860525
45730,707175
45731,570706
45732,204624
45733,484166
45734,428455
45735,861093
45736,212827
45737,683848
45738,509089
45739,116042
45740,529077
45741,578071
45742,554480
45743,989462
45744,467976
45745,446185
45746,219166
45747,789294
45748,546611
45749,167996
45750,140707
45751,380585
45752,132520
45753,634794
45754,600134
45755,873552
45756,542595
45757,943715
45758,128825
45759,810192
45760,711383
45761,617920
45762,524493
45763,371492
45764,687408
45765,524805
45766,120314
45767,312545
45768,710687
45769,200672
45770,128497
45771,287494
45772,231436
45773,874672
45774,385602
45775,936000
45776,415061
45777,214094
45778,752536
45779,473744
45780,831641
45781,397523
45782,736798
45783,960745
45784,607203
45785,205579
45786,483101
45787,476793
45788,753821
45789,284297
45790,931425
45791,367715
45792,122997
45793,192645
45794,291914
45795,853074
45796,391662
45797,698390
45798,637158
45799,351753
45800,467956
45801,877335
45802,383461
45803,910899
45804,453590
45805,327054
45806,932481
45807,651648
45808,154498
45809,854650
45810,713072
45811,242603
45812,539042
45813,804276
45814,162113
45815,426683
45816,656145
45817,594913
45818,418322
45819,903184
45820,794681
45821,973352
45822,580547
45823,949711
45824,134836
45825,466863
45826,113059
45827,552540
45828,247446
45829,175003
45830,875908
45831,668002
45832,727841
45833,281305
45834,229848
45835,962325
45836,569086
45837,524038
45838,337180
45839,727529
45840,417353
45841,942935
45842,296019
45843,994897
45844,873388
45845,833869
45846,256181
45847,457134
45848,775595
45849,633502
45850,703086
45851,449389
45852,248438
45853,489154
45854,240947
45855,766702
45856,287994
45857,926745
45858,633845
45859,131575
45860,994802
45861,505611
45862,140084
45863,574512
45864,995130
45865,456901
45866,311926
45867,156794
45868,865666
45869,959134
45870,809543
45871,127406
45872,520261
45873,950365
45874,557494
45875,481186
45876,142620
45877,448230
45878,824837
45879,456429
45880,465932
45881,386589
45882,497960
45883,876071
45884,344882
45885,915904
45886,112840
45887,506147
45888,198039
45889,569237
45890,157850
45891,816228
45892,561054
45893,677708
45894,329396
45895,757726
45896,242368
45897,234187
45898,896574
45899,765909
45900,486393
45901,426264
45902,394996
45903,681975
45904,651499
45905,373219
45906,470199
45907,879700
45908,912312
45909,217705
45910,872087
45911,996202
45912,357257
45913,708152
45914,152769
45915,562126
45916,516341
45917,613356
45918,972707
45919,938063
45920,771184
45921,637325
45922,452725
45923,467615
45924,659098
45925,186947
45926,209058
45927,965440
45928,572075
45929,366254
45930,671930
45931,895352
45932,478844
45933,116859
45934,739386
45935,581414
45936,774102
45937,381736
45938,948522
45939,688848
45940,381408
45941,997092
45942,236453
45943,509880
45944,404825
45945,754808
45946,721812
45947,622185
45948,963944
45949,860788
45950,675474
45951,630464
45952,870393
45953,412188
45954,989711
45955,415844
45956,380792
45957,751273
45958,172374
45959,354903
45960,874313
45961,834984
45962,842477
45963,679146
45964,642038
45965,733999
45966,951763
45967,719301
45968,649525
45969,148279
45970,692832
45971,306837
45972,133273
45973,908941
45974,669063
45975,222612
45976,576862
45977,831816
45978,298070
45979,744002
45980,385371
45981,254128
45982,785829
45983,752201
45984,527868
45985,648989
45986,205530
45987,182331
45988,483020
45989,322011
45990,454848
45991,792516
45992,473642
45993,978717
45994,577277
45995,970518
45996,205745
45997,841134
45998,929727
45999,768896
46000,432005
46001,961179
46002,482671
46003,648822
46004,943833
46005,257339
46006,542521
46007,743369
46008,600316
46009,905990
46010,826880
46011,975869
46012,320592
46013,959667
46014,189883
46015,842630
46016,711277
46017,567184
46018,767840
46019,128899
46020,232062
46021,714782
46022,614153
46023,397041
46024,124723
46025,894523
46026,194499
46027,316963
46028,921900
46029,253312
46030,412095
46031,358724
46032,971590
46033,925444
46034,510515
46035,478687
46036,427829
46037,706109
46038,125907
46039,350055
46040,819352
46041,419740
46042,258411
46043,381507
46044,179877
46045,323411
46046,866476
46047,615601
46048,685121
46049,761504
46050,515424
46051,535423
46052,174910
46053,344116
46054,752833
46055,825291
46056,265522
46057,576470
46058,221652
46059,799460
46060,776686
46061,266234
46062,945938
46063,660228
46064,977150
46065,590836
46066,857159
46067,533847
46068,199281
46069,319867
46070,188560
46071,489063
46072,889187
46073,650613
46074,241046
46075,942394
46076,986167
46077,975902
46078,541202
46079,702467
46080,300686
46081,444848
46082,308301
46083,123416
46084,716797
46085,403737
46086,404433
46087,753720
46088,324043
46089,674514
46090,786583
46091,277897
46092,655740
46093,179086
46094,780629
46095,656308
46096,410300
46097,556617
46098,548418
46099,493654
46100,795220
46101,154095
46102,242446
46103,511768
46104,888827
46105,619521
46106,765139
46107,932388
46108,511440
46109,269857
46110,941762
46111,269545
46112,409887
46113,588294
46114,364877
46115,731732
46116,187808
46117,403034
46118,210313
46119,319107
46120,731292
46121,611681
46122,643725
46123,578597
46124,360396
46125,459313
46126,383019
46127,877273
46128,444635
46129,991012
46130,876561
46131,990700
46132,391912
46133,135650
46134,545025
46135,169486
46136,579309
46137,730804
46138,762200
46139,861591
46140,376686
46141,754587
46142,520416
46143,481031
46144,858084
46145,650270
46146,512547
46147,407746
46148,442158
46149,775269
46150,296349
46151,462921
46152,775853
46153,825920
46154,716814
46155,314619
46156,535060
46157,230110
46158,534748
46159,866759
46160,206137
46161,238293
46162,598676
46163,255387
46164,945785
46165,213172
46166,247640
46167,552282
46168,898445
46169,687756
46170,440424
46171,719784
46172,207959
46173,313181
46174,513965
46175,371280
46176,140831
46177,215826
46178,985626
46179,993809
46180,801505
46181,905928
46182,704046
46183,223697
46184,415937
46185,439432
46186,952726
46187,514437
46188,921210
46189,606303
46190,523078
46191,768590
46192,121510
46193,700422
46194,223225
46195,977947
46196,993009
46197,883463
46198,377333
46199,916715
46200,141367
46201,222513
46202,218946
46203,302147
46204,795769
46205,469404
46206,410769
46207,487122
46208,116958
46209,714032
46210,845019
46211,870236
46212,699478
46213,412345
46214,629933
46215,779160
46216,586600
46217,419962
46218,715216
46219,922154
46220,645419
46221,291522
46222,366627
46223,204324
46224,838392
46225,536834
46226,621572
46227,721401
46228,846579
46229,630542
46230,877812
46231,578056
46232,137167
46233,666321
46234,491832
46235,998346
46236,596522
46237,500019
46238,253221
46239,729241
46240,236139
46241,852345
46242,375107
46243,885853
46244,335524
46245,940271
46246,303072
46247,461052
46248,819957
46249,380974
46250,268996
46251,258510
46252,957061
46253,510614
46254,895614
46255,964678
46256,365992
46257,845232
46258,490945
46259,522797
46260,483074
46261,336639
46262,361752
46263,768493
46264,522469
46265,190974
46266,431592
46267,272567
46268,984409
46269,751951
46270,371515
46271,433088
46272,566781
46273,835246
46274,354641
46275,346458
46276,272031
46277,550807
46278,782475
46279,581755
46280,464484
46281,452065
46282,664325
46283,772580
46284,656142
46285,795374
46286,556787
46287,444194
46288,664013
46289,794662
46290,580572
46291,564370
46292,210576
46293,854629
46294,843908
46295,162710
46296,520105
46297,966586
46298,188089
46299,844364
46300,284862
46301,467947
46302,308471
46303,275227
46304,492556
46305,605973
46306,971807
46307,359965
46308,228670
46309,946480
46310,383794
46311,629306
46312,690890
46313,484973
46314,114785
46315,753794
46316,529750
46317,922813
46318,342355
46319,620635
46320,861254
46321,237407
46322,441399
46323,232743
46324,766009
46325,533997
46326,189154
46327,433908
46328,720887
46329,616683
46330,407827
46331,632905
46332,593838
46333,347814
46334,216909
46335,216453
46336,694906
46337,379778
46338,872827
46339,296580
46340,709076
46341,407355
46342,280590
46343,192002
46344,735741
46345,398840
46346,776532
46347,575908
46348,456601
46349,875931
46350,624234
46351,174980
46352,515705
46353,323202
46354,489886
46355,534630
46356,158285
46357,735838
46358,716980
46359,482141
46360,407120
46361,527013
46362,166628
46363,142595
46364,247778
46365,378377
46366,983302
46367,273952
46368,353062
46369,598574
46370,233092
46371,520850
46372,566122
46373,608651
46374,897649
46375,866133
46376,897209
46377,976647
46378,347397
46379,471288
46380,695057
46381,497439
46382,601094
46383,873176
46384,702930
46385,165068
46386,505308
46387,605366
46388,169652
46389,453282
46390,998749
46391,902988
46392,938648
46393,771183
46394,885450
46395,620848
46396,839628
46397,429871
46398,333875
46399,516642
46400,429543
46401,862181
46402,730638
46403,748960
46404,579711
46405,548755
46406,410477
46407,365375
46408,210227
46409,713420
46410,242399
46411,564729
46412,195857
46413,572914
46414,643327
46415,307930
46416,468750
46417,586010
46418,392468
46419,770529
46420,491753
46421,654162
46422,763556
46423,160091
46424,517476
46425,894343
46426,405390
46427,627263
46428,443335
46429,739365
46430,940350
46431,635132
46432,494601
46433,171282
46434,879373
46435,442639
46436,146165
46437,555542
46438,326588
46439,756303
46440,117420
46441,340310
46442,478819
46443,518532
46444,540560
46445,332693
46446,849433
46447,640777
46448,197326
46449,190511
46450,321988
46451,840922
46452,867899
46453,729051
46454,264557
46455,222603
46456,591203
46457,175969
46458,585602
46459,345763
46460,465749
46461,223043
46462,353960
46463,543405
46464,254127
46465,487664
46466,725491
46467,758999
46468,626287
46469,943461
46470,975497
46471,827252
46472,873886
46473,424048
46474,634468
46475,424632
46476,834999
46477,573857
46478,248900
46479,440761
46480,818870
46481,409173
46482,960100
46483,733331
46484,232033
46485,687509
46486,759668
46487,856435
46488,441201
46489,600619
46490,592416
46491,472789
46492,826583
46493,380428
46494,354795
46495,669715
46496,567719
46497,676790
46498,406197
46499,527936
46500,313508
46501,859539
46502,891519
46503,196973
46504,970177
46505,669243
46506,423419
46507,272397
46508,551173
46509,389279
46510,603771
46511,469637
46512,878766
46513,996696
46514,460870
46515,268470
46516,773794
46517,619517
46518,209694
46519,713953
46520,401925
46521,811750
46522,393742
46523,374737
46524,680389
46525,117703
46526,971153
46527,420707
46528,136637
46529,692036
46530,350544
46531,324863
46532,291603
46533,955415
46534,316660
46535,930104
46536,838441
46537,429002
46538,613854
46539,891058
46540,336448
46541,491446
46542,398011
46543,849783
46544,473648
46545,591557
46546,693009
46547,473336
46548,307172
46549,944363
46550,385762
46551,926533
46552,156237
46553,200512
46554,371020
46555,759665
46556,864637
46557,626121
46558,249130
46559,670430
46560,495927
46561,223949
46562,132360
46563,496639
46564,750864
46565,392314
46566,789390
46567,630705
46568,770631
46569,922622
46570,860933
46571,729838
46572,675811
46573,396323
46574,375604
46575,948883
46576,912783
46577,796517
46578,389274
46579,781996
46580,894985
46581,571666
46582,532213
46583,724173
46584,572378
46585,294206
46586,393411
46587,518690
46588,125897
46589,226622
46590,469283
46591,819689
46592,117417
46593,155061
46594,340307
46595,572081
46596,732589
46597,163702
46598,540565
46599,895330
46600,340891
46601,887145
46602,554043
46603,500271
46604,788525
46605,545840
46606,454441
46607,299036
46608,136731
46609,412166
46610,979188
46611,894794
46612,613552
46613,325465
46614,846412
46615,436911
46616,404803
46617,683083
46618,204443
46619,706916
46620,894338
46621,147941
46622,759322
46623,120569
46624,850684
46625,321513
46626,521681
46627,711124
46628,479798
46629,240076
46630,758994
46631,513498
46632,890169
46633,835450
46634,775068
46635,783255
46636,914044
46637,495708
46638,290021
46639,515058
46640,282150
46641,406491
46642,439351
46643,190506
46644,230695
46645,214405
46646,786295
46647,246377
46648,353965
46649,576836
46650,473947
46651,984645
46652,306247
46653,650857
46654,865688
46655,329862
46656,433490
46657,408245
46658,857947
46659,355595
46660,417264
46661,111666
46662,448724
46663,165065
46664,709234
46665,149643
46666,526440
46667,761716
46668,615781
46669,953967
46670,482136
46671,608166
46672,305921
46673,134413
46674,799224
46675,255268
46676,575690
46677,876093
46678,693564
46679,884278
46680,174114
46681,506169
46682,143310
46683,356699
46684,217275
46685,277597
46686,787339
46687,349080
46688,602779
46689,357267
46690,888367
46691,327223
46692,426954
46693,202741
46694,126436
46695,911170
46696,745797
46697,266422
46698,637335
46699,360307
46700,220819
46701,690540
46702,467589
46703,790379
46704,963124
46705,839625
46706,484811
46707,730307
46708,395462
46709,885455
46710,923091
46711,161304
46712,771329
46713,251924
46714,910889
46715,690895
46716,772041
46717,846945
46718,203390
46719,613021
46720,484512
46721,930995
46722,762436
46723,123559
46724,754255
46725,594939
46726,880621
46727,443887
46728,452068
46729,579857
46730,635932
46731,348219
46732,556094
46733,786472
46734,277814
46735,781090
46736,202398
46737,486024
46738,210013
46739,153936
46740,931923
46741,966591
46742,920096
46743,685622
46744,867035
46745,569060
46746,361185
46747,315367
46748,884573
46749,174409
46750,784730
46751,791120
46752,552518
46753,623783
46754,785298
46755,344203
46756,632420
46757,735184
46758,958759
46759,288296
46760,927435
46761,311759
46762,207557
46763,720186
46764,521212
46765,734488
46766,582986
46767,593835
46768,934726
46769,633476
46770,834463
46771,416923
46772,505466
46773,940266
46774,366437
46775,518808
46776,672113
46777,201058
46778,724087
46779,209257
46780,318051
46781,680882
46782,563619
46783,869626
46784,578061
46785,253928
46786,253216
46787,666324
46788,261419
46789,396441
46790,763760
46791,806578
46792,861119
46793,683858
46794,814777
46795,243885
46796,232158
46797,148220
46798,918516
46799,524831
46800,856836
46801,710661
46802,472226
46803,172629
46804,994175
46805,573557
46806,670308
46807,626035
46808,183096
46809,841670
46810,840974
46811,960755
46812,336634
46813,483079
46814,439782
46815,970678
46816,832075
46817,936026
46818,133458
46819,499621
46820,909126
46821,345535
46822,214684
46823,246128
46824,936594
46825,454752
46826,336785
46827,718213
46828,369789
46829,841389
46830,159156
46831,474081
46832,415468
46833,785669
46834,498694
46835,599839
46836,970461
46837,353503
46838,978646
46839,864868
46840,734095
46841,432814
46842,331186
46843,960432
46844,850502
46845,524732
46846,890699
46847,513960
46848,355063
46849,504045
46850,416268
46851,140498
46852,164661
46853,873761
46854,586149
46855,220071
46856,797268
46857,604551
46858,997484
46859,770966
46860,638571
46861,204321
46862,212522
46863,509720
46864,436757
46865,204009
46866,290831
46867,763419
46868,547490
46869,819539
46870,469401
46871,145538
46872,250467
46873,913046
46874,546922
46875,739482
46876,532260
46877,194592
46878,487127
46879,672466
46880,235493
46881,803313
46882,200713
46883,340457
46884,187107
46885,383022
46886,659002
46887,308515
46888,738108
46889,169155
46890,421689
46891,391917
46892,545028
46893,579304
46894,629742
46895,501531
46896,123326
46897,715867
46898,813204
46899,754590
46900,403575
46901,284042
46902,772144
46903,451637
46904,871991
46905,996298
46906,988097
46907,278063
46908,844112
46909,620455
46910,318542
46911,118101
46912,154185
46913,486233
46914,202119
46915,966254
46916,426864
46917,365440
46918,126870
46919,723090
46920,477594
46921,329236
46922,686055
46923,761094
46924,515086
46925,337439
46926,616215
46927,858881
46928,858569
46929,848680
46930,238288
46931,735273
46932,884364
46933,544668
46934,667817
46935,498496
46936,991666
46937,221370
46938,414122
46939,784963
46940,378550
46941,207636
46942,711904
46943,897742
46944,127942
46945,720419
46946,131999
46947,633245
46948,463492
46949,750471
46950,942164
46951,304987
46952,224346
46953,189021
46954,287834
46955,525657
46956,512845
46957,720712
46958,311669
46959,149362
46960,433283
46961,958877
46962,139319
46963,355546
46964,457670
46965,497355
46966,986874
46967,271124
46968,549404
46969,919634
46970,816559
46971,130637
46972,322974
46973,198292
46974,900493
46975,769126
46976,920218
46977,590137
46978,413889
46979,915467
46980,945943
46981,353010
46982,255221
46983,937756
46984,502416
46985,871828
46986,995433
46987,772443
46988,170312
46989,218018
46990,897013
46991,530697
46992,844531
46993,341260
46994,713168
46995,434392
46996,932385
46997,896317
46998,731962
46999,862929
47000,699006
47001,169824
47002,990338
47003,383885
47004,910995
47005,779696
47006,444853
47007,853234
47008,185062
47009,620772
47010,152842
47011,673823
47012,202764
47013,612903
47014,429107
47015,367811
47016,538410
47017,449582
47018,458477
47019,774888
47020,513198
47021,759206
47022,120133
47023,898118
47024,321181
47025,432992
47026,287089
47027,521837
47028,524402
47029,441195
47030,785611
47031,214585
47032,599761
47033,970203
47034,499144
47035,298296
47036,936503
47037,543708
47038,824037
47039,567741
47040,336023
47041,129894
47042,856049
47043,705776
47044,187181
47045,724178
47046,714291
47047,494968
47048,740252
47049,450677
47050,781435
47051,250213
47052,860954
47053,235523
47054,375267
47055,212964
47056,622031
47057,536777
47058,236235
47059,367392
47060,483633
47061,878236
47062,307555
47063,604801
47064,979328
47065,739196
47066,267908
47067,546700
47068,267340
47069,770648
47070,910264
47071,630702
47072,806324
47073,236448
47074,193637
47075,517502
47076,160649
47077,436344
47078,770867
47079,596265
47080,445941
47081,878583
47082,460575
47083,427611
47084,200876
47085,764510
47086,478385
47087,956806
47088,532353
47089,503504
47090,250566
47091,180171
47092,828213
47093,451542
47094,635110
47095,665594
47096,988906
47097,133276
47098,832389
47099,743567
47100,577427
47101,377173
47102,661313
47103,345785
47104,752204
47105,254133
47106,336380
47107,614644
47108,527865
47109,920594
47110,675855
47111,197332
47112,899533
47113,121038
47114,849099
47115,783240
47116,882063
47117,774475
47118,834989
47119,573883
47120,224185
47121,582064
47122,695373
47123,380341
47124,503880
47125,440520
47126,409380
47127,758989
47128,641339
47129,810956
47130,320830
47131,566326
47132,875754
47133,667660
47134,624411
47135,413967
47136,983324
47137,694251
47138,447531
47139,552754
47140,784430
47141,265777
47142,455712
47143,816225
47144,369566
47145,323224
47146,866663
47147,157855
47148,523424
47149,859044
47150,407114
47151,527039
47152,216308
47153,625659
47154,505614
47155,942649
47156,216636
47157,566128
47158,434053
47159,557947
47160,280407
47161,180560
47162,245285
47163,682458
47164,620842
47165,762672
47166,123859
47167,292132
47168,237102
47169,646861
47170,160975
47171,437750
47172,691131
47173,220228
47174,275050
47175,738201
47176,932135
47177,333001
47178,722999
47179,153636
47180,373222
47181,651502
47182,326880
47183,365037
47184,987564
47185,217252
47186,780886
47187,277570
47188,663740
47189,787348
47190,749426
47191,594575
47192,372877
47193,117915
47194,318848
47195,210570
47196,804273
47197,836189
47198,201801
47199,958379
47200,652109
47201,923719
47202,118355
47203,138753
47204,795380
47205,689712
47206,382920
47207,580550
47208,697915
47209,762003
47210,716181
47211,153447
47212,508304
47213,813402
47214,467953
47215,597764
47216,221159
47217,169229
47218,579054
47219,228644
47220,629280
47221,131665
47222,417356
47223,976502
47224,270713
47225,540794
47226,872801
47227,817954
47228,408513
47229,919263
47230,338737
47231,642526
47232,233461
47233,857319
47234,407817
47235,824739
47236,915630
47237,497734
47238,745122
47239,876361
47240,969373
47241,247443
47242,900392
47243,130080
47244,490023
47245,858831
47246,527316
47247,368701
47248,816394
47249,369397
47250,615441
47251,325271
47252,204189
47253,282992
47254,956031
47255,621941
47256,316500
47257,822799
47258,459782
47259,261428
47260,420803
47261,869933
47262,764231
47263,933808
47264,374201
47265,389879
47266,226544
47267,974617
47268,357659
47269,469229
47270,748005
47271,913378
47272,555285
47273,819239
47274,982490
47275,974289
47276,635191
47277,389183
47278,917330
47279,585289
47280,447164
47281,464982
47282,984971
47283,551789
47284,568271
47285,736467
47286,431930
47287,648905
47288,239146
47289,482768
47290,150731
47291,728592
47292,406037
47293,943278
47294,792915
47295,215651
47296,542598
47297,263822
47298,232129
47299,842553
47300,487739
47301,679926
47302,279304
47303,140805
47304,380175
47305,662299
47306,581898
47307,573697
47308,905242
47309,294921
47310,264165
47311,132622
47312,670168
47313,935374
47314,132294
47315,975401
47316,331621
47317,767100
47318,525163
47319,370818
47320,918144
47321,725915
47322,181348
47323,513975
47324,306402
47325,692247
47326,273166
47327,661499
47328,917049
47329,849009
47330,182404
47331,313711
47332,759959
47333,648554
47334,567404
47335,737136
47336,322476
47337,328013
47338,867411
47339,999854
47340,239425
47341,718674
47342,559791
47343,336198
47344,614478
47345,518436
47346,619062
47347,724939
47348,318231
47349,478219
47350,531955
47351,374298
47352,401670
47353,294128
47354,788128
47355,171442
47356,664968
47357,795747
47358,870766
47359,595315
47360,656771
47361,627359
47362,316735
47363,715210
47364,152376
47365,160563
47366,335829
47367,204022
47368,683246
47369,956180
47370,475371
47371,721379
47372,797259
47373,577969
47374,789056
47375,276318
47376,384887
47377,162397
47378,704687
47379,333499
47380,712868
47381,887874
47382,681800
47383,888458
47384,681344
47385,713324
47386,538742
47387,780324
47388,548659
47389,697634
47390,146707
47391,628497
47392,820746
47393,217118
47394,284509
47395,404128
47396,115114
47397,184666
47398,762762
47399,429967
47400,570234
47401,438148
47402,999221
47403,605918
47404,637234
47405,746280
47406,444609
47407,467488
47408,991038
47409,980759
47410,779788
47411,391922
47412,270944
47413,505212
47414,356198
47415,574607
47416,872624
47417,462931
47418,907100
47419,670806
47420,802237
47421,497599
47422,270504
47423,976807
47424,866293
47425,441852
47426,180714
47427,888850
47428,712247
47429,832633
47430,575599
47431,632162
47432,977295
47433,983918
47434,213606
47435,344973
47436,624545
47437,506708
47438,799069
47439,386722
47440,544075
47441,716820
47442,191745
47443,158445
47444,130545
47445,770010
47446,206115
47447,551979
47448,668125
47449,777020
47450,387017
47451,221646
47452,166375
47453,991758
47454,134667
47455,414230
47456,977124
47457,693490
47458,927814
47459,900954
47460,323401
47461,848476
47462,205896
47463,369231
47464,481942
47465,198283
47466,741424
47467,355525
47468,575276
47469,549067
47470,270787
47471,173324
47472,549379
47473,616523
47474,207016
47475,320425
47476,766545
47477,766105
47478,865950
47479,342515
47480,115209
47481,284214
47482,716079
47483,516385
47484,646612
47485,745611
47486,822145
47487,445282
47488,629402
47489,797798
47490,971967
47491,453025
47492,910404
47493,383322
47494,252081
47495,351926
47496,530710
47497,862214
47498,611344
47499,896290
47500,162614
47501,187601
47502,854725
47503,973463
47504,138355
47505,636529
47506,217461
47507,880456
47508,410278
47509,773785
47510,581225
47511,443031
47512,913273
47513,411571
47514,940710
47515,714258
47516,564207
47517,618766
47518,531459
47519,518684
47520,125943
47521,487224
47522,427481
47523,365865
47524,886844
47525,435666
47526,563495
47527,619462
47528,947333
47529,384647
47530,630671
47531,657555
47532,902034
47533,491961
47534,453812
47535,227907
47536,299337
47537,822364
47538,729112
47539,645641
47540,683294
47541,244449
47542,846289
47543,476115
47544,683990
47545,814653
47546,763196
47547,182108
47548,649906
47549,810062
47550,567220
47551,488296
47552,128367
47553,649338
47554,513167
47555,312447
47556,634676
47557,993587
47558,742693
47559,985400
47560,905706
47561,397389
47562,129423
47563,929691
47564,841098
47565,307162
47566,599096
47567,701220
47568,423360
47569,777441
47570,167154
47571,883437
47572,113673
47573,376863
47574,205566
47575,528144
47576,815878
47577,230681
47578,709898
47579,736547
47580,999733
47581,961492
47582,129580
47583,231377
47584,527832
47585,614613
47586,254100
47587,345752
47588,551581
47589,114602
47590,175962
47591,970329
47592,385975
47593,759020
47594,147931
47595,409037
47596,286779
47597,416392
47598,993936
47599,495714
47600,541886
47601,783273
47602,140374
47603,797392
47604,546502
47605,637991
47606,307241
47607,691420
47608,168705
47609,261644
47610,846010
47611,475832
47612,204453
47613,860752
47614,404861
47615,683125
47616,219075
47617,450879
47618,495354
47619,828180
47620,988163
47621,443388
47622,965036
47623,863920
47624,705978
47625,714161
47626,563276
47627,209486
47628,714617
47629,293995
47630,764543
47631,427642
47632,821433
47633,691098
47634,453273
47635,537613
47636,516633
47637,476670
47638,880312
47639,689586
47640,655966
47641,494012
47642,872115
47643,740752
47644,655510
47645,444018
47646,731861
47647,154317
47648,722966
47649,281494
47650,900194
47651,808579
47652,900778
47653,928182
47654,430916
47655,735405
47656,481710
47657,745448
47658,791301
47659,247057
47660,247769
47661,809571
47662,232567
47663,319633
47664,565657
47665,950393
47666,726670
47667,851332
47668,817312
47669,198995
47670,399432
47671,663054
47672,248305
47673,387089
47674,256506
47675,671237
47676,463048
47677,417230
47678,248633
47679,407848
47680,734502
47681,897825
47682,363767
47683,711951
47684,857614
47685,826282
47686,986294
47687,549528
47688,139899
47689,457098
47690,639959
47691,866349
47692,280629
47693,761065
47694,438508
47695,839684
47696,769250
47697,677379
47698,289526
47699,907852
47700,777127
47701,221525
47702,421966
47703,456610
47704,352886
47705,832905
47706,907396
47707,668558
47708,213910
47709,174455
47710,178959
47711,444185
47712,981199
47713,348877
47714,382241
47715,911423
47716,418358
47717,664382
47718,740915
47719,462651
47720,301095
47721,477301
47722,434836
47723,619648
47724,966529
47725,705431
47726,365167
47727,643943
47728,965961
47729,957762
47730,511313
47731,266723
47732,228613
47733,260129
47734,413405
47735,790078
47736,746200
47737,877363
47738,368271
47739,237412
47740,673947
47741,537958
47742,708471
47743,429695
47744,508337
47745,404304
47746,284333
47747,722773
47748,476765
47749,561225
47750,730974
47751,236972
47752,807644
47753,314093
47754,728313
47755,281857
47756,121846
47757,514589
47758,867609
47759,431899
47760,944807
47761,166984
47762,993185
47763,744375
47764,465599
47765,543559
47766,909176
47767,992617
47768,701342
47769,786072
47770,272524
47771,339492
47772,618284
47773,513077
47774,521278
47775,898269
47776,362947
47777,488402
47778,960229
47779,567054
47780,371456
47781,935500
47782,223817
47783,457918
47784,303432
47785,782512
47786,661657
47787,140679
47788,993673
47789,275988
47790,420834
47791,910115
47792,806540
47793,396911
47794,509061
47795,922490
47796,436616
47797,509517
47798,763726
47799,860489
47800,838568
47801,665098
47802,389150
47803,748300
47804,250366
47805,411401
47806,787746
47807,411073
47808,664770
47809,419274
47810,340596
47811,764262
47812,572254
47813,235184
47814,117574
47815,531641
47816,374608
47817,688718
47818,747695
47819,469415
47820,461228
47821,904867
47822,635573
47823,940919
47824,626806
47825,163130
47826,154929
47827,619031
47828,956701
47829,136279
47830,604601
47831,789089
47832,979056
47833,220057
47834,638109
47835,317398
47836,956213
47837,335164
47838,537585
47839,886029
47840,509422
47841,955901
47842,767637
47843,810399
47844,952197
47845,558246
47846,200367
47847,783123
47848,985321
47849,582627
47850,172800
47851,993834
47852,559758
47853,204940
47854,281706
47855,815476
47856,397724
47857,606308
47858,159554
47859,182437
47860,336815
47861,313678
47862,936207
47863,668953
47864,622790
47865,883516
47866,908507
47867,520723
47868,927212
47869,889595
47870,817178
47871,280524
47872,149031
47873,617417
47874,180683
47875,338625
47876,766419
47877,809689
47878,534223
47879,662652
47880,601679
47881,456795
47882,794463
47883,347980
47884,808177
47885,534759
47886,490455
47887,322763
47888,616233
47889,799100
47890,213135
47891,589932
47892,693688
47893,377920
47894,143178
47895,969125
47896,353191
47897,876217
47898,556497
47899,912166
47900,941105
47901,828960
47902,871945
47903,996340
47904,795396
47905,382192
47906,911854
47907,689416
47908,470753
47909,538711
47910,673194
47911,485807
47912,319160
47913,511560
47914,888491
47915,681833
47916,341649
47917,202609
47918,326779
47919,293783
47920,493358
47921,637915
47922,266290
47923,383704
47924,413124
47925,658948
47926,771310
47927,829448
47928,228892
47929,813226
47930,646742
47931,292287
47932,161436
47933,561560
47934,990836
47935,467818
47936,597919
47937,659311
47938,902254
47939,637048
47940,459617
47941,229239
47942,830379
47943,236822
47944,893411
47945,334609
47946,184336
47947,115240
47948,955344
47949,316211
47950,161087
47951,259195
47952,594815
47953,981109
47954,689251
47955,987228
47956,880033
47957,556218
47958,146521
47959,903750
47960,548017
47961,698016
47962,740417
47963,117760
47964,932383
47965,836294
47966,477391
47967,118472
47968,402882
47969,360621
47970,289356
47971,183360
47972,526727
47973,481407
47974,192131
47975,329097
47976,534924
47977,753202
47978,791252
47979,784862
47980,142881
47981,255179
47982,799455
47983,575781
47984,352972
47985,221991
47986,701656
47987,833531
47988,474610
47989,950696
47990,851029
47991,330657
47992,766576
47993,312195
47994,857212
47995,279663
47996,296141
47997,873266
47998,934850
47999,783678
48000,583430
48001,625163
48002,457720
48003,653853
48004,212242
48005,562960
48006,860652
48007,335090
48008,806113
48009,396290
48010,397002
48011,838085
48012,714789
48013,168565
48014,454243
48015,869473
48016,262008
48017,144786
48018,971189
48019,163060
48020,933372
48021,925175
48022,956627
48023,611282
48024,627568
48025,796044
48026,495502
48027,696643
48028,179286
48029,791863
48030,345380
48031,660700
48032,584709
48033,246251
48034,264938
48035,321675
48036,615273
48037,760184
48038,514160
48039,921487
48040,826939
48041,550337
48042,573990
48043,163853
48044,303597
48045,986095
48046,287055
48047,767835
48048,200105
48049,850870
48050,313000
48051,649317
48052,164198
48053,801407
48054,542313
48055,826776
48056,975533
48057,415839
48058,661847
48059,600492
48060,370694
48061,479767
48062,959971
48063,898323
48064,363205
48065,566976
48066,181800
48067,240421
48068,245888
48069,622691
48070,377195
48071,543369
48072,700568
48073,743601
48074,899571
48075,606729
48076,867871
48077,737268
48078,729087
48079,710621
48080,841270
48081,286391
48082,518560
48083,235390
48084,163231
48085,540028
48086,957296
48087,435822
48088,285823
48089,887680
48090,748226
48091,595775
48092,250616
48093,258803
48094,461065
48095,193627
48096,282783
48097,317299
48098,956304
48099,475247
48100,186008
48101,483428
48102,335257
48103,596959
48104,253136
48105,359132
48106,699592
48107,136434
48108,500238
48109,788492
48110,385011
48111,219636
48112,989436
48113,620348
48114,681932
48115,210199
48116,270015
48117,664138
48118,981435
48119,502184
48120,251326
48121,502624
48122,588440
48123,418186
48124,236760
48125,853962
48126,476641
48127,376816
48128,730338
48129,946871
48130,829613
48131,452686
48132,698694
48133,421794
48134,699278
48135,177819
48136,143735
48137,262895
48138,750364
48139,825366
48140,505336
48141,173611
48142,976675
48143,601122
48144,180590
48145,687004
48146,888982
48147,363907
48148,565638
48149,319630
48150,734290
48151,533666
48152,889438
48153,442288
48154,207175
48155,590337
48156,455710
48157,386286
48158,535178
48159,900221
48160,237699
48161,727665
48162,735410
48163,421969
48164,632389
48165,584515
48166,456053
48167,776560
48168,422553
48169,122589
48170,288801
48171,962350
48172,430640
48173,489681
48174,150281
48175,337903
48176,206340
48177,583587
48178,986281
48179,471479
48180,347210
48181,694878
48182,703061
48183,224682
48184,355977
48185,216937
48186,549511
48187,488497
48188,843315
48189,851512
48190,180941
48191,851184
48192,817948
48193,889341
48194,642528
48195,809751
48196,520469
48197,433176
48198,955253
48199,403847
48200,202903
48201,885069
48202,476738
48203,459020
48204,143388
48205,947164
48206,746183
48207,308435
48208,869159
48209,862338
48210,966558
48211,284826
48212,477290
48213,403375
48214,511310
48215,233811
48216,655842
48217,689678
48218,594194
48219,580600
48220,635965
48221,903211
48222,772544
48223,987697
48224,278495
48225,303447
48226,662094
48227,905551
48228,380562
48229,975740
48230,767273
48231,189754
48232,831650
48233,777284
48234,134075
48235,944824
48236,661166
48237,916900
48238,175196
48239,978844
48240,984445
48241,345502
48242,133491
48243,321585
48244,567609
48245,736805
48246,397856
48247,362484
48248,522761
48249,736493
48250,239124
48251,672664
48252,163462
48253,201611
48254,243364
48255,588815
48256,547816
48257,635145
48258,137995
48259,747995
48260,982828
48261,589511
48262,814744
48263,861086
48264,484221
48265,160358
48266,805979
48267,930670
48268,645804
48269,838583
48270,852317
48271,846780
48272,822833
48273,500703
48274,630570
48275,253897
48276,262082
48277,604365
48278,454361
48279,290862
48280,613419
48281,317385
48282,815091
48283,721685
48284,806904
48285,894233
48286,645391
48287,397083
48288,823130
48289,947531
48290,796861
48291,971436
48292,604582
48293,168300
48294,901268
48295,412317
48296,778612
48297,243663
48298,863453
48299,195273
48300,895793
48301,644903
48302,571618
48303,209643
48304,563433
48305,218542
48306,688281
48307,824074
48308,272888
48309,114447
48310,908812
48311,167228
48312,353846
48313,385498
48314,245818
48315,129673
48316,849543
48317,406336
48318,921182
48319,182458
48320,313681
48321,328635
48322,807848
48323,522666
48324,905964
48325,132344
48326,257561
48327,111599
48328,914151
48329,827370
48330,449985
48331,272336
48332,703682
48333,841892
48334,819011
48335,306074
48336,702308
48337,575569
48338,297305
48339,221779
48340,969146
48341,824396
48342,709353
48343,900623
48344,761839
48345,858912
48346,639185
48347,289592
48348,130511
48349,900295
48350,775817
48351,670824
48352,262301
48353,593043
48354,583282
48355,783434
48356,694599
48357,750502
48358,574641
48359,337942
48360,520716
48361,958679
48362,843050
48363,642097
48364,758215
48365,280531
48366,372018
48367,441794
48368,203078
48369,561999
48370,722003
48371,754039
48372,252716
48373,876597
48374,444983
48375,737749
48376,798003
48377,771313
48378,300297
48379,869110
48380,586762
48381,252388
48382,144133
48383,553958
48384,242241
48385,803934
48386,705113
48387,836530
48388,202150
48389,966223
48390,704657
48391,126335
48392,957580
48393,138534
48394,494545
48395,418096
48396,698324
48397,740661
48398,748862
48399,178881
48400,409915
48401,655411
48402,656123
48403,470782
48404,981249
48405,924171
48406,372745
48407,689276
48408,880502
48409,226184
48410,462750
48411,452535
48412,179114
48413,949582
48414,753692
48415,674550
48416,731131
48417,192516
48418,730419
48419,612558
48420,334278
48421,673854
48422,885567
48423,492690
48424,606091
48425,412848
48426,658872
48427,690772
48428,421051
48429,797784
48430,943062
48431,583121
48432,694316
48433,165177
48434,802024
48435,262646
48436,463110
48437,766119
48438,809901
48439,520623
48440,919131
48441,650577
48442,149331
48443,617149
48444,180415
48445,851586
48446,918675
48447,320407
48448,744998
48449,456143
48450,599003
48451,174546
48452,221680
48453,908009
48454,206526
48455,323007
48456,192156
48457,288923
48458,816526
48459,238490
48460,615573
48461,550463
48462,609404
48463,810343
48464,522085
48465,156050
48466,409415
48467,734025
48468,909035
48469,743660
48470,345106
48471,306931
48472,944636
48473,527770
48474,684135
48475,736609
48476,361648
48477,293929
48478,671964
48479,539937
48480,653259
48481,924865
48482,755966
48483,706040
48484,427248
48485,982688
48486,443326
48487,171939
48488,774064
48489,268708
48490,419473
48491,635013
48492,871295
48493,604009
48494,589187
48495,657298
48496,852177
48497,509918
48498,814556
48499,396596
48500,964550
48501,483385
48502,730105
48503,645608
48504,366816
48505,397308
48506,754718
48507,894462
48508,721906
48509,770896
48510,997546
48511,219561
48512,989801
48513,586083
48514,666489
48515,638053
48516,930697
48517,537186
48518,806516
48519,562565
48520,335023
48521,613799
48522,729178
48523,585736
48524,822302
48525,902096
48526,665818
48527,261925
48528,392910
48529,604202
48530,979755
48531,427419
48532,401588
48533,243267
48534,855386
48535,268807
48536,250118
48537,503056
48538,913211
48539,689117
48540,419122
48541,785576
48542,944735
48543,701286
48544,473220
48545,882791
48546,841160
48547,899269
48548,952382
48549,282105
48550,891398
48551,640539
48552,710379
48553,432099
48554,606711
48555,191477
48556,133052
48557,975187
48558,626557
48559,380533
48560,346521
48561,223353
48562,600218
48563,704390
48564,339676
48565,725545
48566,190229
48567,408804
48568,759565
48569,617756
48570,856330
48571,174389
48572,255027
48573,575965
48574,701472
48575,421900
48576,247536
48577,378651
48578,736076
48579,607921
48580,568400
48581,727879
48582,892224
48583,685186
48584,962419
48585,639893
48586,942897
48587,112621
48588,784142
48589,633592
48590,872706
48591,408482
48592,330585
48593,897891
48594,364157
48595,734564
48596,180880
48597,206961
48598,480359
48599,441990
48600,292580
48601,343010
48602,621290
48603,753915
48604,153036
48605,612393
48606,334113
48607,762424
48608,659351
48609,413343
48610,266657
48611,412759
48612,822104
48613,126195
48614,333249
48615,836158
48616,888632
48617,170382
48618,390504
48619,217956
48620,348231
48621,949673
48622,462257
48623,829363
48624,225703
48625,673106
48626,519867
48627,611746
48628,731231
48629,812210
48630,757104
48631,326787
48632,202633
48633,195944
48634,932748
48635,765307
48636,178726
48637,698163
48638,356647
48639,357359
48640,787447
48641,217615
48642,211370
48643,954947
48644,839605
48645,853911
48646,579118
48647,946210
48648,252875
48649,911166
48650,412988
48651,629544
48652,821811
48653,308709
48654,798492
48655,266754
48656,229092
48657,880738
48658,347516
48659,783973
48660,670863
48661,262834
48662,448680
48663,399370
48664,311824
48665,207130
48666,650773
48667,441637
48668,199641
48669,232501
48670,456331
48671,799108
48672,273553
48673,624504
48674,824931
48675,306045
48676,824491
48677,791367
48678,660140
48679,247123
48680,255320
48681,745386
48682,515584
48683,615705
48684,157948
48685,639742
48686,708806
48687,337625
48688,509356
48689,838273
48690,536955
48691,290931
48692,517999
48693,151955
48694,721280
48695,797224
48696,491562
48697,268086
48698,136925
48699,460742
48700,596792
48701,989907
48702,384476
48703,412352
48704,144414
48705,989211
48706,823047
48707,163760
48708,234833
48709,672430
48710,373937
48711,435849
48712,714625
48713,318324
48714,510852
48715,393582
48716,277469
48717,739886
48718,773570
48719,696839
48720,226808
48721,974353
48722,982554
48723,747757
48724,785785
48725,944454
48726,883126
48727,482832
48728,718329
48729,528360
48730,514556
48731,768255
48732,536547
48733,960996
48734,281640
48735,336165
48736,662392
48737,974978
48738,495770
48739,801432
48740,424115
48741,873821
48742,415928
48743,320999
48744,525064
48745,370913
48746,617989
48747,558308
48748,850162
48749,155944
48750,458292
48751,881725
48752,172257
48753,634116
48754,951980
48755,479571
48756,733264
48757,865139
48758,566660
48759,320652
48760,898207
48761,440698
48762,823868
48763,464949
48764,254927
48765,909114
48766,777937
48767,543493
48768,978185
48769,899767
48770,158883
48771,370594
48772,849273
48773,536200
48774,714474
48775,957180
48776,540216
48777,644313
48778,402118
48779,811557
48780,855848
48781,186684
48782,589466
48783,688999
48784,627607
48785,688559
48786,819268
48787,302417
48788,796579
48789,940638
48790,930299
48791,375794
48792,282899
48793,317183
48794,563191
48795,721443
48796,562495
48797,814789
48798,755151
48799,116012
48800,235738
48801,837922
48802,384639
48803,706761
48804,979857
48805,797067
48806,770689
48807,392380
48808,596563
48809,445511
48810,154006
48811,713572
48812,672899
48813,162645
48814,477765
48815,187570
48816,462091
48817,171004
48818,494311
48819,251642
48820,382737
48821,409613
48822,981759
48823,942032
48824,334235
48825,861317
48826,114850
48827,508233
48828,516418
48829,467424
48830,690697
48831,412909
48832,911087
48833,637682
48834,459555
48835,798413
48836,391474
48837,545499
48838,746016
48839,821546
48840,934216
48841,801973
48842,505532
48843,173991
48844,750224
48845,247906
48846,624769
48847,934784
48848,425630
48849,512817
48850,488662
48851,364231
48852,678427
48853,180450
48854,280293
48855,884051
48856,584612
48857,142507
48858,414325
48859,660349
48860,113023
48861,174479
48862,769746
48863,406832
48864,920294
48865,892410
48866,314857
48867,329475
48868,769050
48869,900593
48870,575500
48871,422677
48872,668189
48873,784631
48874,247273
48875,584399
48876,306119
48877,945352
48878,799038
48879,875571
48880,744920
48881,848284
48882,398416
48883,289197
48884,928078
48885,709300
48886,197963
48887,727134
48888,816312
48889,448530
48890,663286
48891,541440
48892,224294
48893,834098
48894,986405
48895,866198
48896,858013
48897,817808
48898,148653
48899,650927
48900,758610
48901,616771
48902,557986
48903,233031
48904,153301
48905,962618
48906,707628
48907,429348
48908,762145
48909,193530
48910,403467
48911,459336
48912,452777
48913,308575
48914,220757
48915,586839
48916,980412
48917,745859
48918,821897
48919,658574
48920,666757
48921,771684
48922,162366
48923,619795
48924,443458
48925,689482
48926,949936
48927,470691
48928,269912
48929,663653
48930,502663
48931,987509
48932,159085
48933,231308
48934,841332
48935,490614
48936,514961
48937,527749
48938,121010
48939,238927
48940,824306
48941,141547
48942,507420
48943,499223
48944,778015
48945,743667
48946,777687
48947,141859
48948,306212
48949,175567
48950,408976
48951,363143
48952,532846
48953,128657
48954,641351
48955,533414
48956,521650
48957,432319
48958,993285
48959,541923
48960,249578
48961,550120
48962,215302
48963,974887
48964,140995
48965,224197
48966,446273
48967,939448
48968,261713
48969,997557
48970,971348
48971,658285
48972,145011
48973,445833
48974,860357
48975,562417
48976,860685
48977,570618
48978,124137
48979,806656
48980,603582
48981,389978
48982,546995
48983,795813
48984,656709
48985,503468
48986,419470
48987,680136
48988,563929
48989,518954
48990,293942
48991,895233
48992,373780
48993,589047
48994,788237
48995,912876
48996,627194
48997,389369
48998,268824
48999,974103
49000,689090
49001,819753
49002,349654
49003,332440
49004,435599
49005,510538
49006,706116
49007,201147
49008,778471
49009,789485
49010,145176
49011,276211
49012,691690
49013,307487
49014,350518
49015,392913
49016,869411
49017,653463
49018,838023
49019,428388
49020,204691
49021,894090
49022,894530
49023,244412
49024,331464
49025,488245
49026,719063
49027,818896
49028,239812
49029,917989
49030,286989
49031,303535
49032,592454
49033,695642
49034,550731
49035,943776
49036,223918
49037,132459
49038,249729
49039,111228
49040,709692
49041,768305
49042,999427
49043,800694
49044,543648
49045,214597
49046,591526
49047,623490
49048,507767
49049,668821
49050,743832
49051,577156
49052,319911
49053,167527
49054,970607
49055,442009
49056,338309
49057,809373
49058,959372
49059,608390
49060,582953
49061,967881
49062,540678
49063,880918
49064,438449
49065,616101
49066,920131
49067,229793
49068,523703
49069,399190
49070,808885
49071,430266
49072,329070
49073,962412
49074,323471
49075,534891
49076,677014
49077,816502
49078,369289
49079,848538
49080,717681
49081,937925
49082,266022
49083,832980
49084,876341
49085,297162
49086,143046
49087,142350
49088,305673
49089,166889
49090,907793
49091,309361
49092,178586
49093,170385
49094,493706
49095,949686
49096,611870
49097,285200
49098,511244
49099,712969
49100,319284
49101,854219
49102,284888
49103,757452
49104,804301
49105,126500
49106,931888
49107,260220
49108,999064
49109,790115
49110,789675
49111,876966
49112,220499
49113,260788
49114,722696
49115,538611
49116,161552
49117,838665
49118,484875
49119,429290
49120,813350
49121,316372
49122,476360
49123,383551
49124,597211
49125,972050
49126,452620
49127,698628
49128,690447
49129,516676
49130,707721
49131,569716
49132,602160
49133,462021
49134,740813
49135,278262
49136,443623
49137,548853
49138,772329
49139,285107
49140,836426
49141,731784
49142,612213
49143,154256
49144,957556
49145,318615
49146,962055
49147,489976
49148,900855
49149,122868
49150,280835
49151,717338
49152,848185
49153,685886
49154,920360
49155,527043
49156,430545
49157,945261
49158,466037
49159,386660
49160,255303
49161,884309
49162,857584
49163,311823
49164,280035
49165,520948
49166,363969
49167,687070
49168,726739
49169,262245
49170,173673
49171,305026
49172,417171
49173,505714
49174,471638
49175,750430
49176,633156
49177,131910
49178,302117
49179,827707
49180,819504
49181,589094
49182,982221
49183,349191
49184,782110
49185,787476
49186,887216
49187,863831
49188,855188
49189,243597
49190,510875
49191,811417
49192,789052
49193,420564
49194,970790
49195,453944
49196,830939
49197,604644
49198,901662
49199,909845
49200,350439
49201,366661
49202,335785
49203,343970
49204,152388
49205,886096
49206,860287
49207,571016
49208,613481
49209,518000
49210,521480
49211,898851
49212,400673
49213,678953
49214,120352
49215,818633
49216,424548
49217,503950
49218,704072
49219,290548
49220,328697
49221,482831
49222,182520
49223,649182
49224,728527
49225,439846
49226,345727
49227,752266
49228,245880
49229,377235
49230,114509
49231,176061
49232,214364
49233,824136
49234,815170
49235,197041
49236,490919
49237,535647
49238,129952
49239,807553
49240,728684
49241,313464
49242,238750
49243,668719
49244,631603
49245,551385
49246,415020
49247,507853
49248,692480
49249,875009
49250,898632
49251,400458
49252,330938
49253,321115
49254,917855
49255,649373
49256,339577
49257,679818
49258,132561
49259,355327
49260,967165
49261,801772
49262,424719
49263,975350
49264,168589
49265,657524
49266,446096
49267,412596
49268,770134
49269,299438
49270,168005
49271,922095
49272,212458
49273,964104
49274,675314
49275,291079
49276,366894
49277,721468
49278,982894
49279,627592
49280,905109
49281,828056
49282,696763
49283,162828
49284,200961
49285,209162
49286,618985
49287,855551
49288,924943
49289,756728
49290,811250
49291,155343
49292,286500
49293,659250
49294,821557
49295,421425
49296,853137
49297,437907
49298,716699
49299,813468
49300,754326
49301,805271
49302,730481
49303,429136
49304,612932
49305,292417
49306,153505
49307,786673
49308,987137
49309,594410
49310,995338
49311,548388
49312,418513
49313,451901
49314,573069
49315,931978
49316,242536
49317,341359
49318,434363
49319,713139
49320,673364
49321,539561
49322,612004
49323,369203
49324,323069
49325,527122
49326,668065
49327,833446
49328,297656
49329,456517
49330,213433
49331,413858
49332,506435
49333,784771
49334,474983
49335,222074
49336,608316
49337,525626
49338,180789
49339,280314
49340,371739
49341,642328
49342,232955
49343,433376
49344,139348
49345,112456
49346,355513
49347,497320
49348,906371
49349,934815
49350,632981
49351,387485
49352,833934
49353,296080
49354,809604
49355,851883
49356,338004
49357,270876
49358,915243
49359,449221
49360,695245
49361,633654
49362,840072
49363,900229
49364,816751
49365,515181
49366,369040
49367,560533
49368,761773
49369,515749
49370,197972
49371,414465
49372,915715
49373,590585
49374,977723
49375,795481
49376,780376
49377,912251
49378,502680
49379,820854
49380,217186
49381,588384
49382,310120
49383,178819
49384,170632
49385,373024
49386,673599
49387,394807
49388,539330
49389,612303
49390,202212
49391,519710
49392,511509
49393,681468
49394,957958
49395,477689
49396,413521
49397,746324
49398,980387
49399,991042
49400,308544
49401,605858
49402,169576
49403,587392
49404,654536
49405,884958
49406,954414
49407,315909
49408,476441
49409,813303
49410,730138
49411,612839
49412,517411
49413,846022
49414,185395
49415,814890
49416,374997
49417,528884
49418,956403
49419,160028
49420,763619
49421,350900
49422,144978
49423,268210
49424,738890
49425,630424
49426,596340
49427,855751
49428,571451
49429,732967
49430,394018
49431,965400
49432,618521
49433,285724
49434,155127
49435,547418
49436,788039
49437,595348
49438,656740
49439,913006
49440,635507
49441,258704
49442,739426
49443,345828
49444,306181
49445,222668
49446,936393
49447,254496
49448,778046
49449,423127
49450,406425
49451,370253
49452,859327
49453,431798
49454,328106
49455,196673
49456,944106
49457,582125
49458,172998
49459,415804
49460,111414
49461,249547
49462,634403
49463,295462
49464,354503
49465,993316
49466,525196
49467,119923
49468,711062
49469,898416
49470,810329
49471,842421
49472,566947
49473,524612
49474,111197
49475,934978
49476,354732
49477,873650
49478,874106
49479,441142
49480,850901
49481,455248
49482,507734
49483,693075
49484,214188
49485,175693
49486,752506
49487,700816
49488,953032
49489,522960
49490,535748
49491,640237
49492,868119
49493,606977
49494,849405
49495,366493
49496,802914
49497,895619
49498,195451
49499,610681
49500,242869
49501,855980
49502,845133
49503,732748
49504,469002
49505,940050
49506,350015
49507,469698
49508,218836
49509,437126
49510,846693
49511,124323
49512,436558
49513,846253
49514,814657
49515,283487
49516,604180
49517,997887
49518,770565
49519,136698
49520,979733
49521,126469
49522,958454
49523,713000
49524,924370
49525,673487
49526,486090
49527,628381
49528,949655
49529,594289
49530,663946
49531,494179
49532,138844
49533,828741
49534,278460
49535,153074
49536,123621
49537,893221
49538,762062
49539,135284
49540,467300
49541,946551
49542,745580
49543,658785
49544,789642
49545,112595
49546,471508
49547,694845
49548,826326
49549,463327
49550,540711
49551,632846
49552,906264
49553,967912
49554,433843
49555,557645
49556,809844
49557,433275
49558,188525
49559,273860
49560,378349
49561,745215
49562,632046
49563,858202
49564,369320
49565,197796
49566,709011
49567,568430
49568,677503
49569,915864
49570,344938
49571,590434
49572,575624
49573,255334
49574,130326
49575,953573
49576,848848
49577,149705
49578,430904
49579,198095
49580,262796
49581,165003
49582,348042
49583,270983
49584,826045
49585,216233
49586,575136
49587,968523
49588,457301
49589,907195
49590,719891
49591,372203
49592,280330
49593,534025
49594,157418
49595,320037
49596,241352
49597,817372
49598,557862
49599,323677
49600,962750
49601,931666
49602,646232
49603,893006
49604,508070
49605,654419
49606,847744
49607,152729
49608,516709
49609,383190
49610,458756
49611,359929
49612,300824
49613,351730
49614,309011
49615,252917
49616,187741
49617,620383
49618,511046
49619,494016
49620,636213
49621,462380
49622,872143
49623,170203
49624,996146
49625,880324
49626,382006
49627,780483
49628,277535
49629,348434
49630,223638
49631,742536
49632,905871
49633,504423
49634,783215
49635,626322
49636,472459
49637,826689
49638,249017
49639,774572
49640,801446
49641,703649
49642,120321
49643,898818
49644,767009
49645,200403
49646,306807
49647,660846
49648,623218
49649,599445
49650,353877
49651,543312
49652,669613
49653,114084
49654,245849
49655,978012
49656,159222
49657,961298
49658,281622
49659,921149
49660,567345
49661,129058
49662,924741
49663,895826
49664,895386
49665,714103
49666,619115
49667,510322
49668,155525
49669,268576
49670,555043
49671,819473
49672,904215
49673,827674
49674,396720
49675,517969
49676,483517
49677,529286
49678,721782
49679,436383
49680,366692
49681,763025
49682,691922
49683,823097
49684,770332
49685,375044
49686,152078
49687,955626
49688,194025
49689,963809
49690,964137
49691,483798
49692,846815
49693,901532
49694,939648
49695,746840
49696,770751
49697,638786
49698,392778
49699,738643
49700,764186
49701,325858
49702,427295
49703,563681
49704,887034
49705,652524
49706,401456
49707,340160
49708,863701
49709,419710
49710,461427
49711,137632
49712,993245
49713,113871
49714,246066
49715,175863
49716,298775
49717,406088
49718,567642
49719,328371
49720,190905
49721,807016
49722,614776
49723,281981
49724,514657
49725,873480
49726,111335
49727,521282
49728,320690
49729,759105
49730,278941
49731,513665
49732,166330
49733,824644
49734,791208
49735,378199
49736,506466
49737,945565
49738,297625
49739,237873
49740,647634
49741,360657
49742,289328
49743,735488
49744,535024
49745,816621
49746,560663
49747,848385
49748,263005
49749,496705
49750,802371
49751,671072
49752,703116
49753,416867
49754,712137
49755,842786
49756,809934
49757,157499
49758,207421
49759,726819
49760,616470
49761,476827
49762,315783
49763,404374
49764,161675
49765,813501
49766,245673
49767,620710
49768,636932
49769,300033
49770,658907
49771,572516
49772,341894
49773,477363
49774,319407
49775,284739
49776,765532
49777,705361
49778,501786
49779,981001
49780,828927
49781,872222
49782,903738
49783,548045
49784,390948
49785,580385
49786,444383
49787,251588
49788,854331
49789,924107
49790,293155
49791,643786
49792,896732
49793,803901
49794,161992
49795,202181
49796,293867
49797,539363
49798,896020
49799,844050
49800,477968
49801,418131
49802,871613
49803,301890
49804,217155
49805,178850
49806,444084
49807,146766
49808,556901
49809,251239
49810,349024
49811,988035
49812,689524
49813,451703
49814,259436
49815,861648
49816,292291
49817,516831
49818,152611
49819,529928
49820,123388
49821,569839
49822,613134
49823,998816
49824,308577
49825,821375
49826,457455
49827,593136
49828,173810
49829,914882
49830,783401
49831,582873
49832,224976
49833,872997
49834,256316
49835,775202
49836,181119
49837,480648
49838,372633
49839,330422
49840,919379
49841,650329
49842,512172
49843,408141
49844,950463
49845,273429
49846,702215
49847,456207
49848,937213
49849,753445
49850,983859
49851,377916
49852,552917
49853,489827
49854,735339
49855,866688
49856,840545
49857,430978
49858,230041
49859,892519
49860,122735
49861,727136
49862,900260
49863,928696
49864,357952
49865,137894
49866,494673
49867,696988
49868,589674
49869,349315
49870,782234
49871,145509
49872,836658
49873,234954
49874,243137
49875,855768
49876,714194
49877,957196
49878,724475
49879,435730
49880,155112
49881,887804
49882,125695
49883,895991
49884,546469
49885,638020
49886,420432
49887,989312
49888,604512
49889,971370
49890,316871
49891,152512
49892,115932
49893,509239
49894,730072
49895,570564
49896,860411
49897,362609
49898,641401
49899,312695
49900,719690
49901,147896
49902,156083
49903,566972
49904,248860
49905,141053
49906,457996
49907,703492
49908,640409
49909,960895
49910,841290
49911,928859
49912,121412
49913,405838
49914,920656
49915,718762
49916,669448
49917,265213
49918,223003
49919,785890
49920,792296
49921,824268
49922,222675
49923,568119
49924,684333
49925,282072
49926,205118
49927,121319
49928,328214
49929,190748
49930,307129
49931,874573
49932,298930
49933,908649
49934,454791
49935,883342
49936,785545
49937,719393
49938,951863
49939,400590
49940,320535
49941,810725
49942,719081
49943,440801
49944,801184
49945,542134
49946,993616
49947,582225
49948,215123
49949,750925
49950,346992
49951,935573
49952,263798
49953,638951
49954,665851
49955,307489
49956,276173
49957,755612
49958,404597
49959,437145
49960,212902
49961,861016
49962,137477
49963,250863
49964,145678
49965,555813
49966,349984
49967,302538
49968,855419
49969,802941
49970,571727
49971,194988
49972,644162
49973,374081
49974,925507
49975,532136
49976,956591
49977,274827
49978,392033
49979,902783
49980,868755
49981,698449
49982,938923
49983,545344
49984,798294
49985,779607
49986,821681
49987,193034
49988,342283
49989,963330
49990,922853
49991,508370
49992,334792
49993,569377
49994,674352
49995,251489
49996,628354
49997,588687
49998,664413
49999,493748
50000,872379
50001,652047
50002,812536
50003,520177
50004,395224
50005,519481
50006,932550
50007,704828
50008,327113
50009,534869
50010,808259
50011,149949
50012,560250
50013,607888
50014,490085
50015,523657
50016,945464
50017,937267
50018,702153
50019,352477
50020,969439
50021,466920
50022,651103
50023,525758
50024,608440
50025,433836
50026,364124
50027,897418
50028,565393
50029,601397
50030,775972
50031,248369
50032,216541
50033,593214
50034,387353
50035,574748
50036,400099
50037,127465
50038,520194
50039,857862
50040,889378
50041,593565
50042,448649
50043,111727
50044,802701
50045,497039
50046,783500
50047,833633
50048,165012
50049,224885
50050,296887
50051,355670
50052,165468
50053,256849
50054,915375
50055,505676
50056,953594
50057,928541
50058,900097
50059,992157
50060,386194
50061,824458
50062,378449
50063,833097
50064,587820
50065,981447
50066,556992
50067,996141
50068,981775
50069,217318
50070,394931
50071,643239
50072,478133
50073,285509
50074,651876
50075,242311
50076,477565
50077,485750
50078,426903
50079,300495
50080,144323
50081,877115
50082,597549
50083,308676
50084,220878
50085,980975
50086,946179
50087,902932
50088,228365
50089,884826
50090,192937
50091,893009
50092,674651
50093,804984
50094,160909
50095,931205
50096,395419
50097,429943
50098,336132
50099,568038
50100,999916
50101,230848
50102,514525
50103,669050
50104,984170
50105,977987
50106,752308
50107,711675
50108,842256
50109,687132
50110,313093
50111,719160
50112,200396
50113,626317
50114,661905
50115,792698
50116,882039
50117,742551
50118,464727
50119,573763
50120,303168
50121,454606
50122,253662
50123,658409
50124,384509
50125,554516
50126,445709
50127,475305
50128,846507
50129,375480
50130,921786
50131,929969
50132,536922
50133,325566
50134,483946
50135,963989
50136,291482
50137,930425
50138,152442
50139,922226
50140,886126
50141,115814
50142,381909
50143,820166
50144,581595
50145,461263
50146,547583
50147,604146
50148,171504
50149,411137
50150,571990
50151,243635
50152,340404
50153,209559
50154,186486
50155,518502
50156,332663
50157,358289
50158,450701
50159,595602
50160,146300
50161,311219
50162,855817
50163,925689
50164,374267
50165,887013
50166,402151
50167,509958
50168,652531
50169,294673
50170,732905
50171,194838
50172,393252
50173,401455
50174,412554
50175,971123
50176,638813
50177,358841
50178,738636
50179,831046
50180,630614
50181,484097
50182,963838
50183,204567
50184,366864
50185,185853
50186,563158
50187,475586
50188,721098
50189,805927
50190,204255
50191,371115
50192,641192
50193,200615
50194,610116
50195,960134
50196,567149
50197,371555
50198,935471
50199,573480
50200,695774
50201,380654
50202,975616
50203,172552
50204,696086
50205,458261
50206,197447
50207,482706
50208,849808
50209,197007
50210,831710
50211,935943
50212,757968
50213,241102
50214,642342
50215,678458
50216,233229
50217,112062
50218,976526
50219,463226
50220,224620
50221,355463
50222,229669
50223,858679
50224,515384
50225,516080
50226,430838
50227,753233
50228,378184
50229,937793
50230,166309
50231,422039
50232,134273
50233,977518
50234,584581
50235,697355
50236,418543
50237,278297
50238,548050
50239,941369
50240,269786
50241,740386
50242,117859
50243,673386
50244,162236
50245,434765
50246,812354
50247,220959
50248,938769
50249,421391
50250,998940
50251,300758
50252,501293
50253,690728
50254,236917
50255,323987
50256,203417
50257,922719
50258,885571
50259,612530
50260,647006
50261,737705
50262,545113
50263,501574
50264,745890
50265,578685
50266,368445
50267,912197
50268,780974
50269,277690
50270,973174
50271,749450
50272,319195
50273,854308
50274,651998
50275,373022
50276,210713
50277,620538
50278,202514
50279,369510
50280,615810
50281,431005
50282,157799
50283,523920
50284,158383
50285,206761
50286,761179
50287,552194
50288,590535
50289,143145
50290,134946
50291,189291
50292,857460
50293,512635
50294,280495
50295,650310
50296,149060
50297,525991
50298,565568
50299,232622
50300,347623
50301,825880
50302,880889
50303,794100
50304,703480
50305,671452
50306,256291
50307,582854
50308,286491
50309,435466
50310,186652
50311,964639
50312,672741
50313,235218
50314,162867
50315,706241
50316,531675
50317,381047
50318,982425
50319,595035
50320,503618
50321,171602
50322,861155
50323,343798
50324,212765
50325,437026
50326,613693
50327,536624
50328,500074
50329,412555
50330,420736
50331,359280
50332,604792
50333,358840
50334,596155
50335,586330
50336,308050
50337,746822
50338,141101
50339,550862
50340,751094
50341,215272
50342,132590
50343,541965
50344,967434
50345,223459
50346,513111
50347,480187
50348,850361
50349,287552
50350,156331
50351,926627
50352,767900
50353,617862
50354,649834
50355,175137
50356,551726
50357,166954
50358,875070
50359,577025
50360,464917
50361,114201
50362,944141
50363,751894
50364,151104
50365,405662
50366,205189
50367,728219
50368,490904
50369,867707
50370,568204
50371,522868
50372,807030
50373,290152
50374,231010
50375,640641
50376,362377
50377,701079
50378,499346
50379,214371
50380,936869
50381,223136
50382,744126
50383,431634
50384,196837
50385,568039
50386,398134
50387,491067
50388,328646
50389,615109
50390,684597
50391,742550
50392,458167
50393,905305
50394,495802
50395,380236
50396,882622
50397,215883
50398,842257
50399,609510
50400,952295
50401,856315
50402,513340
50403,181287
50404,725976
50405,401366
50406,528720
50407,436809
50408,846506
50409,343381
50410,185951
50411,124012
50412,715145
50413,746541
50414,596760
50415,822767
50416,491530
50417,830948
50418,870149
50419,228336
50420,644954
50421,764583
50422,154963
50423,811886
50424,773930
50425,604147
50426,940821
50427,442860
50428,847652
50429,922933
50430,292317
50431,612824
50432,569841
50433,485349
50434,884961
50435,666789
50436,938163
50437,658606
50438,779399
50439,467555
50440,869003
50441,862510
50442,530494
50443,188209
50444,434671
50445,318482
50446,531190
50447,126210
50448,426468
50449,251825
50450,655438
50451,225366
50452,494508
50453,418693
50454,872043
50455,632809
50456,448026
50457,474363
50458,983525
50459,776412
50460,314986
50461,709268
50462,237636
50463,122297
50464,407219
50465,560554
50466,858973
50467,541160
50468,802302
50469,881200
50470,448562
50471,140232
50472,817272
50473,512634
50474,338595
50475,408147
50476,888913
50477,678736
50478,319561
50479,188834
50480,565569
50481,601926
50482,304292
50483,449425
50484,311593
50485,650540
50486,889146
50487,757969
50488,232900
50489,534470
50490,489022
50491,842812
50492,233228
50493,533774
50494,817427
50495,557801
50496,506036
50497,552608
50498,937792
50499,833433
50500,983182
50501,785268
50502,113559
50503,430143
50504,808752
50505,515385
50506,205835
50507,727317
50508,524282
50509,620176
50510,403304
50511,210547
50512,643447
50513,333147
50514,162237
50515,284765
50516,390642
50517,139000
50518,780556
50519,409645
50520,123017
50521,375956
50522,846983
50523,621168
50524,342904
50525,885570
50526,538046
50527,292022
50528,612531
50529,220958
50530,351989
50531,453418
50532,228829
50533,169788
50534,990430
50535,587732
50536,980543
50537,274736
50538,629465
50539,576627
50540,831589
50541,936564
50542,507264
50543,432067
50544,196916
50545,336084
50546,859594
50547,239315
50548,514757
50549,121318
50550,559605
50551,615188
50552,257973
50553,906048
50554,669770
50555,783008
50556,271540
50557,826950
50558,472716
50559,416641
50560,495979
50561,856362
50562,432931
50563,898765
50564,679367
50565,767470
50566,810724
50567,156177
50568,440800
50569,147994
50570,918290
50571,889870
50572,675191
50573,528513
50574,653480
50575,955470
50576,675775
50577,517206
50578,979723
50579,691997
50580,657649
50581,492307
50582,261893
50583,351169
50584,117662
50585,331887
50586,486802
50587,294242
50588,933705
50589,964773
50590,487258
50591,680788
50592,996609
50593,226313
50594,773883
50595,302851
50596,948231
50597,503800
50598,878839
50599,349985
50600,419802
50601,764117
50602,201255
50603,325933
50604,836659
50605,714195
50606,724786
50607,925225
50608,332036
50609,572141
50610,732657
50611,137895
50612,696405
50613,461756
50614,974475
50615,546956
50616,349314
50617,820093
50618,115933
50619,570565
50620,537385
50621,930498
50622,236515
50623,537057
50624,806391
50625,894742
50626,124446
50627,929802
50628,483353
50629,475154
50630,721178
50631,621799
50632,509950
50633,755446
50634,596330
50635,877948
50636,446334
50637,261742
50638,882436
50639,503819
50640,354833
50641,600857
50642,464876
50643,249557
50644,985137
50645,558206
50646,371379
50647,759366
50648,513870
50649,409007
50650,363192
50651,167419
50652,641968
50653,354033
50654,455149
50655,141852
50656,660938
50657,386005
50658,874791
50659,369819
50660,282234
50661,815972
50662,567445
50663,129158
50664,606396
50665,614583
50666,849472
50667,920657
50668,417636
50669,140146
50670,379000
50671,216703
50672,995196
50673,165013
50674,934513
50675,497038
50676,425839
50677,262234
50678,387771
50679,575166
50680,880706
50681,347484
50682,549209
50683,625592
50684,248667
50685,866060
50686,489455
50687,270417
50688,719885
50689,311856
50690,758728
50691,809161
50692,288215
50693,364342
50694,329946
50695,566067
50696,753537
50697,174206
50698,660108
50699,166589
50700,352695
50701,799140
50702,769515
50703,158228
50704,867308
50705,322579
50706,206298
50707,717349
50708,539207
50709,812634
50710,854871
50711,651877
50712,643694
50713,896632
50714,332938
50715,911670
50716,217647
50717,170181
50718,903485
50719,418623
50720,418295
50721,941289
50722,602127
50723,754096
50724,654413
50725,192936
50726,862140
50727,839573
50728,292199
50729,115611
50730,853375
50731,620905
50732,421855
50733,459474
50734,991175
50735,467673
50736,383488
50737,876786
50738,458778
50739,359911
50740,391691
50741,963331
50742,885752
50743,115440
50744,476407
50745,955144
50746,620546
50747,342978
50748,153380
50749,122931
50750,990308
50751,453520
50752,228711
50753,771989
50754,637088
50755,351823
50756,947105
50757,836126
50758,611873
50759,417948
50760,547945
50761,995471
50762,949641
50763,410207
50764,594855
50765,443827
50766,635968
50767,506566
50768,552146
50769,352476
50770,937266
50771,907822
50772,660455
50773,901027
50774,927935
50775,648126
50776,206001
50777,858180
50778,481903
50779,717190
50780,237973
50781,497197
50782,703016
50783,741577
50784,416967
50785,794348
50786,881633
50787,702688
50788,131602
50789,775661
50790,726351
50791,865455
50792,198746
50793,735116
50794,288372
50795,149396
50796,950640
50797,901533
50798,453747
50799,351076
50800,384136
50801,947266
50802,446128
50803,989519
50804,459866
50805,343785
50806,963808
50807,571331
50808,894680
50809,763699
50810,721108
50811,603783
50812,997228
50813,696731
50814,461426
50815,904573
50816,547138
50817,226476
50818,451163
50819,503645
50820,864028
50821,366062
50822,531980
50823,509976
50824,755984
50825,618953
50826,478524
50827,764883
50828,644654
50829,760224
50830,607162
50831,841605
50832,777254
50833,744394
50834,970045
50835,507173
50836,377360
50837,507885
50838,114182
50839,385563
50840,566715
50841,189784
50842,524892
50843,182171
50844,617881
50845,312944
50846,810121
50847,581693
50848,472617
50849,874177
50850,600791
50851,223484
50852,591892
50853,215287
50854,696072
50855,617714
50856,147740
50857,767720
50858,331249
50859,864807
50860,287284
50861,120008
50862,725959
50863,111501
50864,416335
50865,503982
50866,882593
50867,826688
50868,874410
50869,573789
50870,774573
50871,905286
50872,542385
50873,322544
50874,490732
50875,129771
50876,684258
50877,370422
50878,849637
50879,439814
50880,953112
50881,182488
50882,406306
50883,159551
50884,536540
50885,246416
50886,984180
50887,743529
50888,669612
50889,744097
50890,474018
50891,171814
50892,451376
50893,180013
50894,782142
50895,310286
50896,227087
50897,258275
50898,510907
50899,393553
50900,732500
50901,705917
50902,326024
50903,365701
50904,373902
50905,116888
50906,909877
50907,411703
50908,446427
50909,746546
50910,219436
50911,979653
50912,869842
50913,350735
50914,658423
50915,412415
50916,729524
50917,675001
50918,929967
50919,921764
50920,116400
50921,343370
50922,956232
50923,509331
50924,814993
50925,973728
50926,580171
50927,251822
50928,981931
50929,697726
50930,673567
50931,233696
50932,539362
50933,511229
50934,789850
50935,938596
50936,779416
50937,762838
50938,612807
50939,508629
50940,754653
50941,923618
50942,429339
50943,512613
50944,241267
50945,557981
50946,642715
50947,399943
50948,678735
50949,809636
50950,165624
50951,425218
50952,262399
50953,695277
50954,582872
50955,347953
50956,995289
50957,709259
50958,848291
50959,560565
50960,608095
50961,229456
50962,523334
50963,273428
50964,134644
50965,744935
50966,937524
50967,265943
50968,377917
50969,791490
50970,816932
50971,150481
50972,360656
50973,399308
50974,808751
50975,360984
50976,840203
50977,274359
50978,246973
50979,414282
50980,660290
50981,693862
50982,247413
50983,363568
50984,735017
50985,842787
50986,180445
50987,512454
50988,118829
50989,526290
50990,312318
50991,496704
50992,703117
50993,834406
50994,784267
50995,790265
50996,467735
50997,493112
50998,885141
50999,722834
51000,893342
51001,805759
51002,761973
51003,538473
51004,893782
51005,292009
51006,708528
51007,620711
51008,561734
51009,655179
51010,508862
51011,403807
51012,250893
51013,580072
51014,580384
51015,995370
51016,903739
51017,981696
51018,673396
51019,643432
51020,966030
51021,681599
51022,117885
51023,888765
51024,958285
51025,731569
51026,705360
51027,804183
51028,234307
51029,321217
51030,810035
51031,759602
51032,687571
51033,182049
51034,239844
51035,767473
51036,985413
51037,132427
51038,905623
51039,935563
51040,874107
51041,249193
51042,849716
51043,440279
51044,614851
51045,205088
51046,397360
51047,522961
51048,191434
51049,606664
51050,432092
51051,960522
51052,197603
51053,230415
51054,929766
51055,159470
51056,129522
51057,406259
51058,483326
51059,264256
51060,744304
51061,831610
51062,499092
51063,410886
51064,226326
51065,904975
51066,664581
51067,389337
51068,494884
51069,773164
51070,450601
51071,827594
51072,331888
51073,125834
51074,510570
51075,209296
51076,374111
51077,811680
51078,803499
51079,997886
51080,823017
51081,595998
51082,789453
51083,253401
51084,822305
51085,227902
51086,460328
51087,453833
51088,491972
51089,755586
51090,806019
51091,894562
51092,645748
51093,570801
51094,152245
51095,814656
51096,476078
51097,846252
51098,499876
51099,878507
51100,691361
51101,822602
51102,870304
51103,420430
51104,168828
51105,700002
51106,586644
51107,124105
51108,537398
51109,754721
51110,562385
51111,316889
51112,343864
51113,211995
51114,715748
51115,645919
51116,367127
51117,570898
51118,389554
51119,904364
51120,227253
51121,827809
51122,740011
51123,410733
51124,688777
51125,982687
51126,268699
51127,478757
51128,234964
51129,195089
51130,965401
51131,714500
51132,478445
51133,737174
51134,290414
51135,482397
51136,920654
51137,567874
51138,576775
51139,254497
51140,631490
51141,743635
51142,222669
51143,623305
51144,725885
51145,856726
51146,331651
51147,609931
51148,320866
51149,864925
51150,400827
51151,650148
51152,617544
51153,558761
51154,354830
51155,966668
51156,600838
51157,826874
51158,944107
51159,271808
51160,249546
51161,750648
51162,935208
51163,388906
51164,727571
51165,647170
51166,281579
51167,368906
51168,122836
51169,198094
51170,174177
51171,693631
51172,791416
51173,915865
51174,466589
51175,221835
51176,991563
51177,344483
51178,448191
51179,408310
51180,280331
51181,311527
51182,843250
51183,712401
51184,525515
51185,541573
51186,140141
51187,111729
51188,583338
51189,802139
51190,980281
51191,972082
51192,452652
51193,169714
51194,829647
51195,868582
51196,391700
51197,545277
51198,266485
51199,493545
51200,658443
51201,383519
51202,466958
51203,805550
51204,516268
51205,292784
51206,485184
51207,429473
51208,838978
51209,561503
51210,153168
51211,508071
51212,342142
51213,570268
51214,602840
51215,170202
51216,579641
51217,689927
51218,348435
51219,178713
51220,651442
51221,118188
51222,403110
51223,896175
51224,896615
51225,731232
51226,958108
51227,903809
51228,356467
51229,170873
51230,226128
51231,548542
51232,259260
51233,588121
51234,539131
51235,611574
51236,477192
51237,285232
51238,241978
51239,862760
51240,126156
51241,804645
51242,539443
51243,412776
51244,990899
51245,459686
51246,561916
51247,342293
51248,324607
51249,193044
51250,893932
51251,237337
51252,291859
51253,861896
51254,192732
51255,153403
51256,851546
51257,207494
51258,433274
51259,927368
51260,942534
51261,379844
51262,505401
51263,256236
51264,914450
51265,173546
51266,694516
51267,238402
51268,848570
51269,438873
51270,329038
51271,808853
51272,523671
51273,430234
51274,481904
51275,847986
51276,438417
51277,892287
51278,598475
51279,667963
51280,273861
51281,659760
51282,213283
51283,884510
51284,632047
51285,265990
51286,297194
51287,585268
51288,415021
51289,823530
51290,985078
51291,669414
51292,921022
51293,281949
51294,290134
51295,431943
51296,321650
51297,282517
51298,140763
51299,271408
51300,304092
51301,935128
51302,424390
51303,257529
51304,542715
51305,882411
51306,524469
51307,687432
51308,182202
51309,339120
51310,479565
51311,719524
51312,558481
51313,279413
51314,926621
51315,291078
51316,325354
51317,860437
51318,483830
51319,721469
51320,343752
51321,955594
51322,185794
51323,446097
51324,947883
51325,658109
51326,604742
51327,392354
51328,924942
51329,563977
51330,964641
51331,627593
51332,145803
51333,996741
51334,389770
51335,547171
51336,137600
51337,580679
51338,588876
51339,819290
51340,912727
51341,644524
51342,540493
51343,394168
51344,518489
51345,644964
51346,764569
51347,374375
51348,714655
51349,618627
51350,258242
51351,589095
51352,381930
51353,948712
51354,782111
51355,218605
51356,820217
51357,226790
51358,204355
51359,185513
51360,212096
51361,509818
51362,116369
51363,203915
51364,691258
51365,299532
51366,388473
51367,464744
51368,215925
51369,416366
51370,140920
51371,249425
51372,164695
51373,993470
51374,574388
51375,704073
51376,558330
51377,339731
51378,818944
51379,641532
51380,432132
51381,898850
51382,641844
51383,240604
51384,759490
51385,617683
51386,850468
51387,945040
51388,692330
51389,992918
51390,969847
51391,840711
51392,737037
51393,899338
51394,891137
51395,849604
51396,891849
51397,523041
51398,928990
51399,867374
51400,196827
51401,541470
51402,425963
51403,775170
51404,825583
51405,216115
51406,633655
51407,131381
51408,650361
51409,686949
51410,288667
51411,678310
51412,734379
51413,407717
51414,583705
51415,255484
51416,544054
51417,414152
51418,306137
51419,928664
51420,329334
51421,150171
51422,761188
51423,314964
51424,439209
51425,954039
51426,365538
51427,233993
51428,153827
51429,697695
51430,217771
51431,443484
51432,879766
51433,170633
51434,995680
51435,334374
51436,342573
51437,954415
51438,813630
51439,315908
51440,334062
51441,324111
51442,430066
51443,501169
51444,902489
51445,260964
51446,274533
51447,745885
51448,517012
51449,762524
51450,395637
51451,805726
51452,324012
51453,707929
51454,342854
51455,114876
51456,698908
51457,830455
51458,998635
51459,868630
51460,493081
51461,667120
51462,412915
51463,745718
51464,876829
51465,587042
51466,467766
51467,453084
51468,862331
51469,844433
51470,403286
51471,723795
51472,477787
51473,333741
51474,485968
51475,896351
51476,987136
51477,251620
51478,949517
51479,382735
51480,170282
51481,772409
51482,820692
51483,702028
51484,937398
51485,448335
51486,631924
51487,799363
51488,816589
51489,337374
51490,954332
51491,560695
51492,727339
51493,489512
51494,677605
51495,158715
51496,289296
51497,150512
51498,760847
51499,625239
51500,942429
51501,165810
51502,624799
51503,139933
51504,942997
51505,173425
51506,347771
51507,616502
51508,651226
51509,149264
51510,338934
51511,565268
51512,520684
51513,332441
51514,325752
51515,732780
51516,895083
51517,672609
51518,680810
51519,374142
51520,714318
51521,436038
51522,340058
51523,855364
51524,539732
51525,201146
51526,706117
51527,732324
51528,948977
51529,146425
51530,258323
51531,595167
51532,349655
51533,311094
51534,555474
51535,721543
51536,714854
51537,622458
51538,814689
51539,405122
51540,243829
51541,922524
51542,235646
51543,860591
51544,159831
51545,291260
51546,475463
51547,666124
51548,468482
51549,947417
51550,979765
51551,877609
51552,449619
51553,163918
51554,164486
51555,704408
51556,661631
51557,189891
51558,810714
51559,338954
51560,559075
51561,719390
51562,133954
51563,264873
51564,354212
51565,984908
51566,415583
51567,114333
51568,891088
51569,129491
51570,290596
51571,960555
51572,432125
51573,327905
51574,362253
51575,614882
51576,440310
51577,550921
51578,984303
51579,465402
51580,543434
51581,191104
51582,961416
51583,362086
51584,859295
51585,439965
51586,182339
51587,634371
51588,496374
51589,458747
51590,696056
51591,750617
51592,140994
51593,458035
51594,687257
51595,286823
51596,864372
51597,513464
51598,763587
51599,124448
51600,436941
51601,562416
51602,622097
51603,653821
51604,375029
51605,152575
51606,806657
51607,570619
51608,193560
51609,350300
51610,219575
51611,299134
51612,176542
51613,979094
51614,340273
51615,318416
51616,924895
51617,965432
51618,837317
51619,163604
51620,393986
51621,724748
51622,956923
51623,688224
51624,419471
51625,762701
51626,893606
51627,438083
51628,342111
51629,813132
51630,682407
51631,244880
51632,621471
51633,292753
51634,990513
51635,143668
51636,771776
51637,938039
51638,453317
51639,998714
51640,228402
51641,972051
51642,605721
51643,999410
51644,938751
51645,252189
51646,220913
51647,597522
51648,713387
51649,435107
51650,485705
51651,572821
51652,887941
51653,812644
51654,531058
51655,170547
51656,494376
51657,772640
51658,418249
51659,382686
51660,911624
51661,664073
51662,741124
51663,883868
51664,306019
51665,414066
51666,799130
51667,414650
51668,824501
51669,398580
51670,523797
51671,607500
51672,336911
51673,369635
51674,280834
51675,515614
51676,761310
51677,616399
51678,398908
51679,633741
51680,802170
51681,793969
51682,749975
51683,794553
51684,140108
51685,942660
51686,918785
51687,512766
51688,608748
51689,520253
51690,400092
51691,127446
51692,319693
51693,471868
51694,914483
51695,165312
51696,224745
51697,165640
51698,256517
51699,139503
51700,749820
51701,897461
51702,157601
51703,363691
51704,330567
51705,565422
51706,338764
51707,512349
51708,118966
51709,180878
51710,720784
51711,198756
51712,926817
51713,968744
51714,265711
51715,134148
51716,991233
51717,900437
51718,197764
51719,560781
51720,315269
51721,438904
51722,333591
51723,611871
51724,341460
51725,611543
51726,539098
51727,234456
51728,348817
51729,981139
51730,772483
51731,664418
51732,493707
51733,462695
51734,740519
51735,636598
51736,409769
51737,179027
51738,689741
51739,404236
51740,655312
51741,360058
51742,667522
51743,771427
51744,144023
51745,500832
51746,910923
51747,797857
51748,544951
51749,818364
51750,558918
51751,312910
51752,679260
51753,533097
51754,679828
51755,156298
51756,842131
51757,835286
51758,634829
51759,541996
51760,215241
51761,346402
51762,751063
51763,975336
51764,625934
51765,943620
51766,634117
51767,132871
51768,542692
51769,223754
51770,535617
51771,899766
51772,191310
51773,728250
51774,760662
51775,684471
51776,121213
51777,282506
51778,336519
51779,182669
51780,313446
51781,361824
51782,899198
51783,944172
51784,507859
51785,499672
51786,298792
51787,576744
51788,936687
51789,264716
51790,113904
51791,739724
51792,635805
51793,389781
51794,796010
51795,627606
51796,349554
51797,381014
51798,948820
51799,635221
51800,495008
51801,171195
51802,450733
51803,652827
51804,811244
51805,393220
51806,194870
51807,563678
51808,155345
51809,402119
51810,586363
51811,947324
51812,638845
51813,901995
51814,971675
51815,145340
51816,979288
51817,707072
51818,683495
51819,529106
51820,714947
51821,893998
51822,537305
51823,998105
51824,578003
51825,491563
51826,276284
51827,384477
51828,822734
51829,596793
51830,307736
51831,657665
51832,275956
51833,316765
51834,436384
51835,366683
51836,203924
51837,654224
51838,555732
51839,665378
51840,494795
51841,258581
51842,250398
51843,555036
51844,627453
51845,803652
51846,163761
51847,933561
51848,478881
51849,756365
51850,714624
51851,200820
51852,439536
51853,929289
51854,736730
51855,891862
51856,370376
51857,254061
51858,141959
51859,551524
51860,591721
51861,345257
51862,272804
51863,377669
51864,959749
51865,710931
51866,850163
51867,558309
51868,818975
51869,890366
51870,918242
51871,514005
51872,371240
51873,952262
51874,215914
51875,801433
51876,257165
51877,874388
51878,458134
51879,742583
51880,967232
51881,935340
51882,626349
51883,472500
51884,761211
51885,928647
51886,198530
51887,328865
51888,192427
51889,928079
51890,919876
51891,369478
51892,832539
51893,745233
51894,983820
51895,824336
51896,414495
51897,273450
51898,378571
51899,916437
51900,213196
51901,352556
51902,166438
51903,330377
51904,843126
51905,758171
51906,919404
51907,441758
51908,851893
51909,872986
51910,967942
51911,256259
51912,633640
51913,131370
51914,749874
51915,379435
51916,771245
51917,690603
51918,659015
51919,658575
51920,553330
51921,876649
51922,169590
51923,893131
51924,368085
51925,955128
51926,847621
51927,716526
51928,780358
51929,278098
51930,795463
51931,259995
51932,904046
51933,356764
51934,987508
51935,835878
51936,572720
51937,126243
51938,723495
51939,565235
51940,844773
51941,757507
51942,643829
51943,293148
51944,426765
51945,966163
51946,573432
51947,548082
51948,663823
51949,748553
51950,689896
51951,594420
51952,409612
51953,382424
51954,749249
51955,443688
51956,820683
51957,218079
51958,828864
51959,477324
51960,923807
51961,402817
51962,757352
51963,896904
51964,539007
51965,426598
51966,201873
51967,704934
51968,835661
51969,780037
51970,135737
51971,798412
51972,839269
51973,673890
51974,316272
51975,315832
51976,847014
51977,954715
51978,805697
51979,161716
51980,861772
51981,962896
51982,726484
51983,512816
51984,372429
51985,865332
51986,642310
51987,897296
51988,480788
51989,557056
51990,801972
51991,497334
51992,776126
51993,583493
51994,593316
51995,270753
51996,112030
51997,906397
51998,607426
51999,430806
52000,398650
52001,526788
52002,560680
52003,728060
52004,206562
52005,515352
52006,647661
52007,289295
52008,639462
52009,130296
52010,523539
52011,430110
52012,297070
52013,475001
52014,414324
52015,691700
52016,359403
52017,460310
52018,699903
52019,788795
52020,630732
52021,930696
52022,193900
52023,622437
52024,721560
52025,212870
52026,375169
52027,715441
52028,894556
52029,763831
52030,940773
52031,912882
52032,250119
52033,878806
52034,635687
52035,419123
52036,451295
52037,863568
52038,732347
52039,326319
52040,572327
52041,855387
52042,925099
52043,401589
52044,230449
52045,290619
52046,483264
52047,405509
52048,953079
52049,432098
52050,522991
52051,752453
52052,142166
52053,661064
52054,800680
52055,700847
52056,577178
52057,141726
52058,507753
52059,882790
52060,447076
52061,279504
52062,370993
52063,181719
52064,189916
52065,810693
52066,128996
52067,767751
52068,147699
52069,573618
52070,774210
52071,133053
52072,581817
52073,985467
52074,582257
52075,661600
52076,132469
52077,835180
52078,566940
52079,208021
52080,917648
52081,240505
52082,890180
52083,687694
52084,959935
52085,882157
52086,140309
52087,458028
52088,994003
52089,164154
52090,542261
52091,662467
52092,684134
52093,559735
52094,614550
52095,640881
52096,676517
52097,768068
52098,190551
52099,197302
52100,205501
52101,577521
52102,585722
52103,473582
52104,875470
52105,747606
52106,595371
52107,276910
52108,603552
52109,226627
52110,227211
52111,494705
52112,788088
52113,589186
52114,518964
52115,965415
52116,855088
52117,285731
52118,117460
52119,340966
52120,836626
52121,764148
52122,803838
52123,227747
52124,831415
52125,796763
52126,947629
52127,979521
52128,691359
52129,586082
52130,491665
52131,375330
52132,282819
52133,683062
52134,203822
52135,124479
52136,675573
52137,124151
52138,762900
52139,325100
52140,316903
52141,886260
52142,871480
52143,259873
52144,655901
52145,949771
52146,332971
52147,519866
52148,651844
52149,888402
52150,210251
52151,434548
52152,731798
52153,798165
52154,745784
52155,980943
52156,990510
52157,501724
52158,252162
52159,229093
52160,438108
52161,813139
52162,674227
52163,963145
52164,862109
52165,923494
52166,508057
52167,754065
52168,320026
52169,678147
52170,148502
52171,481221
52172,897217
52173,462987
52174,994709
52175,601214
52176,802149
52177,995165
52178,140115
52179,271032
52180,111695
52181,858382
52182,439052
52183,892642
52184,526357
52185,920062
52186,677347
52187,398883
52188,677675
52189,515273
52190,122146
52191,314425
52192,206643
52193,937080
52194,598174
52195,753000
52196,378481
52197,506764
52198,255321
52199,265811
52200,322905
52201,329656
52202,817056
52203,281278
52204,920157
52205,953777
52206,206424
52207,816488
52208,607352
52209,246841
52210,113092
52211,344638
52212,876331
52213,455977
52214,702185
52215,273915
52216,659726
52217,726950
52218,188498
52219,712580
52220,843375
52221,809347
52222,279702
52223,918645
52224,496836
52225,457161
52226,833834
52227,574780
52228,749795
52229,131323
52230,500863
52231,252009
52232,553579
52233,459672
52234,737936
52235,544936
52236,797886
52237,493244
52238,972463
52239,459088
52240,868787
52241,467291
52242,597422
52243,990277
52244,501431
52245,383818
52246,274859
52247,484885
52248,730909
52249,885009
52250,211464
52251,316362
52252,324545
52253,418421
52254,170383
52255,382306
52256,277835
52257,748723
52258,225702
52259,318946
52260,957697
52261,531206
52262,162798
52263,426004
52264,732157
52265,835831
52266,731445
52267,862430
52268,520145
52269,681011
52270,500405
52271,788663
52272,604583
52273,392587
52274,699507
52275,350828
52276,176486
52277,878450
52278,838365
52279,367310
52280,675034
52281,721684
52282,283372
52283,374797
52284,123920
52285,707070
52286,729887
52287,428278
52288,495198
52289,982598
52290,443224
52291,555657
52292,788127
52293,146026
52294,982158
52295,442768
52296,450971
52297,208930
52298,374309
52299,895792
52300,200745
52301,332226
52302,895480
52303,518427
52304,532228
52305,490639
52306,322451
52307,191096
52308,535927
52309,649117
52310,614513
52311,514464
52312,676418
52313,536511
52314,599543
52315,167925
52316,455651
52317,542970
52318,385811
52319,223196
52320,969781
52321,465866
52322,214999
52323,661444
52324,142042
52325,181907
52326,432782
52327,711558
52328,321395
52329,488103
52330,850094
52331,634619
52332,272337
52333,156375
52334,558547
52335,339186
52336,513763
52337,128771
52338,913733
52339,295261
52340,573525
52341,424780
52342,215188
52343,416143
52344,439750
52345,768456
52346,868303
52347,841702
52348,921084
52349,440078
52350,859404
52351,214716
52352,377019
52353,507790
52354,246680
52355,377459
52356,167582
52357,465001
52358,543121
52359,250336
52360,948745
52361,788468
52362,912661
52363,819224
52364,603876
52365,258851
52366,940234
52367,137666
52368,996807
52369,226511
52370,594983
52371,145865
52372,611177
52373,332385
52374,855924
52375,326216
52376,878105
52377,144681
52378,446163
52379,822832
52380,604364
52381,714910
52382,537220
52383,763288
52384,204650
52385,707165
52386,483764
52387,536652
52388,437086
52389,212393
52390,563115
52391,987786
52392,493683
52393,451966
52394,602530
52395,663890
52396,259757
52397,781240
52398,705019
52399,403220
52400,888086
52401,652232
52402,284705
52403,854066
52404,292906
52405,667514
52406,947047
52407,500888
52408,221026
52409,990826
52410,445277
52411,143527
52412,885238
52413,561389
52414,192517
52415,396287
52416,334279
52417,288434
52418,489026
52419,950710
52420,918674
52421,279665
52422,734594
52423,433771
52424,608383
52425,881447
52426,583120
52427,112067
52428,247870
52429,463823
52430,872932
52431,741391
52432,505568
52433,174075
52434,986130
52435,593401
52436,368824
52437,953686
52438,900525
52439,808780
52440,197756
52441,352978
52442,456142
52443,134708
52444,344081
52445,413921
52446,624373
52447,265495
52448,387062
52449,991481
52450,576499
52451,900622
52452,157722
52453,230139
52454,328956
52455,192502
52456,685327
52457,816356
52458,761126
52459,816684
52460,314590
52461,474247
52462,113280
52463,784995
52464,945300
52465,378518
52466,908163
52467,969587
52468,575568
52469,876199
52470,915776
52471,766725
52472,127278
52473,232659
52474,843051
52475,311358
52476,512206
52477,633717
52478,915304
52479,942196
52480,417698
52481,256350
52482,496968
52483,274471
52484,383686
52485,629710
52486,737748
52487,578560
52488,771312
52489,553959
52490,203079
52491,839507
52492,722002
52493,682903
52494,477074
52495,621415
52496,315534
52497,211844
52498,931722
52499,236643
52500,893078
52501,123294
52502,636709
52503,664305
52504,390373
52505,741372
52506,958021
52507,836531
52508,365472
52509,161962
52510,394428
52511,293185
52512,643168
52513,932714
52514,187781
52515,285570
52516,711484
52517,120537
52518,409043
52519,993934
52520,464784
52521,826777
52522,346726
52523,172396
52524,550499
52525,248929
52526,380738
52527,985165
52528,303695
52529,215365
52530,439319
52531,792213
52532,622690
52533,936803
52534,631457
52535,499284
52536,883024
52537,591174
52538,595774
52539,787693
52540,595446
52541,180212
52542,218389
52543,904711
52544,418821
52545,714159
52546,155485
52547,652639
52548,125002
52549,836687
52550,200851
52551,510818
52552,340339
52553,554707
52554,412198
52555,460576
52556,228150
52557,638705
52558,168735
52559,997622
52560,468451
52561,500239
52562,730021
52563,235863
52564,675496
52565,894370
52566,814920
52567,212656
52568,186009
52569,244628
52570,860294
52571,665734
52572,997789
52573,358782
52574,176311
52575,822338
52576,830537
52577,404488
52578,244479
52579,283125
52580,396291
52581,429039
52582,124353
52583,508961
52584,922590
52585,179871
52586,450634
52587,740259
52588,302519
52589,982367
52590,572410
52591,933373
52592,163061
52593,895713
52594,518658
52595,339992
52596,956626
52597,125217
52598,964825
52599,427463
52600,322114
52601,607075
52602,676755
52603,768370
52604,159373
52605,543019
52606,992717
52607,376833
52608,273120
52609,222733
52610,423702
52611,960065
52612,856406
52613,951426
52614,850303
52615,513169
52616,898169
52617,767378
52618,710815
52619,488310
52620,416053
52621,450265
52622,975815
52623,164548
52624,463923
52625,670462
52626,355078
52627,295399
52628,703762
52629,581860
52630,648130
52631,526627
52632,315335
52633,858168
52634,639945
52635,847889
52636,255655
52637,624207
52638,784762
52639,266085
52640,668560
52641,701564
52642,897855
52643,677941
52644,642857
52645,372266
52646,119356
52647,241601
52648,950540
52649,857616
52650,958727
52651,270662
52652,625327
52653,968258
52654,783770
52655,750198
52656,260855
52657,467918
52658,184956
52659,211101
52660,316311
52661,161179
52662,805798
52663,122959
52664,853664
52665,437410
52666,184500
52667,342974
52668,716202
52669,114756
52670,588786
52671,138486
52672,259607
52673,391164
52674,880589
52675,931955
52676,520076
52677,196247
52678,844393
52679,713602
52680,888676
52681,651706
52682,233810
52683,896423
52684,278197
52685,410440
52686,349112
52687,987539
52688,981874
52689,663683
52690,548222
52691,973689
52692,341557
52693,365338
52694,611838
52695,573215
52696,651801
52697,220851
52698,821415
52699,413024
52700,658536
52701,980882
52702,351632
52703,309105
52704,862144
52705,838945
52706,211774
52707,754436
52708,655097
52709,211446
52710,193308
52711,931320
52712,292123
52713,762639
52714,817782
52715,338533
52716,188772
52717,127380
52718,642626
52719,189356
52720,148555
52721,833564
52722,463390
52723,549869
52724,624908
52725,694780
52726,216579
52727,625604
52728,457271
52729,872501
52730,398974
52731,639082
52732,568679
52733,892607
52734,858451
52735,474869
52736,583905
52737,702431
52738,386599
52739,908089
52740,776914
52741,273613
52742,983331
52743,155640
52744,317951
52745,186388
52746,340766
52747,435202
52748,705793
52749,163827
52750,540432
52751,820132
52752,250460
52753,418976
52754,547485
52755,796299
52756,494729
52757,657259
52758,381311
52759,528691
52760,956212
52761,428577
52762,517604
52763,837642
52764,845825
52765,115716
52766,683526
52767,604600
52768,299601
52769,971442
52770,445807
52771,989840
52772,220056
52773,629911
52774,420488
52775,228243
52776,172801
52777,303850
52778,626415
52779,415995
52780,783122
52781,496145
52782,272334
52783,504018
52784,975041
52785,592843
52786,339334
52787,917608
52788,641441
52789,156579
52790,752342
52791,298185
52792,328045
52793,231274
52794,675989
52795,290472
52796,321860
52797,439474
52798,816061
52799,282275
52800,944806
52801,792411
52802,908721
52803,543558
52804,909177
52805,693140
52806,751989
52807,536267
52808,640042
52809,999981
52810,615373
52811,370657
52812,606478
52813,961028
52814,158944
52815,834652
52816,295234
52817,249263
52818,472221
52819,111258
52820,782969
52821,718897
52822,156360
52823,532707
52824,687381
52825,763271
52826,160376
52827,729707
52828,212862
52829,316532
52830,509060
52831,805957
52832,445444
52833,789259
52834,692164
52835,822831
52836,724608
52837,864096
52838,393870
52839,540283
52840,957119
52841,680261
52842,974321
52843,948758
52844,310553
52845,589529
52846,905161
52847,211000
52848,847404
52849,722214
52850,403747
52851,395560
52852,484389
52853,612560
52854,383354
52855,135803
52856,667053
52857,737440
52858,467363
52859,220597
52860,553051
52861,946608
52862,723726
52863,704996
52864,573137
52865,888769
52866,958257
52867,210136
52868,854061
52869,270192
52870,178556
52871,911492
52872,146520
52873,594358
52874,995414
52875,269752
52876,799454
52877,632545
52878,297700
52879,344078
52880,174852
52881,551947
52882,790557
52883,677560
52884,515418
52885,816984
52886,920229
52887,616003
52888,633033
52889,173356
52890,943048
52891,942336
52892,741392
52893,165871
52894,338859
52895,232871
52896,400208
52897,198787
52898,608352
52899,127634
52900,720759
52901,139619
52902,347525
52903,387682
52904,802645
52905,833721
52906,608523
52907,686576
52908,525325
52909,442132
52910,180994
52911,616704
52912,726581
52913,720084
52914,526021
52915,642095
52916,866261
52917,776823
52918,422302
52919,166500
52920,448121
52921,273512
52922,945731
52923,213574
52924,174247
52925,753496
52926,481557
52927,560897
52928,526573
52929,238319
52930,289262
52931,709367
52932,191777
52933,360903
52934,769330
52935,369100
52936,560585
52937,651380
52938,195985
52939,333467
52940,326778
52941,260057
52942,462571
52943,470752
52944,656101
52945,476485
52946,245439
52947,674123
52948,839500
52949,861613
52950,805480
52951,115082
52952,621432
52953,545083
52954,637914
52955,260921
52956,666822
52957,359742
52958,169524
52959,990678
52960,658637
52961,177399
52962,738051
52963,455054
52964,551580
52965,175507
52966,978515
52967,345169
52968,473516
52969,883023
52970,447309
52971,944575
52972,246358
52973,577459
52974,606743
52975,536346
52976,490538
52977,314173
52978,891694
52979,215954
52980,882535
52981,458094
52982,600954
52983,966768
52984,600498
52985,800937
52986,189685
52987,339956
52988,687300
52989,339260
52990,733634
52991,400839
52992,886198
52993,475833
52994,846011
52995,517470
52996,645987
52997,290954
52998,528777
52999,404860
53000,870364
53001,454110
53002,770523
53003,823294
53004,910067
53005,939492
53006,227809
53007,831477
53008,325966
53009,286377
53010,510845
53011,724377
53012,855154
53013,610415
53014,895893
53015,595745
53016,310472
53017,179491
53018,781616
53019,997057
53020,871228
53021,904728
53022,664850
53023,912915
53024,948495
53025,381709
53026,349409
53027,595433
53028,756510
53029,510486
53030,339975
53031,956933
53032,326381
53033,836923
53034,964806
53035,171659
53036,828030
53037,218209
53038,589411
53039,627110
53040,940711
53041,635309
53042,904635
53043,302504
53044,429040
53045,613860
53046,375563
53047,283114
53048,814652
53049,116181
53050,754998
53051,343599
53052,721626
53053,714811
53054,316622
53055,428344
53056,963622
53057,763197
53058,894166
53059,877684
53060,446070
53061,261990
53062,604265
53063,998218
53064,261550
53065,947788
53066,585803
53067,634677
53068,258006
53069,793033
53070,592082
53071,881860
53072,975120
53073,670433
53074,834790
53075,818244
53076,532569
53077,363440
53078,733793
53079,307163
53080,423361
53081,167483
53082,465412
53083,254462
53084,346098
53085,535737
53086,999519
53087,490817
53088,736329
53089,648787
53090,920921
53091,514158
53092,190846
53093,960630
53094,522341
53095,224692
53096,355423
53097,347220
53098,986295
53099,248403
53100,271249
53101,783749
53102,457099
53103,355991
53104,541330
53105,726316
53106,407849
53107,926780
53108,198713
53109,959440
53110,608786
53111,958744
53112,711950
53113,809737
53114,247475
53115,945498
53116,693920
53117,833344
53118,598455
53119,498350
53120,466826
53121,222108
53122,866348
53123,438821
53124,817122
53125,210018
53126,958347
53127,757392
53128,202401
53129,643502
53130,995564
53131,594188
53132,178958
53133,628448
53134,410172
53135,556745
53136,588069
53137,579886
53138,697555
53139,828728
53140,270282
53141,493782
53142,893840
53143,161156
53144,813434
53145,754288
53146,955243
53147,621225
53148,211530
53149,716213
53150,753848
53151,508336
53152,161612
53153,708030
53154,323915
53155,780285
53156,946442
53157,998412
53158,359663
53159,699131
53160,902357
53161,738002
53162,682802
53163,508123
53164,537612
53165,798559
53166,578725
53167,360268
53168,300461
53169,690515
53170,383147
53171,501662
53172,821872
53173,972678
53174,938090
53175,651470
53176,564675
53177,713462
53178,722967
53179,242405
53180,911701
53181,780478
53182,349095
53183,269417
53184,904086
53185,418196
53186,580237
53187,221943
53188,824552
53189,791300
53190,977885
53191,344543
53192,386616
53193,265433
53194,527007
53195,961683
53196,430477
53197,840614
53198,361397
53199,248304
53200,356348
53201,296221
53202,934106
53203,834251
53204,449059
53205,942289
53206,505646
53207,311451
53208,857516
53209,241333
53210,642653
53211,156546
53212,725914
53213,207948
53214,719795
53215,925762
53216,532905
53217,751127
53218,782843
53219,496176
53220,415962
53221,592162
53222,867994
53223,197231
53224,321893
53225,129718
53226,289857
53227,328012
53228,482490
53229,273167
53230,114480
53231,631333
53232,385837
53233,657226
53234,137823
53235,547516
53236,250493
53237,948628
53238,381846
53239,595314
53240,803623
53241,895430
53242,332596
53243,836811
53244,317918
53245,117261
53246,366096
53247,393484
53248,519149
53249,939959
53250,350802
53251,979024
53252,878412
53253,384886
53254,909928
53255,500363
53256,460140
53257,529370
53258,646136
53259,964382
53260,838371
53261,571125
53262,721378
53263,509702
53264,822798
53265,578067
53266,699686
53267,276020
53268,428907
53269,846723
53270,563093
53271,404620
53272,243891
53273,846155
53274,291762
53275,303099
53276,594969
53277,411433
53278,419618
53279,827437
53280,358354
53281,564085
53282,618900
53283,610719
53284,933241
53285,366003
53286,522806
53287,431931
53288,327719
53289,560069
53290,482769
53291,514621
53292,815167
53293,151042
53294,760629
53295,405724
53296,684828
53297,815863
53298,952550
53299,483097
53300,831645
53301,543591
53302,777339
53303,669338
53304,345961
53305,978283
53306,408636
53307,687412
53308,208167
53309,810196
53310,363307
53311,679927
53312,842224
53313,959501
53314,951302
53315,480249
53316,850427
53317,164416
53318,464055
53319,263239
53320,111291
53321,172619
53322,793498
53323,249230
53324,280751
53325,149828
53326,238501
53327,183392
53328,717182
53329,198282
53330,785206
53331,474578
53332,297669
53333,498229
53334,255211
53335,474906
53336,791284
53337,623619
53338,441950
53339,279631
53340,817489
53341,758363
53342,512851
53343,712541
53344,288396
53345,927343
53346,686706
53347,311659
53348,441494
53349,256707
53350,425012
53351,296485
53352,976589
53353,248520
53354,549066
53355,663551
53356,379371
53357,694291
53358,165126
53359,702488
53360,633064
53361,252536
53362,493157
53363,266617
53364,544881
53365,308310
53366,252080
53367,708589
53368,517096
53369,403714
53370,847373
53371,316179
53372,530239
53373,654814
53374,236854
53375,893379
53376,805666
53377,707877
53378,251544
53379,627891
53380,470954
53381,451904
53382,356956
53383,636088
53384,652278
53385,644093
53386,672993
53387,862215
53388,511435
53389,477735
53390,348988
53391,795428
53392,636371
53393,795116
53394,941073
53395,301854
53396,786919
53397,835909
53398,887875
53399,285628
53400,812138
53401,373653
53402,293247
53403,803937
53404,896640
53405,902437
53406,252379
53407,143858
53408,274457
53409,990711
53410,467177
53411,453123
53412,359711
53413,972573
53414,477100
53415,931764
53416,538207
53417,893096
53418,805449
53419,570235
53420,368510
53421,762763
53422,674154
53423,376693
53424,847718
53425,127248
53426,526052
53427,950499
53428,312008
53429,337961
53430,720445
53431,379008
53432,248171
53433,387211
53434,425879
53435,994636
53436,449208
53437,915286
53438,238286
53439,776350
53440,344972
53441,414588
53442,945762
53443,414132
53444,624544
53445,174670
53446,584365
53447,221348
53448,776790
53449,869685
53450,796728
53451,136397
53452,384972
53453,586697
53454,878582
53455,658192
53456,412184
53457,778737
53458,268270
53459,886623
53460,116311
53461,343469
53462,397214
53463,894364
53464,715121
53465,316804
53466,622189
53467,283240
53468,664883
53469,904433
53470,589281
53471,819703
53472,863320
53473,285760
53474,402293
53475,478840
53476,427154
53477,836721
53478,121351
53479,867560
53480,431850
53481,736515
53482,328182
53483,362010
53484,929488
53485,648657
53486,406469
53487,908937
53488,944542
53489,473485
53490,175994
53491,473925
53492,415304
53493,543414
53494,908353
53495,455087
53496,521991
53497,679150
53498,189980
53499,147963
53500,240082
53501,119855
53502,687661
53503,189652
53504,566327
53505,172954
53506,541854
53507,496266
53508,835428
53509,140990
53510,695372
53511,889932
53512,208725
53513,725579
53514,865195
53515,566620
53516,810662
53517,898703
53518,679301
53519,363409
53520,240241
53521,994267
53522,935638
53523,271934
53524,172089
53525,696303
53526,215056
53527,985368
53528,140573
53529,380439
53530,774889
53531,801251
53532,424192
53533,742661
53534,676781
53535,736928
53536,282451
53537,406190
53538,891052
53539,121708
53540,440202
53541,736360
53542,322172
53543,606613
53544,196982
53545,231066
53546,473646
53547,385076
53548,543709
53549,669216
53550,970202
53551,264221
53552,777737
53553,984568
53554,345371
53555,494969
53556,268901
53557,555878
53558,442495
53559,748438
53560,276646
53561,145741
53562,250796
53563,451260
53564,155144
53565,563463
53566,393749
53567,518716
53568,201158
53569,855352
53570,618798
53571,117724
53572,554886
53573,666224
53574,392292
53575,699804
53576,665784
53577,308138
53578,219296
53579,291592
53580,860955
53581,683326
53582,755679
53583,151584
53584,283083
53585,212269
53586,259297
53587,357094
53588,950019
53589,780788
53590,787198
53591,911391
53592,655837
53593,689713
53594,664022
53595,138440
53596,187498
53597,539502
53598,932485
53599,765042
53600,201800
53601,966561
53602,426687
53603,836188
53604,118354
53605,530861
53606,153934
53607,477269
53608,209987
53609,177415
53610,351757
53611,990958
53612,260097
53613,772055
53614,391970
53615,972492
53616,682616
53617,530309
53618,211563
53619,529741
53620,726981
53621,865517
53622,608507
53623,565786
53624,521186
53625,651036
53626,312089
53627,851463
53628,934744
53629,139867
53630,139411
53631,355454
53632,296607
53633,994461
53634,131224
53635,633498
53636,387986
53637,158525
53638,920126
53639,761033
53640,892194
53641,206067
53642,685280
53643,122594
53644,735718
53645,430607
53646,328979
53647,784708
53648,884547
53649,584116
53650,266075
53651,907428
53652,632442
53653,702090
53654,752736
53655,247442
53656,481678
53657,122761
53658,328824
53659,928606
53660,206672
53661,386585
53662,598269
53663,465928
53664,448226
53665,660174
53666,745416
53667,876067
53668,668357
53669,959130
53670,927094
53671,148597
53672,889441
53673,686443
53674,950929
53675,915436
53676,173588
53677,391753
53678,553387
53679,143688
53680,629122
53681,275051
53682,578692
53683,999310
53684,938627
53685,853309
53686,316098
53687,813104
53688,283950
53689,324297
53690,612640
53691,613352
53692,754162
53693,530158
53694,987565
53695,981836
53696,348494
53697,740784
53698,356677
53699,580268
53700,636833
53701,462448
53702,147296
53703,911732
53704,196546
53705,757722
53706,153637
53707,923949
53708,713431
53709,619979
53710,210216
53711,478198
53712,924645
53713,539141
53714,114151
53715,984830
53716,744163
53717,133176
53718,167892
53719,214334
53720,917031
53721,840804
53722,522634
53723,514433
53724,718212
53725,314297
53726,928957
53727,961361
53728,450345
53729,827338
53730,800813
53731,541755
53732,649620
53733,279165
53734,362647
53735,287350
53736,810856
53737,231804
53738,952250
53739,964041
53740,123953
53741,366631
53742,212523
53743,528653
53744,814363
53745,806160
53746,571114
53747,629929
53748,691857
53749,746608
53750,209611
53751,242983
53752,925390
53753,836820
53754,294126
53755,401688
53756,563713
53757,269227
53758,419414
53759,940872
53760,604078
53761,871352
53762,879539
53763,411229
53764,781748
53765,948619
53766,180079
53767,357486
53768,137352
53769,837495
53770,965258
53771,510610
53772,724086
53773,478590
53774,242764
53775,886969
53776,878608
53777,303076
53778,137699
53779,664829
53780,138027
53781,603845
53782,696793
53783,350150
53784,846748
53785,437119
53786,428916
53787,729245
53788,193962
53789,714943
53790,939019
53791,446194
53792,253217
53793,990149
53794,176172
53795,979236
53796,577732
53797,491836
53798,249689
53799,550235
53800,943280
53801,914348
53802,801094
53803,669869
53804,801678
53805,634233
53806,163991
53807,223862
53808,943736
53809,321081
53810,487717
53811,733229
53812,649783
53813,856837
53814,850404
53815,409323
53816,533013
53817,743744
53818,141656
53819,944792
53820,142224
53821,264816
53822,405699
53823,567577
53824,868334
53825,387895
53826,355547
53827,574970
53828,802304
53829,794123
53830,504841
53831,593680
53832,843433
53833,857739
53834,842849
53835,232857
53836,534427
53837,790563
53838,983251
53839,448300
53840,752837
53841,590832
53842,174578
53843,506089
53844,466702
53845,709538
53846,735555
53847,717153
53848,314772
53849,368793
53850,765471
53851,836345
53852,196108
53853,844530
53854,242442
53855,154091
53856,187599
53857,713169
53858,981634
53859,502417
53860,973449
53861,602955
53862,356931
53863,697431
53864,115223
53865,185063
53866,853235
53867,646914
53868,805693
53869,569543
53870,342821
53871,211662
53872,962860
53873,300682
53874,266598
53875,178026
53876,267182
53877,737878
53878,368041
53879,839098
53880,323748
53881,284483
53882,923552
53883,476539
53884,292224
53885,972546
53886,453148
53887,822004
53888,572748
53889,765372
53890,126303
53891,862579
53892,196455
53893,723091
53894,477595
53895,530531
53896,118684
53897,225987
53898,697660
53899,139214
53900,410579
53901,911825
53902,470038
53903,655379
53904,269549
53905,602344
53906,452348
53907,590491
53908,305522
53909,213624
53910,776321
53911,907626
53912,255391
53913,575601
53914,466093
53915,667816
53916,535056
53917,206837
53918,122340
53919,816653
53920,369138
53921,892452
53922,149552
53923,919864
53924,328925
53925,489760
53926,928051
53927,639545
53928,866755
53929,742285
53930,387220
53931,256383
53932,304530
53933,834127
53934,355760
53935,758247
53936,650266
53937,330485
53938,897743
53939,510787
53940,764480
53941,510347
53942,116832
53943,774093
53944,795847
53945,226623
53946,697024
53947,310846
53948,948529
53949,146161
53950,381435
53951,879369
53952,806314
53953,124483
53954,236478
53955,755371
53956,212057
53957,846413
53958,754787
53959,886152
53960,788524
53961,979517
53962,350271
53963,299733
53964,971318
53965,738497
53966,870370
53967,586014
53968,909317
53969,835451
53970,592263
53971,943457
53972,625827
53973,662463
53974,985764
53975,473018
53976,774485
53977,513811
53978,409074
53979,147940
53980,156143
53981,959939
53982,841790
53983,641317
53984,279239
53985,240077
53986,440534
53987,618178
53988,558115
53989,951752
53990,114581
53991,345199
53992,385928
53993,423516
53994,630856
53995,465745
53996,353964
53997,585038
53998,551586
53999,322312
54000,999690
54001,759859
54002,230694
54003,960803
54004,576558
54005,752441
54006,376864
54007,272393
54008,415220
54009,660732
54010,752113
54011,800028
54012,631787
54013,336449
54014,921519
54015,768339
54016,328266
54017,626120
54018,782389
54019,457787
54020,458483
54021,156236
54022,533167
54023,810681
54024,409169
54025,279468
54026,719485
54027,479636
54028,890523
54029,524396
54030,917895
54031,960096
54032,711286
54033,721636
54034,243734
54035,116203
54036,367094
54037,838117
54038,963608
54039,204089
54040,517827
54041,283092
54042,528604
54043,921911
54044,886315
54045,116515
54046,437189
54047,901477
54048,604831
54049,276113
54050,979798
54051,989623
54052,358751
54053,939185
54054,665767
54055,864228
54056,510176
54057,154847
54058,895680
54059,610618
54060,989087
54061,310685
54062,179318
54063,226972
54064,635283
54065,547258
54066,389715
54067,451235
54068,827968
54069,654715
54070,923249
54071,437379
54072,707968
54073,334740
54074,122990
54075,762437
54076,283738
54077,738028
54078,135935
54079,383486
54080,553495
54081,597786
54082,351450
54083,300592
54084,699077
54085,620151
54086,924305
54087,402759
54088,126534
54089,365136
54090,443886
54091,987665
54092,780779
54093,903179
54094,580568
54095,786473
54096,745148
54097,544332
54098,134831
54099,937895
54100,414386
54101,884572
54102,238024
54103,858833
54104,337871
54105,607948
54106,523733
54107,158186
54108,398844
54109,524061
54110,534793
54111,709400
54112,206060
54113,425561
54114,263076
54115,256174
54116,355425
54117,270695
54118,379782
54119,793721
54120,662930
54121,363720
54122,188462
54123,526122
54124,119325
54125,513014
54126,525794
54127,480282
54128,206860
54129,364032
54130,994793
54131,670962
54132,593601
54133,505304
54134,775387
54135,601802
54136,407676
54137,320102
54138,189325
54139,364395
54140,520854
54141,363939
54142,809564
54143,843184
54144,207791
54145,265447
54146,875764
54147,456438
54148,598242
54149,968992
54150,353058
54151,668378
54152,891990
54153,329391
54154,158281
54155,373552
54156,705219
54157,862665
54158,196573
54159,126765
54160,804036
54161,426243
54162,333343
54163,225457
54164,556372
54165,251734
54166,382653
54167,879695
54168,981843
54169,949879
54170,368603
54171,292154
54172,621564
54173,516334
54174,538362
54175,980915
54176,902984
54177,578715
54178,746380
54179,444517
54180,752839
54181,584667
54182,543804
54183,466372
54184,497888
54185,799458
54186,524197
54187,130638
54188,927834
54189,735553
54190,323413
54191,205908
54192,149849
54193,526778
54194,515430
54195,900494
54196,224562
54197,262612
54198,131135
54199,694982
54200,986161
54201,173328
54202,593682
54203,347674
54204,112096
54205,624894
54206,256022
54207,433736
54208,320437
54209,287833
54210,950677
54211,311670
54212,805367
54213,861434
54214,508926
54215,508214
54216,682719
54217,284202
54218,654787
54219,153537
54220,847064
54221,621103
54222,308867
54223,587659
54224,658842
54225,830358
54226,829790
54227,421457
54228,938831
54229,391501
54230,444854
54231,530698
54232,804119
54233,394740
54234,539593
54235,326957
54236,477754
54237,242112
54238,580448
54239,602497
54240,277903
54241,664505
54242,772440
54243,741044
54244,451933
54245,872287
54246,932681
54247,326726
54248,854962
54249,844699
54250,341092
54251,966253
54252,731290
54253,932225
54254,673175
54255,251174
54256,147399
54257,772147
54258,941764
54259,225289
54260,995585
54261,722617
54262,485306
54263,646307
54264,516182
54265,516766
54266,738111
54267,300331
54268,902456
54269,493019
54270,637230
54271,177355
54272,746292
54273,309224
54274,980747
54275,448621
54276,783464
54277,601714
54278,968624
54279,224345
54280,915275
54281,379477
54282,678671
54283,609279
54284,617460
54285,441824
54286,650264
54287,408076
54288,888846
54289,650960
54290,433955
54291,189237
54292,843712
54293,533562
54294,288050
54295,221809
54296,552852
54297,474276
54298,983482
54299,784960
54300,142783
54301,544087
54302,122342
54303,928761
54304,328927
54305,192469
54306,481577
54307,647728
54308,238291
54309,472834
54310,993815
54311,742601
54312,704040
54313,450347
54314,841862
54315,156575
54316,687754
54317,232374
54318,936954
54319,223231
54320,792076
54321,142073
54322,114477
54323,272858
54324,944441
54325,970462
54326,832291
54327,701128
54328,482927
54329,768128
54330,676449
54331,159615
54332,190611
54333,960923
54334,201410
54335,733148
54336,836822
54337,540460
54338,373966
54339,563403
54340,619050
54341,811513
54342,294124
54343,326400
54344,332257
54345,427773
54346,595879
54347,442803
54348,795775
54349,451440
54350,974446
54351,226695
54352,688755
54353,145537
54354,344002
54355,397113
54356,124667
54357,152044
54358,375526
54359,721407
54360,747194
54361,350343
54362,177037
54363,299629
54364,770965
54365,291175
54366,683417
54367,475548
54368,317056
54369,436661
54370,366926
54371,204617
54372,596196
54373,467985
54374,227340
54375,869937
54376,384200
54377,658140
54378,436125
54379,618889
54380,610690
54381,194888
54382,518227
54383,713821
54384,656628
54385,250307
54386,246715
54387,777318
54388,222868
54389,752513
54390,214687
54391,648917
54392,560088
54393,952571
54394,182771
54395,522467
54396,230645
54397,985535
54398,141170
54399,312880
54400,240342
54401,687401
54402,408609
54403,898600
54404,155708
54405,926716
54406,239646
54407,279316
54408,890091
54409,850406
54410,957823
54411,564372
54412,519527
54413,765039
54414,931920
54415,395142
54416,333246
54417,705450
54418,341429
54419,319316
54420,210014
54421,418315
54422,664323
54423,309265
54424,829388
54425,646514
54426,569471
54427,707970
54428,655281
54429,839329
54430,537947
54431,221179
54432,790019
54433,391671
54434,267030
54435,459750
54436,605971
54437,229360
54438,789707
54439,541358
54440,263078
54441,139846
54442,471445
54443,986251
54444,379780
54445,934285
54446,512316
54447,889311
54448,311756
54449,851154
54450,480976
54451,488467
54452,959468
54453,726288
54454,148739
54455,213931
54456,552517
54457,274253
54458,352843
54459,498322
54460,659824
54461,825207
54462,430298
54463,616133
54464,920099
54465,515548
54466,919787
54467,866320
54468,769559
54469,255983
54470,273646
54471,824860
54472,474838
54473,624079
54474,135110
54475,526443
54476,149640
54477,206213
54478,717434
54479,328805
54480,130975
54481,158283
54482,490320
54483,289696
54484,583402
54485,417267
54486,662779
54487,670960
54488,296225
54489,165066
54490,463421
54491,775385
54492,825396
54493,329861
54494,918880
54495,240705
54496,682438
54497,438050
54498,847809
54499,333877
54500,429865
54501,160979
54502,893639
54503,236794
54504,805614
54505,569620
54506,954612
54507,211741
54508,403974
54509,153104
54510,737613
54511,228435
54512,359864
54513,666688
54514,553398
54515,143701
54516,597179
54517,445103
54518,821836
54519,553854
54520,492897
54521,966359
54522,477475
54523,564735
54524,426241
54525,731880
54526,162555
54527,643321
54528,673765
54529,138686
54530,872078
54531,941694
54532,251292
54533,502154
54534,349083
54535,981401
54536,846415
54537,404800
54538,921694
54539,282813
54540,929877
54541,343928
54542,604478
54543,384977
54544,747008
54545,468744
54546,830721
54547,392466
54548,965465
54549,706383
54550,539998
54551,435332
54552,317817
54553,286357
54554,672363
54555,705927
54556,733030
54557,410669
54558,218422
54559,469280
54560,547027
54561,494607
54562,258073
54563,635130
54564,461795
54565,740075
54566,381433
54567,499319
54568,167788
54569,591205
54570,786292
54571,792246
54572,622657
54573,345765
54574,992845
54575,700602
54576,423518
54577,777655
54578,183018
54579,908380
54580,807728
54581,640455
54582,282149
54583,921286
54584,614944
54585,336680
54586,415869
54587,750712
54588,458650
54589,935272
54590,257665
54591,743099
54592,609283
54593,810264
54594,725493
54595,181442
54596,719324
54597,566314
54598,793405
54599,271595
54600,696306
54601,472091
54602,215053
54603,985349
54604,881912
54605,934915
54606,889937
54607,533165
54608,432564
54609,190314
54610,926094
54611,441207
54612,142120
54613,591558
54614,354245
54615,385065
54616,668917
54617,246529
54618,377578
54619,736957
54620,290629
54621,920933
54622,362348
54623,929134
54624,290189
54625,841599
54626,856045
54627,209688
54628,956657
54629,510178
54630,117001
54631,163358
54632,125186
54633,894986
54634,680387
54635,401611
54636,714287
54637,478662
54638,904583
54639,665229
54640,138131
54641,740224
54642,580764
54643,218773
54644,179316
54645,689058
54646,302940
54647,963610
54648,367092
54649,675808
54650,763137
54651,955409
54652,185625
54653,622035
54654,291293
54655,194522
54656,947824
54657,638321
54658,454209
54659,692034
54660,897977
54661,686264
54662,241479
54663,279629
54664,180810
54665,363631
54666,678523
54667,766106
54668,608907
54669,625193
54670,942371
54671,174023
54672,216358
54673,457690
54674,906804
54675,583148
54676,337312
54677,761529
54678,709567
54679,191593
54680,900497
54681,769146
54682,647564
54683,466395
54684,352294
54685,969252
54686,213446
54687,945603
54688,378817
54689,378121
54690,247010
54691,112927
54692,832785
54693,166372
54694,255209
54695,911983
54696,628345
54697,748648
54698,356502
54699,664486
54700,170324
54701,356958
54702,872256
54703,451906
54704,301247
54705,780620
54706,611347
54707,843815
54708,228765
54709,698978
54710,910991
54711,143955
54712,221022
54713,698538
54714,955378
54715,185082
54716,292086
54717,839172
54718,334331
54719,516386
54720,530237
54721,621104
54722,716076
54723,722893
54724,352222
54725,605917
54726,972247
54727,637233
54728,771276
54729,868355
54730,587519
54731,177692
54732,946424
54733,730797
54734,805451
54735,236639
54736,923581
54737,813632
54738,211896
54739,716431
54740,160886
54741,708228
54742,973111
54743,871979
54744,949968
54745,277755
54746,973823
54747,356861
54748,795118
54749,434607
54750,511138
54751,538741
54752,511594
54753,844676
54754,435047
54755,198627
54756,840183
54757,920557
54758,647399
54759,369135
54760,717535
54761,919845
54762,281030
54763,157734
54764,928046
54765,735285
54766,274051
54767,247177
54768,693658
54769,701841
54770,353157
54771,166031
54772,702297
54773,213165
54774,977732
54775,726550
54776,557322
54777,199115
54778,488925
54779,127962
54780,372679
54781,616739
54782,968039
54783,794037
54784,880824
54785,933955
54786,129148
54787,615045
54788,759956
54789,151403
54790,648553
54791,849594
54792,231241
54793,792083
54794,936933
54795,133869
54796,454935
54797,700447
54798,455647
54799,631335
54800,114482
54801,917050
54802,984107
54803,591296
54804,864888
54805,432250
54806,898452
54807,733531
54808,601059
54809,424475
54810,495866
54811,355051
54812,132621
54813,380172
54814,550629
54815,625668
54816,172834
54817,592160
54818,881974
54819,415960
54820,914138
54821,499777
54822,789059
54823,658344
54824,261212
54825,358547
54826,700039
54827,545942
54828,901729
54829,909930
54830,517575
54831,930360
54832,645426
54833,562228
54834,283344
54835,405293
54836,683245
54837,436745
54838,483555
54839,806157
54840,160248
54841,236313
54842,930032
54843,595312
54844,145566
54845,795744
54846,773994
54847,402381
54848,186423
54849,201437
54850,803309
54851,366098
54852,163096
54853,965628
54854,563740
54855,340469
54856,688903
54857,773633
54858,258519
54859,269021
54860,411435
54861,380983
54862,672109
54863,644721
54864,837482
54865,572284
54866,610717
54867,243353
54868,925624
54869,864067
54870,393901
54871,657419
54872,586266
54873,699684
54874,317087
54875,729216
54876,613757
54877,763756
54878,861091
54879,335549
54880,755119
54881,842554
54882,513759
54883,649770
54884,278979
54885,147496
54886,231434
54887,582314
54888,464509
54889,496017
54890,257415
54891,249228
54892,347019
54893,472694
54894,648906
54895,335918
54896,961063
54897,640009
54898,397853
54899,718066
54900,298825
54901,254895
54902,591019
54903,214088
54904,978281
54905,142221
54906,785522
54907,499057
54908,936590
54909,465565
54910,467954
54911,444691
54912,658751
54913,910901
54914,252608
54915,629283
54916,308774
54917,351431
54918,587566
54919,359628
54920,998447
54921,830259
54922,437406
54923,813969
54924,762000
54925,569440
54926,203362
54927,291916
54928,146953
54929,627723
54930,309262
54931,740881
54932,493813
54933,795383
54934,269601
54935,547881
54936,580549
54937,277802
54938,628419
54939,154500
54940,564363
54941,318851
54942,888664
54943,402778
54944,126555
54945,643909
54946,229854
54947,607953
54948,328977
54949,288796
54950,648190
54951,422564
54952,776525
54953,222143
54954,753322
54955,693323
54956,552082
54957,659823
54958,977557
54959,833379
54960,265617
54961,363733
54962,678593
54963,809770
54964,442086
54965,148764
54966,347839
54967,356020
54968,802471
54969,906894
54970,256635
54971,583582
54972,694883
54973,678242
54974,608658
54975,199609
54976,232533
54977,525916
54978,262170
54979,834280
54980,457227
54981,793871
54982,942650
54983,378936
54984,694720
54985,497102
54986,192368
54987,406657
54988,761704
54989,727172
54990,439149
54991,848782
54992,816810
54993,407113
54994,191928
54995,624408
54996,413964
54997,875753
54998,297750
54999,422151
55000,466626
55001,969021
55002,378072
55003,624080
55004,138657
55005,941225
55006,636835
55007,418231
55008,602191
55009,301990
55010,462010
55011,748985
55012,348492
55013,786783
55014,628648
55015,996204
55016,170117
55017,210218
55018,402481
55019,765907
55020,202017
55021,612106
55022,202729
55023,233477
55024,403193
55025,779957
55026,876722
55027,597156
55028,990543
55029,458842
55030,938057
55031,545186
55032,545642
55033,771190
55034,360303
55035,459410
55036,252259
55037,275049
55038,203201
55039,245286
55040,885459
55041,954915
55042,722132
55043,438077
55044,538343
55045,193000
55046,410674
55047,381742
55048,250565
55049,820029
55050,310819
55051,470007
55052,277255
55053,626926
55054,494608
55055,227306
55056,117429
55057,435795
55058,895926
55059,645024
55060,332684
55061,724850
55062,532354
55063,989377
55064,358441
55065,666393
55066,909336
55067,947972
55068,468759
55069,350954
55070,654155
55071,316806
55072,837779
55073,706936
55074,963950
55075,687335
55076,952093
55077,286745
55078,679460
55079,189654
55080,864962
55081,719299
55082,148273
55083,370747
55084,140988
55085,416426
55086,905379
55087,743076
55088,768749
55089,328180
55090,684039
55091,648659
55092,921305
55093,859689
55094,567509
55095,591226
55096,660874
55097,969907
55098,265148
55099,543412
55100,345786
55101,439616
55102,952414
55103,868169
55104,230480
55105,768902
55106,191381
55107,606615
55108,728161
55109,239251
55110,800713
55111,936500
55112,944703
55113,473644
55114,272404
55115,385790
55116,133620
55117,743911
55118,521382
55119,120134
55120,524985
55121,856426
55122,200084
55123,287090
55124,400527
55125,801577
55126,935636
55127,834757
55128,464583
55129,600314
55130,164600
55131,424194
55132,346617
55133,577635
55134,227937
55135,778392
55136,554884
55137,468604
55138,454238
55139,700246
55140,886014
55141,754965
55142,185606
55143,570862
55144,124725
55145,707291
55146,964301
55147,683324
55148,218762
55149,982371
55150,781432
55151,258413
55152,697270
55153,495539
55154,419154
55155,311112
55156,427515
55157,705779
55158,864249
55159,374016
55160,125909
55161,612090
55162,293631
55163,242174
55164,477700
55165,187635
55166,620273
55167,619577
55168,210138
55169,757288
55170,373469
55171,573139
55172,250995
55173,147090
55174,501861
55175,309397
55176,749185
55177,872289
55178,972925
55179,602999
55180,226196
55181,995996
55182,829256
55183,602559
55184,981694
55185,594356
55186,821059
55187,923383
55188,284180
55189,236821
55190,902253
55191,798348
55192,135801
55193,229236
55194,980118
55195,821611
55196,783677
55197,247843
55198,934849
55199,131785
55200,802036
55201,575246
55202,601583
55203,968421
55204,379648
55205,549097
55206,188584
55207,157508
55208,950699
55209,686233
55210,127632
55211,533871
55212,544458
55213,266178
55214,631851
55215,799452
55216,701659
55217,274377
55218,413948
55219,456475
55220,632547
55221,560288
55222,515416
55223,685745
55224,399282
55225,961856
55226,197729
55227,524187
55228,221319
55229,799103
55230,353188
55231,832603
55232,884401
55233,983884
55234,149516
55235,238317
55236,954088
55237,237605
55238,360901
55239,198594
55240,601220
55241,994671
55242,449179
55243,296357
55244,574637
55245,616706
55246,712213
55247,734780
55248,711901
55249,565536
55250,330441
55251,199458
55252,363813
55253,240837
55254,686906
55255,617418
55256,720086
55257,861615
55258,516768
55259,245437
55260,530039
55261,395913
55262,467146
55263,545777
55264,698848
55265,738049
55266,999191
55267,586774
55268,413455
55269,958040
55270,153788
55271,862543
55272,426829
55273,539292
55274,681834
55275,187800
55276,663588
55277,941106
55278,988156
55279,689419
55280,462569
55281,664300
55282,390392
55283,124613
55284,335167
55285,729546
55286,956214
55287,185918
55288,886030
55289,721673
55290,562197
55291,894213
55292,806884
55293,446373
55294,947543
55295,261813
55296,738959
55297,359034
55298,168304
55299,268151
55300,778600
55301,822670
55302,435912
55303,706507
55304,837152
55305,366131
55306,427019
55307,603482
55308,589176
55309,555668
55310,411233
55311,940916
55312,591329
55313,543279
55314,785720
55315,945103
55316,535914
55317,490642
55318,953190
55319,649088
55320,182438
55321,482897
55322,230816
55323,380901
55324,140839
55325,264135
55326,935716
55327,650080
55328,733562
55329,711579
55330,321390
55331,810836
55332,362667
55333,592546
55334,625998
55335,943684
55336,164451
55337,626566
55338,943244
55339,881788
55340,521277
55341,641224
55342,371147
55343,917761
55344,759798
55345,952045
55346,513790
55347,339183
55348,208132
55349,936623
55350,800594
55351,376998
55352,752575
55353,693142
55354,473215
55355,777872
55356,353673
55357,577120
55358,684863
55359,205612
55360,718035
55361,397884
55362,522773
55363,397556
55364,431896
55365,710160
55366,568301
55367,815132
55368,163482
55369,611188
55370,201623
55371,209820
55372,564054
55373,201055
55374,895558
55375,748303
55376,635157
55377,495400
55378,381662
55379,589531
55380,179768
55381,160378
55382,124262
55383,930234
55384,124846
55385,334932
55386,707136
55387,860490
55388,116645
55389,830702
55390,577784
55391,596186
55392,176856
55393,420137
55394,262110
55395,738604
55396,358873
55397,134235
55398,752707
55399,624210
55400,414350
55401,113028
55402,584087
55403,575900
55404,352885
55405,438823
55406,524065
55407,430636
55408,489989
55409,527350
55410,685579
55411,121865
55412,892161
55413,761066
55414,784207
55415,662958
55416,165719
55417,834466
55418,671141
55419,934779
55420,425573
55421,448898
55422,926782
55423,364092
55424,512258
55425,853109
55426,716671
55427,561794
55428,682131
55429,291949
55430,395664
55431,762489
55432,838743
55433,516537
55434,404307
55435,814000
55436,682587
55437,184489
55438,637449
55439,459024
55440,359973
55441,667613
55442,771388
55443,402811
55444,477302
55445,723326
55446,531270
55447,146656
55448,277771
55449,348166
55450,309991
55451,772884
55452,391137
55453,664381
55454,138787
55455,981196
55456,723677
55457,812603
55458,966377
55459,538862
55460,126737
55461,673043
55462,511729
55463,318977
55464,795581
55465,594605
55466,178351
55467,880315
55468,780476
55469,871544
55470,153134
55471,853974
55472,954570
55473,847871
55474,674291
55475,762642
55476,877147
55477,169028
55478,771159
55479,545611
55480,501660
55481,574487
55482,111631
55483,449057
55484,888970
55485,766314
55486,866157
55487,199576
55488,434087
55489,809128
55490,156765
55491,364375
55492,338096
55493,480589
55494,915943
55495,624113
55496,552720
55497,590365
55498,701706
55499,386290
55500,799173
55501,448193
55502,790990
55503,247770
55504,953498
55505,438660
55506,953938
55507,206267
55508,122794
55509,515649
55510,866629
55511,198064
55512,464781
55513,743045
55514,905346
55515,913545
55516,592315
55517,172985
55518,913985
55519,975537
55520,943453
55521,792736
55522,626263
55523,279291
55524,119820
55525,725763
55526,610037
55527,842442
55528,759335
55529,591763
55530,661347
55531,254103
55532,133750
55533,265117
55534,498817
55535,298097
55536,744037
55537,874822
55538,669088
55539,799819
55540,751782
55541,175961
55542,984240
55543,398317
55544,522508
55545,159739
55546,718082
55547,849129
55548,759823
55549,527835
55550,815565
55551,532387
55552,243105
55553,435386
55554,325964
55555,705977
55556,125599
55557,519028
55558,941006
55559,389580
55560,626895
55561,819996
55562,555238
55563,503538
55564,451572
55565,645545
55566,291392
55567,613957
55568,721843
55569,683710
55570,683126
55571,509855
55572,886652
55573,325476
55574,613517
55575,261647
55576,267525
55577,630503
55578,755708
55579,396318
55580,367050
55581,683989
55582,454271
55583,997760
55584,136581
55585,990019
55586,445628
55587,770226
55588,168097
55589,933344
55590,393470
55591,201189
55592,610566
55593,732411
55594,956935
55595,887543
55596,242890
55597,340685
55598,656496
55599,665267
55600,595528
55601,588969
55602,748469
55603,272437
55604,473285
55605,824007
55606,978746
55607,916738
55608,551925
55609,264950
55610,800744
55611,423691
55612,167153
55613,908553
55614,454887
55615,760748
55616,614845
55617,728128
55618,867744
55619,807085
55620,290227
55621,807525
55622,768367
55623,952447
55624,439649
55625,696268
55626,472101
55627,215091
55628,249823
55629,223288
55630,935669
55631,271901
55632,882190
55633,400558
55634,155832
55635,725152
55636,890535
55637,818246
55638,513164
55639,718985
55640,725608
55641,488299
55642,200573
55643,597891
55644,351883
55645,829823
55646,605504
55647,972362
55648,737469
55649,392100
55650,911025
55651,252484
55652,538376
55653,731128
55654,716050
55655,885236
55656,376354
55657,403774
55658,708561
55659,123455
55660,443767
55661,594787
55662,348323
55663,786608
55664,781242
55665,548013
55666,494265
55667,580417
55668,651522
55669,511479
55670,723731
55671,434426
55672,854776
55673,395037
55674,519676
55675,126687
55676,426553
55677,619558
55678,402910
55679,523596
55680,191575
55681,866883
55682,848041
55683,685158
55684,568956
55685,489576
55686,590803
55687,983608
55688,784834
55689,631860
55690,598288
55691,969242
55692,752870
55693,241073
55694,526259
55695,726851
55696,280251
55697,608949
55698,865955
55699,712105
55700,959351
55701,165178
55702,296145
55703,881445
55704,304658
55705,593403
55706,174073
55707,826124
55708,942365
55709,793824
55710,914945
55711,741389
55712,766727
55713,558076
55714,512516
55715,858051
55716,950495
55717,711874
55718,471141
55719,131445
55720,462958
55721,703367
55722,741734
55723,968025
55724,296378
55725,425899
55726,541534
55727,417696
55728,122639
55729,848650
55730,954103
55731,328958
55732,398350
55733,535091
55734,482240
55735,281392
55736,352627
55737,908161
55738,498530
55739,273525
55740,790891
55741,447660
55742,915778
55743,225320
55744,973065
55745,301546
55746,772114
55747,656120
55748,731323
55749,196420
55750,242242
55751,285000
55752,757596
55753,285568
55754,812702
55755,564580
55756,478064
55757,572783
55758,539267
55759,605227
55760,868413
55761,421331
55762,990667
55763,266982
55764,228864
55765,972265
55766,570183
55767,931136
55768,516215
55769,315532
55770,722584
55771,376193
55772,145568
55773,635561
55774,634977
55775,796310
55776,827770
55777,912508
55778,781719
55779,146024
55780,332224
55781,653103
55782,531918
55783,435927
55784,845364
55785,394232
55786,933606
55787,487157
55788,770996
55789,665941
55790,997454
55791,253601
55792,789117
55793,979052
55794,956201
55795,160198
55796,614112
55797,160526
55798,291557
55799,566905
55800,128618
55801,759426
55802,719759
55803,719175
55804,339795
55805,618075
55806,239956
55807,734125
55808,415974
55809,914148
55810,504327
55811,495812
55812,132659
55813,346846
55814,215861
55815,482438
55816,614515
55817,397696
55818,606328
55819,321881
55820,899402
55821,807851
55822,891201
55823,684619
55824,952753
55825,345334
55826,585503
55827,114444
55828,875307
55829,491310
55830,514249
55831,151102
55832,336600
55833,559409
55834,205307
55835,792390
55836,744363
55837,970076
55838,353686
55839,590997
55840,944243
55841,558545
55842,148190
55843,287550
55844,898241
55845,610107
55846,433127
55847,287222
55848,182266
55849,994141
55850,172223
55851,141139
55852,111239
55853,914319
55854,215190
55855,472192
55856,782948
55857,742787
55858,975743
55859,172663
55860,450145
55861,669838
55862,577767
55863,901628
55864,770783
55865,665662
55866,484222
55867,894065
55868,396915
55869,930669
55870,152174
55871,955530
55872,886450
55873,683448
55874,904476
55875,310532
55876,411413
55877,555304
55878,442929
55879,739795
55880,635842
55881,419286
55882,795957
55883,803440
55884,837020
55885,235180
55886,539822
55887,933189
55888,436156
55889,148770
55890,651040
55891,720848
55892,241603
55893,616652
55894,678655
55895,720152
55896,686836
55897,968256
55898,497235
55899,139439
55900,548940
55901,880983
55902,216938
55903,783768
55904,671602
55905,457110
55906,742015
55907,901085
55908,866353
55909,515893
55910,647432
55911,150282
55912,206343
55913,329703
55914,607983
55915,229856
55916,289514
55917,667994
55918,543911
55919,598442
55920,466839
55921,668562
55922,378253
55923,301811
55924,786442
55925,981531
55926,749092
55927,627765
55928,357082
55929,170448
55930,923770
55931,652144
55932,705419
55933,836192
55934,539474
55935,364731
55936,780256
55937,501480
55938,902656
55939,579355
55940,359994
55941,260157
55942,861281
55943,885638
55944,893253
55945,383158
55946,383614
55947,252821
55948,359833
55949,458852
55950,923449
55951,211772
55952,722466
55953,570365
55954,612636
55955,529434
55956,885485
55957,636245
55958,741188
55959,580240
55960,786785
55961,690022
55962,673732
55963,202711
55964,844232
55965,888005
55966,511726
55967,333044
55968,896518
55969,234227
55970,360800
55971,769429
55972,130422
55973,928170
55974,808023
55975,769885
55976,455709
55977,791321
55978,915960
55979,659514
55980,908091
55981,255950
55982,936999
55983,221218
55984,711800
55985,408215
55986,442291
55987,557894
55988,865722
55989,927050
55990,304395
55991,271079
55992,942596
55993,131847
55994,995074
55995,463060
55996,872503
55997,601121
55998,549159
55999,112344
56000,793905
56001,483060
56002,528140
56003,239558
56004,314144
56005,385379
56006,377192
56007,785821
56008,141482
56009,591172
56010,473521
56011,222636
56012,499286
56013,936361
56014,331746
56015,525292
56016,856127
56017,617513
56018,313280
56019,609314
56020,215951
56021,826779
56022,882554
56023,874353
56024,800948
56025,132161
56026,257696
56027,458683
56028,263594
56029,464218
56030,223564
56031,268242
56032,789191
56033,253139
56034,384312
56035,989439
56036,578558
56037,562352
56038,405417
56039,806721
56040,894368
56041,194192
56042,528788
56043,555569
56044,381400
56045,249907
56046,179518
56047,940313
56048,357623
56049,349436
56050,895296
56051,764075
56052,563280
56053,724812
56054,714597
56055,855151
56056,155031
56057,895880
56058,645022
56059,732559
56060,664676
56061,603284
56062,974166
56063,925172
56064,393441
56065,539668
56066,235030
56067,540380
56068,788836
56069,412039
56070,746882
56071,692067
56072,738697
56073,700264
56074,546169
56075,460361
56076,878241
56077,990044
56078,554938
56079,806114
56080,763880
56081,367389
56082,755683
56083,212241
56084,185656
56085,160479
56086,930775
56087,441174
56088,313003
56089,890552
56090,818265
56091,513627
56092,147628
56093,278855
56094,400561
56095,432989
56096,208745
56097,181640
56098,424252
56099,985380
56100,592079
56101,550338
56102,140577
56103,826608
56104,355076
56105,163854
56106,634336
56107,388328
56108,929103
56109,535716
56110,648782
56111,920900
56112,849309
56113,336482
56114,891024
56115,514163
56116,527975
56117,151172
56118,623555
56119,175661
56120,133578
56121,423700
56122,936130
56123,214532
56124,851327
56125,280461
56126,565602
56127,609155
56128,434015
56129,199080
56130,399539
56131,650924
56132,918950
56133,256257
56134,906740
56135,356102
56136,601614
56137,702738
56138,456730
56139,694553
56140,417789
56141,379105
56142,449241
56143,347589
56144,601286
56145,708735
56146,608099
56147,399003
56148,515185
56149,616296
56150,953442
56151,615840
56152,206147
56153,439220
56154,727133
56155,406616
56156,876280
56157,255457
56158,776759
56159,667862
56160,598054
56161,624577
56162,378569
56163,996277
56164,587956
56165,879755
56166,854990
56167,318513
56168,539358
56169,293846
56170,612307
56171,863173
56172,611611
56173,234004
56174,365567
56175,673259
56176,126953
56177,511497
56178,713228
56179,413517
56180,790446
56181,586836
56182,136016
56183,753961
56184,152606
56185,135411
56186,260626
56187,587767
56188,980508
56189,876800
56190,308991
56191,690698
56192,780039
56193,177628
56194,391473
56195,930934
56196,193170
56197,569529
56198,236887
56199,893346
56200,654783
56201,786669
56202,179188
56203,580380
56204,138259
56205,903375
56206,170295
56207,580052
56208,278331
56209,780591
56210,327577
56211,284798
56212,958321
56213,619643
56214,713135
56215,318810
56216,233911
56217,896322
56218,184009
56219,315170
56220,238532
56221,430804
56222,735549
56223,192194
56224,839935
56225,708884
56226,150509
56227,527118
56228,685811
56229,848116
56230,728062
56231,265544
56232,983213
56233,174916
56234,945568
56235,590734
56236,598917
56237,166279
56238,188962
56239,198851
56240,678096
56241,533805
56242,889809
56243,851676
56244,726814
56245,241132
56246,526318
56247,118801
56248,400144
56249,363532
56250,505535
56251,347310
56252,296516
56253,256106
56254,387457
56255,263008
56256,601957
56257,750227
56258,150699
56259,405693
56260,568239
56261,230977
56262,807581
56263,182671
56264,528000
56265,464950
56266,751925
56267,345864
56268,908785
56269,498962
56270,222952
56271,744438
56272,532643
56273,208198
56274,408669
56275,279400
56276,890007
56277,339557
56278,856955
56279,189796
56280,679830
56281,906201
56282,742878
56283,457983
56284,662032
56285,550893
56286,975338
56287,581633
56288,267414
56289,136573
56290,468077
56291,939709
56292,699719
56293,886511
56294,755460
56295,212470
56296,186135
56297,688996
56298,555381
56299,503649
56300,547198
56301,460934
56302,773290
56303,389215
56304,948822
56305,539891
56306,572191
56307,925659
56308,713761
56309,325855
56310,366034
56311,895180
56312,871366
56313,827687
56314,451012
56315,580913
56316,665376
56317,494793
56318,634940
56319,547549
56320,595219
56321,218608
56322,747758
56323,419040
56324,373938
56325,478883
56326,571580
56327,836778
56328,427081
56329,540496
56330,125103
56331,932979
56332,200822
56333,837218
56334,971506
56335,909833
56336,989208
56337,350459
56338,475715
56339,754855
56340,152408
56341,886660
56342,562847
56343,203926
56344,646041
56345,758807
56346,120052
56347,200430
56348,128255
56349,864467
56350,952260
56351,207917
56352,719826
56353,966794
56354,993899
56355,600960
56356,834935
56357,264069
56358,935782
56359,662395
56360,416371
56361,695447
56362,140461
56363,541765
56364,424112
56365,704084
56366,230882
56367,361481
56368,328677
56369,205317
56370,816125
56371,891860
56372,559823
56373,439866
56374,431665
56375,867379
56376,129751
56377,306306
56378,785786
56379,945037
56380,245860
56381,385412
56382,669584
56383,465813
56384,743509
56385,133190
56386,786354
56387,252872
56388,597191
56389,458809
56390,168966
56391,597519
56392,659199
56393,203170
56394,730300
56395,646829
56396,237134
56397,923052
56398,722559
56399,115056
56400,654446
56401,236678
56402,674681
56403,429469
56404,689979
56405,949769
56406,381963
56407,872178
56408,357356
56409,973294
56410,619946
56411,812209
56412,643661
56413,333409
56414,612201
56415,835998
56416,486300
56417,620386
56418,318603
56419,131043
56420,928247
56421,920060
56422,122856
56423,439054
56424,560435
56425,859076
56426,717006
56427,523456
56428,785030
56429,624507
56430,945265
56431,448131
56432,667756
56433,265809
56434,353116
56435,876098
56436,474794
56437,693571
56438,590431
56439,857580
56440,712429
56441,734220
56442,734916
56443,609081
56444,897219
56445,809506
56446,534068
56447,512043
56448,408266
56449,851397
56450,355700
56451,224415
56452,305054
56453,625563
56454,694691
56455,986964
56456,296285
56457,968126
56458,633176
56459,712014
56460,207546
56461,180315
56462,720197
56463,338329
56464,951195
56465,783813
56466,976094
56467,833832
56468,934385
56469,256536
56470,471529
56471,986359
56472,270617
56473,481868
56474,527284
56475,685641
56476,197785
56477,677002
56478,615537
56479,858215
56480,255024
56481,222172
56482,991956
56483,455979
56484,790759
56485,632347
56486,820595
56487,880530
56488,972933
56489,390507
56490,391075
56491,740538
56492,146594
56493,364774
56494,126192
56495,804633
56496,723260
56497,854231
56498,188099
56499,402745
56500,153903
56501,373285
56502,196296
56503,426718
56504,667551
56505,902293
56506,798324
56507,698483
56508,308365
56509,628872
56510,500861
56511,876986
56512,822107
56513,690864
56514,445368
56515,300622
56516,972461
56517,998476
56518,315648
56519,343009
56520,814066
56521,923151
56522,538607
56523,963360
56524,879132
56525,268804
56526,870623
56527,905011
56528,419121
56529,250829
56530,913208
56531,787929
56532,179904
56533,325733
56534,724602
56535,811676
56536,680383
56537,187213
56538,261614
56539,909584
56540,586435
56541,796978
56542,814716
56543,755062
56544,509054
56545,152201
56546,316558
56547,570765
56548,861050
56549,159818
56550,124758
56551,720978
56552,212300
56553,886357
56554,375627
56555,641072
56556,566589
56557,959702
56558,890597
56559,711176
56560,432896
56561,321277
56562,679396
56563,400620
56564,809999
56565,449614
56566,592474
56567,249173
56568,132471
56569,914280
56570,303995
56571,282418
56572,921553
56573,313566
56574,205780
56575,728778
56576,197599
56577,129798
56578,736265
56579,196887
56580,150545
56581,405511
56582,744268
56583,700845
56584,385109
56585,543676
56586,423753
56587,661066
56588,175288
56589,984913
56590,768654
56591,151474
56592,718144
56593,577523
56594,415273
56595,622653
56596,823590
56597,371344
56598,687236
56599,313245
56600,719720
56601,711523
56602,156049
56603,810924
56604,641371
56605,181438
56606,725825
56607,696037
56608,303632
56609,473028
56610,751308
56611,944087
56612,257077
56613,495651
56614,634070
56615,994001
56616,468412
56617,947631
56618,869716
56619,604482
56620,970880
56621,638054
56622,291018
56623,396599
56624,124477
56625,483386
56626,729394
56627,475185
56628,654120
56629,282817
56630,814871
56631,436248
56632,171936
56633,503472
56634,443325
56635,595809
56636,310408
56637,819606
56638,626829
56639,788090
56640,494707
56641,450942
56642,318413
56643,186918
56644,195117
56645,672279
56646,394015
56647,844827
56648,575504
56649,498152
56650,659978
56651,694062
56652,833230
56653,875567
56654,221402
56655,892045
56656,900230
56657,361296
56658,398412
56659,206172
56660,184253
56661,750567
56662,702733
56663,995322
56664,741668
56665,968659
56666,933951
56667,734817
56668,557430
56669,240792
56670,372083
56671,558014
56672,311990
56673,533593
56674,923585
56675,404191
56676,962598
56677,893142
56678,368072
56679,839443
56680,621039
56681,654851
56682,360361
56683,938127
56684,391821
56685,771704
56686,932650
56687,486201
56688,196046
56689,341711
56690,530434
56691,188173
56692,477690
56693,836595
56694,519709
56695,162026
56696,941735
56697,418745
56698,225954
56699,462516
56700,628590
56701,217185
56702,923778
56703,210055
56704,333159
56705,520054
56706,843867
56707,117854
56708,995337
56709,602594
56710,829205
56711,698110
56712,548079
56713,740383
56714,880439
56715,636102
56716,828893
56717,893813
56718,708499
56719,955278
56720,508829
56721,722865
56722,192581
56723,220650
56724,658937
56725,946671
56726,412913
56727,266503
56728,392166
56729,359434
56730,453398
56731,698910
56732,938796
56733,667450
56734,413241
56735,746044
56736,872868
56737,457638
56738,794218
56739,775531
56740,967792
56741,408012
56742,198876
56743,330039
56744,157137
56745,850955
56746,617212
56747,552020
56748,113579
56749,937396
56750,456518
56751,456078
56752,222073
56753,112995
56754,414313
56755,693389
56756,130605
56757,858306
56758,149818
56759,281113
56760,237843
56761,337684
56762,607767
56763,961821
56764,360691
56765,424388
56766,975677
56767,111301
56768,943641
56769,662031
56770,913669
56771,975349
56772,985876
56773,592639
56774,504294
56775,464385
56776,600820
56777,263921
56778,479567
56779,725063
56780,339122
56781,208217
56782,120648
56783,521896
56784,487748
56785,810594
56786,521312
56787,401025
56788,480135
56789,623419
56790,507854
56791,660519
56792,591063
56793,246744
56794,874698
56795,909094
56796,543513
56797,936690
56798,385264
56799,306678
56800,551698
56801,431941
56802,736428
56803,362421
56804,648886
56805,849837
56806,614746
56807,728687
56808,205681
56809,684898
56810,282519
56811,190875
56812,709765
56813,957152
56814,803066
56815,162831
56816,486676
56817,863735
56818,326152
56819,964643
56820,393937
56821,887000
56822,186656
56823,209857
56824,635776
56825,389768
56826,913309
56827,381571
56828,146241
56829,763664
56830,755483
56831,852252
56832,475959
56833,683826
56834,963779
56835,350607
56836,797079
56837,460465
56838,869970
56839,253248
56840,562248
56841,115803
56842,806841
56843,645454
56844,860852
56845,964008
56846,929932
56847,236389
56848,367246
56849,886683
56850,621665
56851,491574
56852,666591
56853,797236
56854,577998
56855,947466
56856,350436
56857,299534
56858,492286
56859,163756
56860,755800
56861,510288
56862,619081
56863,478324
56864,845430
56865,653165
56866,163172
56867,657204
56868,469809
56869,310317
56870,171469
56871,974021
56872,419383
56873,581606
56874,688656
56875,908421
56876,223132
56877,167293
56878,214935
56879,978614
56880,298590
56881,728836
56882,536575
56883,129024
56884,327986
56885,807201
56886,815402
56887,718637
56888,751209
56889,295030
56890,132281
56891,263506
56892,592220
56893,140466
56894,661932
56895,513280
56896,918271
56897,856591
56898,850470
56899,408873
56900,240606
56901,286943
56902,733479
56903,519847
56904,365402
56905,731203
56906,210262
56907,285104
56908,757668
56909,651409
56910,118159
56911,511076
56912,564636
56913,835969
56914,765287
56915,673670
56916,794920
56917,452135
56918,357363
56919,301330
56920,170233
56921,903425
56922,410376
56923,923059
56924,885423
56925,853315
56926,963156
56927,570303
56928,292187
56929,613270
56930,954519
56931,621469
56932,211838
56933,561532
56934,884839
56935,169681
56936,359899
56937,351696
56938,144382
56939,667371
56940,168985
56941,139654
56942,417168
56943,793971
56944,934021
56945,872565
56946,994696
56947,934477
56948,582721
56949,520951
56950,488731
56951,557828
56952,181223
56953,280032
56954,525544
56955,650433
56956,441657
56957,598147
56958,991592
56959,352651
56960,983395
56961,824959
56962,884310
56963,414648
56964,745398
56965,962052
56966,840697
56967,289035
56968,807957
56969,769823
56970,639018
56971,329422
56972,717009
56973,438745
56974,816854
56975,915665
56976,799291
56977,776497
56978,352808
56979,456700
56980,221451
56981,798963
56982,247532
56983,915993
56984,639297
56985,130143
56986,481875
56987,616102
56988,515959
56989,323468
56990,808318
56991,873430
56992,994859
56993,541389
56994,794320
56995,976065
56996,448991
56997,825660
56998,583650
56999,505370
57000,188495
57001,712017
57002,399741
57003,198758
57004,480379
57005,758431
57006,241537
57007,484872
57008,923152
57009,508399
57010,561887
57011,673989
57012,805166
57013,368337
57014,237370
57015,444783
57016,628887
57017,252020
57018,391572
57019,360056
57020,972466
57021,822084
57022,220496
57023,285203
57024,434178
57025,477923
57026,835818
57027,836130
57028,196311
57029,188124
57030,319287
57031,958420
57032,470894
57033,547925
57034,903842
57035,580537
57036,894089
57037,537214
57038,283517
57039,852846
57040,476045
57041,714852
57042,675147
57043,645719
57044,778468
57045,630041
57046,468480
57047,168188
57048,359414
57049,830473
57050,392218
57051,546803
57052,492007
57053,267315
57054,979767
57055,845167
57056,756105
57057,294806
57058,836964
57059,201584
57060,194961
57061,331859
57062,195417
57063,436036
57064,478629
57065,389370
57066,258321
57067,580863
57068,870920
57069,349981
57070,146427
57071,443081
57072,581175
57073,739627
57074,259033
57075,273056
57076,551848
57077,875192
57078,700850
57079,599726
57080,254369
57081,936520
57082,984454
57083,660637
57084,960553
57085,841172
57086,709695
57087,483293
57088,849375
57089,859638
57090,440308
57091,405528
57092,760817
57093,150542
57094,362255
57095,290286
57096,920838
57097,899601
57098,961249
57099,841500
57100,573615
57101,295335
57102,918318
57103,128305
57104,488246
57105,711191
57106,864541
57107,155877
57108,513561
57109,626186
57110,458745
57111,464152
57112,295428
57113,669981
57114,935179
57115,801014
57116,424669
57117,132811
57118,190050
57119,925830
57120,641932
57121,818544
57122,719295
57123,479830
57124,208448
57125,513466
57126,279206
57127,264456
57128,623338
57129,792277
57130,785887
57131,446938
57132,875475
57133,167367
57134,669493
57135,385313
57136,849532
57137,614539
57138,204904
57139,675952
57140,899962
57141,807323
57142,999787
57143,196707
57144,321953
57145,290381
57146,121009
57147,439383
57148,837319
57149,732621
57150,200915
57151,965434
57152,671936
57153,539965
57154,510754
57155,340987
57156,155421
57157,393984
57158,664909
57159,418885
57160,258170
57161,171383
57162,739976
57163,555635
57164,186073
57165,343507
57166,852173
57167,436943
57168,236511
57169,160062
57170,860358
57171,204539
57172,562418
57173,475878
57174,852485
57175,638641
57176,136371
57177,267608
57178,997558
57179,823201
57180,500303
57181,789125
57182,307319
57183,970911
57184,460640
57185,830818
57186,737717
57187,458941
57188,545093
57189,308578
57190,444575
57191,877213
57192,946797
57193,629095
57194,275086
57195,902522
57196,459381
57197,999275
57198,561967
57199,334029
57200,646697
57201,368105
57202,762140
57203,893175
57204,962567
57205,861979
57206,477171
57207,184580
57208,561639
57209,954380
57210,115188
57211,981929
57212,636740
57213,269485
57214,995651
57215,259439
57216,587914
57217,765748
57218,757567
57219,727139
57220,607637
57221,900719
57222,639609
57223,289624
57224,991731
57225,466157
57226,265245
57227,908258
57228,174297
57229,937526
57230,668192
57231,843650
57232,189303
57233,320156
57234,566164
57235,207261
57236,851849
57237,372634
57238,512615
57239,449255
57240,986392
57241,262397
57242,131350
57243,456740
57244,387284
57245,934614
57246,775201
57247,906698
57248,549686
57249,471758
57250,950743
57251,232921
57252,712450
57253,312316
57254,702535
57255,496706
57256,794187
57257,914602
57258,471973
57259,270749
57260,968345
57261,601491
57262,296570
57263,457607
57264,858339
57265,474949
57266,915530
57267,414280
57268,937821
57269,799392
57270,991824
57271,297042
57272,745030
57273,352379
57274,297626
57275,166769
57276,466310
57277,875877
57278,632479
57279,744590
57280,795152
57281,548358
57282,225568
57283,681597
57284,723824
57285,426130
57286,162208
57287,520023
57288,201901
57289,333126
57290,373409
57291,946950
57292,628748
57293,413208
57294,229128
57295,169449
57296,459222
57297,169761
57298,946638
57299,501297
57300,236905
57301,203397
57302,716145
57303,561292
57304,753788
57305,963492
57306,538019
57307,762559
57308,138091
57309,450705
57310,171143
57311,179340
57312,250241
57313,781471
57314,713759
57315,887033
57316,732917
57317,486709
57318,947848
57319,262050
57320,586311
57321,411998
57322,194026
57323,930574
57324,235751
57325,622563
57326,683483
57327,312506
57328,120225
57329,926070
57330,155774
57331,424749
57332,295228
57333,751395
57334,695746
57335,303415
57336,550171
57337,140792
57338,751083
57339,388857
57340,132595
57341,935163
57342,541968
57343,397888
57344,807587
57345,230583
57346,815784
57347,205648
57348,182705
57349,768865
57350,676224
57351,197011
57352,961146
57353,507175
57354,246065
57355,985045
57356,908751
57357,133395
57358,254962
57359,423173
57360,353781
57361,800230
57362,718604
57363,514825
57364,684256
57365,567346
57366,522698
57367,899369
57368,848943
57369,908908
57370,455554
57371,465251
57372,473448
57373,507524
57374,414821
57375,551056
57376,786316
57377,114087
57378,245850
57379,984766
57380,306364
57381,167260
57382,969812
57383,254033
57384,522210
57385,232436
57386,409536
57387,533310
57388,156637
57389,841924
57390,200400
57391,504420
57392,271736
57393,827274
57394,346229
57395,592253
57396,464259
57397,541819
57398,670086
57399,935768
57400,601022
57401,545995
57402,700122
57403,586540
57404,979655
57405,177103
57406,499740
57407,185922
57408,886714
57409,244559
57410,194121
57411,837748
57412,806808
57413,529285
57414,555040
57415,773943
57416,258601
57417,137416
57418,904924
57419,137728
57420,811451
57421,855222
57422,845399
57423,318281
57424,402320
57425,116890
57426,243047
57427,803704
57428,734970
57429,207855
57430,950278
57431,149218
57432,434139
57433,712403
57434,927017
57435,216674
57436,348041
57437,914811
57438,355658
57439,139687
57440,695125
57441,305056
57442,920330
57443,608231
57444,158217
57445,131037
57446,735442
57447,607535
57448,336940
57449,149706
57450,575627
57451,455806
57452,377989
57453,977259
57454,583808
57455,344937
57456,945231
57457,937028
57458,466007
57459,702398
57460,443589
57461,664106
57462,170200
57463,310256
57464,154290
57465,999377
57466,360242
57467,902592
57468,771115
57469,383189
57470,553788
57471,177203
57472,746444
57473,877095
57474,597241
57475,143639
57476,501728
57477,421130
57478,699374
57479,342708
57480,963189
57481,152730
57482,990329
57483,143484
57484,260758
57485,998514
57486,771392
57487,587195
57488,351826
57489,221113
57490,324605
57491,476394
57492,814028
57493,508366
57494,973427
57495,556159
57496,912008
57497,309915
57498,470407
57499,981168
57500,418377
57501,740940
57502,226130
57503,804335
57504,293433
57505,643536
57506,673484
57507,327125
57508,434211
57509,713003
57510,341823
57511,756774
57512,866386
57513,840371
57514,406967
57515,685247
57516,150377
57517,727930
57518,490105
57519,677500
57520,523669
57521,130174
57522,693982
57523,378662
57524,265676
57525,543940
57526,221482
57527,833342
57528,745212
57529,497688
57530,660474
57531,584171
57532,616623
57533,865458
57534,198727
57535,533929
57536,157002
57537,897430
57538,617063
57539,441459
57540,906963
57541,505403
57542,449022
57543,914448
57544,794353
57545,295944
57546,432094
57547,815322
57548,728124
57549,536079
57550,431382
57551,567779
57552,823995
57553,353615
57554,465074
57555,631723
57556,264258
57557,800092
57558,354183
57559,831608
57560,331498
57561,889875
57562,513264
57563,388675
57564,295758
57565,164517
57566,472153
57567,215119
57568,975782
57569,985415
57570,504757
57571,592044
57572,303941
57573,782453
57574,416668
57575,826515
57576,751513
57577,215687
57578,581765
57579,592484
57580,985999
57581,935561
57582,657644
57583,738794
57584,869377
57585,136697
57586,359383
57587,253403
57588,554969
57589,838509
57590,151679
57591,621969
57592,806473
57593,570803
57594,838053
57595,773862
57596,664583
57597,940049
57598,389651
57599,137497
57600,878826
57601,555505
57602,277041
57603,442400
57604,870953
57605,603711
57606,494886
57607,724108
57608,235125
57609,895616
57610,802913
57611,611250
57612,652373
57613,845134
57614,435629
57615,626867
57616,411303
57617,788036
57618,871234
57619,581045
57620,904366
57621,547417
57622,495237
57623,696960
57624,828267
57625,603548
57626,310910
57627,381811
57628,250520
57629,510411
57630,435398
57631,478759
57632,209457
57633,764416
57634,572144
57635,491693
57636,997983
57637,605108
57638,586646
57639,746634
57640,971382
57641,997527
57642,168830
57643,852516
57644,366813
57645,517408
57646,570584
57647,894731
57648,654102
57649,846349
57650,562715
57651,432285
57652,128123
57653,679545
57654,240013
57655,558179
57656,650150
57657,240453
57658,582126
57659,224231
57660,464881
57661,132130
57662,464185
57663,450515
57664,696027
57665,849045
57666,648590
57667,960867
57668,606825
57669,535980
57670,728407
57671,576773
57672,743961
57673,875506
57674,984580
57675,113949
57676,622595
57677,507454
57678,874810
57679,631488
57680,799799
57681,713261
57682,118723
57683,731335
57684,863204
57685,572691
57686,394762
57687,765411
57688,210714
57689,904013
57690,225364
57691,178878
57692,780973
57693,772206
57694,754624
57695,429318
57696,839141
57697,192784
57698,980822
57699,309173
57700,266906
57701,637299
57702,902501
57703,910702
57704,413548
57705,553881
57706,501133
57707,541162
57708,601319
57709,986375
57710,749841
57711,695280
57712,139522
57713,942090
57714,347948
57715,448560
57716,224972
57717,671455
57718,442229
57719,407705
57720,520819
57721,189288
57722,865660
57723,119131
57724,280492
57725,790807
57726,977670
57727,166405
57728,799004
57729,544010
57730,544706
57731,255424
57732,701907
57733,623912
57734,660020
57735,962176
57736,953411
57737,360870
57738,130480
57739,608066
57740,386368
57741,414295
57742,791220
57743,247400
57744,752794
57745,744593
57746,352356
57747,728031
57748,685778
57749,360965
57750,130579
57751,769776
57752,808442
57753,816625
57754,149764
57755,122392
57756,524280
57757,717814
57758,615658
57759,794196
57760,783710
57761,217004
57762,347719
57763,463793
57764,425076
57765,749690
57766,866015
57767,534468
57768,520656
57769,180416
57770,329993
57771,674441
57772,236918
57773,730444
57774,545529
57775,412879
57776,220628
57777,351295
57778,966035
57779,242077
57780,511371
57781,187992
57782,713542
57783,812353
57784,896939
57785,410343
57786,147185
57787,580085
57788,301309
57789,741097
57790,795151
57791,903406
57792,462121
57793,829227
57794,880065
57795,382771
57796,885766
57797,335615
57798,645843
57799,282929
57800,886478
57801,658049
57802,947863
57803,446125
57804,468044
57805,299867
57806,831045
57807,971704
57808,933873
57809,427267
57810,325886
57811,479209
57812,680940
57813,531673
57814,340188
57815,486698
57816,672047
57817,764878
57818,627069
57819,381045
57820,828069
57821,913315
57822,145847
57823,442957
57824,744407
57825,970016
57826,298435
57827,623053
57828,591081
57829,455414
57830,701438
57831,159305
57832,230568
57833,290722
57834,849811
57835,172227
57836,581664
57837,913723
57838,263887
57839,703958
57840,164352
57841,263175
57842,111355
57843,782872
57844,172555
57845,362915
57846,339084
57847,190349
57848,433051
57849,775032
57850,371211
57851,181997
57852,842259
57853,810495
57854,401364
57855,767037
57856,618023
57857,339759
57858,148425
57859,883092
57860,499344
57861,223138
57862,576928
57863,474047
57864,768533
57865,736761
57866,718611
57867,891197
57868,528330
57869,239048
57870,648491
57871,728890
57872,859857
57873,952781
57874,606924
57875,190670
57876,290505
57877,887621
57878,803247
57879,895822
57880,932946
57881,733057
57882,427112
57883,326037
57884,155545
57885,532346
57886,755814
57887,451373
57888,349938
57889,381214
57890,358137
57891,613460
57892,343383
57893,715147
57894,706944
57895,691918
57896,261846
57897,358937
57898,630006
57899,747239
57900,945816
57901,590462
57902,353149
57903,456361
57904,969655
57905,702369
57906,576092
57907,344510
57908,378450
57909,785063
57910,322577
57911,430572
57912,769513
57913,407051
57914,122113
57915,184121
57916,369631
57917,398536
57918,735437
57919,593566
57920,914788
57921,872523
57922,719887
57923,817672
57924,240668
57925,364028
57926,897250
57927,566065
57928,320057
57929,650807
57930,485213
57931,284582
57932,561474
57933,477014
57934,438143
57935,893594
57936,646796
57937,292197
57938,368516
57939,779327
57940,821465
57941,452657
57942,937995
57943,972775
57944,579084
57945,737552
57946,829978
57947,911132
57948,553451
57949,924581
57950,403131
57951,681907
57952,394928
57953,293709
57954,932782
57955,812632
57956,965698
57957,731261
57958,643692
57959,565098
57960,958081
57961,872147
57962,349126
57963,309543
57964,655934
57965,949800
57966,628002
57967,786717
57968,443922
57969,981772
57970,170511
57971,663805
57972,201736
57973,931853
57974,402712
57975,958442
57976,723229
57977,434236
57978,403408
57979,202432
57980,628353
57981,179055
57982,301711
57983,269667
57984,138816
57985,635970
57986,579919
57987,620544
57988,153070
57989,708063
57990,674355
57991,931365
57992,923182
57993,876955
57994,789654
57995,144043
57996,821682
57997,360006
57998,548912
57999,347189
58000,224725
58001,802533
58002,833801
58003,574751
58004,694505
58005,750088
58006,686144
58007,148830
58008,720228
58009,897417
58010,608883
58011,712047
58012,386866
58013,166868
58014,175071
58015,693953
58016,378353
58017,753384
58018,884483
58019,799237
58020,315321
58021,183890
58022,369332
58023,197816
58024,735654
58025,900457
58026,582226
58027,783010
58028,669768
58029,634708
58030,163954
58031,774241
58032,424840
58033,634268
58034,913793
58035,617790
58036,850177
58037,710881
58038,128271
58039,909218
58040,272470
58041,978321
58042,591515
58043,298361
58044,150576
58045,728099
58046,849705
58047,736296
58048,929787
58049,190751
58050,952348
58051,760071
58052,648442
58053,282387
58054,764788
58055,672149
58056,201094
58057,510583
58058,811709
58059,294824
58060,773881
58061,796147
58062,580801
58063,827607
58064,494905
58065,796475
58066,912849
58067,788272
58068,948941
58069,571236
58070,613765
58071,806046
58072,334989
58073,930731
58074,963655
58075,116148
58076,755031
58077,665848
58078,586466
58079,979393
58080,778458
58081,971210
58082,475864
58083,846042
58084,721176
58085,436977
58086,325383
58087,638023
58088,392527
58089,870333
58090,393095
58091,136333
58092,411792
58093,877950
58094,596328
58095,286408
58096,724472
58097,374497
58098,510748
58099,997024
58100,696407
58101,461758
58102,349312
58103,495258
58104,418939
58105,904825
58106,306201
58107,785889
58108,113922
58109,630807
58110,354035
58111,272701
58112,345136
58113,882990
58114,751813
58115,230777
58116,129156
58117,522607
58118,182399
58119,120975
58120,528240
58121,151443
58122,815534
58123,953279
58124,231345
58125,675918
58126,397638
58127,464878
58128,600859
58129,944118
58130,793099
58131,164817
58132,574258
58133,513412
58134,279192
58135,959900
58136,488035
58137,286811
58138,156080
58139,331094
58140,179054
58141,444280
58142,556129
58143,655772
58144,772982
58145,636555
58146,547946
58147,357031
58148,251051
58149,950082
58150,278433
58151,178598
58152,749145
58153,162052
58154,520179
58155,836125
58156,756792
58157,477916
58158,854591
58159,187435
58160,195616
58161,420991
58162,544906
58163,260744
58164,383848
58165,412788
58166,220527
58167,587173
58168,877394
58169,938921
58170,737970
58171,754192
58172,283652
58173,847606
58174,722428
58175,211170
58176,708374
58177,762067
58178,516571
58179,122928
58180,569379
58181,708062
58182,846910
58183,375853
58184,330162
58185,757864
58186,188528
58187,199313
58188,127104
58189,425167
58190,575446
58191,224724
58192,165373
58193,256240
58194,425479
58195,802532
58196,417292
58197,881634
58198,173558
58199,337241
58200,183891
58201,848550
58202,735655
58203,329042
58204,323507
58205,399210
58206,198257
58207,847982
58208,527252
58209,352479
58210,702155
58211,265682
58212,142386
58213,624176
58214,344276
58215,352791
58216,598815
58217,833000
58218,398849
58219,638997
58220,685826
58221,816161
58222,858412
58223,639709
58224,693603
58225,474762
58226,386192
58227,498029
58228,969086
58229,702368
58230,134482
58231,414031
58232,149244
58233,817673
58234,758019
58235,950296
58236,207857
58237,843246
58238,958483
58239,968094
58240,505222
58241,914789
58242,173213
58243,347487
58244,986556
58245,139705
58246,308678
58247,383179
58248,413655
58249,391360
58250,300805
58251,261091
58252,780022
58253,674649
58254,323648
58255,839006
58256,561475
58257,562059
58258,741177
58259,390176
58260,251328
58261,987940
58262,904182
58263,403130
58264,704597
58265,162471
58266,485748
58267,844669
58268,210281
58269,530567
58270,989770
58271,699574
58272,577867
58273,770931
58274,796793
58275,267623
58276,446333
58277,746644
58278,570566
58279,325070
58280,397279
58281,405460
58282,185390
58283,475153
58284,236512
58285,203788
58286,773467
58287,635046
58288,547399
58289,696406
58290,595777
58291,502872
58292,410737
58293,782232
58294,982659
58295,349313
58296,696990
58297,996457
58298,774035
58299,563245
58300,510421
58301,234952
58302,365603
58303,326630
58304,486650
58305,803092
58306,393719
58307,117494
58308,676487
58309,151442
58310,238963
58311,718176
58312,159057
58313,736578
58314,752140
58315,214802
58316,669450
58317,254525
58318,423114
58319,353338
58320,298715
58321,465351
58322,824270
58323,473548
58324,306896
58325,175931
58326,141527
58327,272700
58328,208511
58329,401263
58330,842408
58331,558773
58332,424674
58333,905440
58334,994033
58335,141055
58336,111403
58337,704206
58338,634430
58339,263639
58340,775107
58341,487873
58342,287025
58343,181749
58344,480002
58345,857057
58346,513262
58347,889869
58348,128270
58349,881828
58350,826949
58351,463948
58352,634709
58353,774240
58354,464516
58355,271999
58356,141204
58357,849704
58358,815300
58359,398052
58360,536081
58361,615191
58362,483298
58363,992690
58364,752047
58365,660642
58366,272471
58367,142196
58368,214649
58369,543644
58370,254366
58371,983016
58372,747807
58373,460828
58374,451325
58375,635653
58376,773168
58377,635341
58378,940743
58379,310723
58380,349986
58381,195430
58382,326285
58383,162954
58384,393372
58385,680351
58386,714355
58387,979720
58388,691998
58389,747007
58390,176328
58391,901435
58392,666161
58393,186253
58394,528514
58395,517789
58396,571237
58397,838515
58398,963654
58399,806487
58400,622407
58401,677592
58402,288997
58403,516082
58404,575812
58405,297036
58406,386369
58407,305223
58408,983621
58409,752795
58410,466328
58411,702065
58412,207392
58413,857117
58414,881496
58415,914612
58416,504919
58417,496732
58418,742072
58419,601485
58420,633441
58421,671101
58422,784279
58423,379746
58424,826225
58425,471411
58426,986221
58427,459520
58428,771556
58429,260346
58430,980212
58431,789549
58432,501295
58433,737472
58434,459208
58435,972343
58436,169791
58437,530302
58438,471019
58439,749283
58440,382458
58441,780559
58442,410342
58443,627954
58444,664549
58445,972831
58446,580084
58447,277971
58448,854661
58449,341915
58450,318842
58451,242076
58452,757322
58453,319410
58454,966490
58455,644028
58456,896938
58457,904012
58458,795053
58459,820810
58460,690081
58461,587924
58462,147355
58463,787310
58464,664206
58465,139152
58466,697698
58467,741251
58468,242239
58469,854310
58470,565201
58471,611643
58472,426799
58473,538678
58474,765738
58475,293878
58476,233724
58477,932629
58478,364823
58479,309172
58480,220350
58481,493391
58482,868416
58483,300991
58484,177303
58485,444545
58486,674091
58487,963281
58488,839468
58489,853446
58490,654908
58491,621336
58492,148622
58493,686480
58494,207235
58495,434047
58496,959073
58497,207691
58498,338592
58499,686936
58500,601318
58501,417757
58502,356134
58503,742355
58504,900721
58505,615808
58506,816723
58507,122298
58508,716884
58509,306148
58510,790806
58511,575535
58512,623913
58513,719858
58514,856312
58515,532968
58516,641801
58517,841946
58518,432185
58519,200398
58520,566476
58521,521524
58522,128223
58523,181284
58524,725979
58525,626319
58526,550566
58527,380239
58528,303170
58529,867347
58530,431633
58531,190983
58532,568036
58533,239361
58534,336134
58535,313647
58536,369698
58537,684598
58538,760023
58539,710097
58540,321828
58541,190671
58542,840762
58543,507546
58544,377703
58545,197166
58546,692895
58547,214368
58548,591235
58549,874910
58550,832383
58551,799891
58552,499345
58553,630956
58554,265029
58555,777553
58556,167234
58557,875350
58558,692311
58559,114105
58560,546869
58561,739525
58562,996563
58563,626711
58564,879597
58565,340406
58566,318295
58567,610485
58568,394117
58569,811885
58570,155544
58571,925328
58572,177105
58573,869838
58574,997427
58575,419872
58576,901666
58577,666592
58578,546333
58579,168210
58580,989936
58581,878349
58582,509767
58583,405358
58584,529307
58585,806790
58586,324980
58587,570492
58588,307609
58589,445540
58590,253879
58591,814822
58592,755180
58593,291827
58594,614390
58595,861152
58596,729611
58597,964148
58598,814126
58599,886479
58600,450703
58601,740198
58602,773258
58603,258452
58604,137661
58605,603219
58606,226480
58607,250711
58608,163576
58609,887015
58610,182703
58611,282536
58612,397918
58613,868272
58614,491347
58615,736403
58616,197005
58617,362378
58618,405661
58619,264750
58620,166953
58621,978218
58622,786169
58623,970729
58624,777970
58625,488371
58626,679862
58627,371113
58628,409269
58629,339525
58630,312484
58631,617861
58632,182151
58633,850802
58634,711314
58635,487803
58636,864664
58637,457951
58638,263174
58639,985571
58640,304097
58641,591880
58642,140774
58643,202998
58644,963359
58645,193047
58646,403942
58647,682222
58648,853000
58649,476395
58650,476707
58651,530395
58652,646449
58653,553118
58654,629375
58655,143485
58656,467302
58657,771393
58658,746150
58659,619774
58660,520172
58661,731400
58662,836098
58663,126159
58664,764972
58665,812845
58666,225691
58667,309914
58668,781154
58669,382871
58670,912009
58671,147029
58672,740941
58673,941910
58674,584482
58675,693983
58676,265989
58677,598784
58678,166146
58679,968714
58680,660475
58681,866387
58682,438874
58683,438418
58684,685686
58685,368738
58686,769180
58687,934350
58688,296641
58689,749790
58690,793656
58691,549606
58692,582922
58693,216840
58694,593899
58695,694519
58696,457204
58697,387332
58698,686174
58699,279723
58700,865459
58701,433841
58702,565388
58703,608877
58704,489112
58705,512383
58706,857712
58707,976266
58708,348040
58709,256388
58710,541574
58711,248647
58712,758044
58713,650465
58714,480560
58715,364330
58716,876157
58717,221832
58718,992128
58719,884342
58720,113242
58721,456375
58722,221248
58723,255916
58724,632655
58725,482072
58726,761340
58727,816886
58728,368905
58729,928512
58730,638986
58731,289763
58732,867312
58733,569295
58734,735443
58735,900820
58736,162488
58737,242330
58738,285072
58739,511628
58740,836457
58741,966292
58742,196508
58743,349144
58744,996144
58745,664107
58746,269334
58747,602131
58748,847178
58749,508068
58750,203605
58751,334526
58752,323679
58753,963188
58754,804965
58755,292219
58756,682373
58757,274997
58758,501729
58759,789987
58760,309009
58761,998680
58762,266486
58763,135453
58764,771810
58765,394016
58766,732965
58767,619219
58768,402219
58769,186905
58770,332056
58771,764417
58772,235295
58773,933110
58774,688194
58775,635505
58776,390009
58777,555163
58778,988285
58779,683715
58780,622131
58781,316890
58782,715055
58783,212688
58784,484045
58785,325073
58786,537085
58787,203795
58788,921629
58789,666437
58790,909380
58791,789157
58792,979580
58793,909964
58794,592654
58795,826873
58796,380394
58797,416502
58798,801310
58799,935907
58800,458001
58801,164103
58802,224230
58803,423989
58804,388905
58805,231815
58806,767129
58807,339851
58808,618115
58809,558762
58810,842423
58811,156078
58812,810331
58813,455153
58814,600037
58815,297996
58816,992782
58817,273387
58818,916500
58819,415254
58820,591854
58821,661278
58822,978476
58823,660950
58824,406427
58825,718207
58826,768121
58827,676504
58828,129178
58829,807795
58830,490581
58831,559690
58832,175695
58833,693073
58834,791894
58835,800093
58836,423358
58837,577191
58838,700818
58839,454810
58840,222829
58841,875160
58842,800661
58843,792478
58844,978319
58845,752504
58846,710359
58847,205091
58848,920870
58849,527877
58850,313569
58851,640239
58852,458418
58853,967596
58854,132424
58855,542563
58856,464539
58857,132992
58858,295303
58859,479701
58860,864573
58861,641735
58862,521778
58863,810744
58864,400923
58865,610275
58866,710911
58867,558345
58868,759289
58869,918286
58870,124777
58871,675179
58872,763786
58873,930173
58874,964241
58875,116578
58876,528981
58877,622424
58878,428359
58879,860997
58880,537182
58881,219390
58882,630769
58883,902124
58884,770255
58885,145211
58886,878275
58887,286069
58888,117634
58889,564113
58890,618864
58891,933277
58892,539766
58893,803496
58894,242871
58895,532149
58896,419086
58897,218838
58898,503084
58899,781348
58900,389338
58901,940760
58902,131764
58903,263007
58904,702534
58905,225209
58906,217010
58907,448837
58908,943031
58909,986226
58910,355482
58911,617180
58912,557117
58913,927281
58914,188629
58915,287770
58916,233232
58917,512781
58918,686308
58919,312317
58920,623709
58921,506024
58922,584016
58923,344761
58924,824646
58925,693421
58926,456110
58927,701606
58928,668490
58929,631894
58930,543871
58931,977523
58932,624277
58933,736202
58934,430115
58935,685772
58936,368856
58937,184054
58938,685060
58939,157969
58940,130573
58941,192253
58942,372840
58943,293506
58944,862297
58945,327590
58946,118454
58947,619588
58948,713560
58949,656369
58950,950247
58951,821054
58952,602562
58953,871892
58954,269767
58955,707963
58956,192613
58957,123029
58958,682652
58959,342884
58960,161089
58961,690429
58962,169448
58963,492787
58964,308928
58965,351265
58966,561966
58967,537801
58968,730169
58969,963278
58970,334028
58971,193478
58972,861978
58973,192782
58974,396020
58975,292617
58976,884989
58977,300960
58978,990633
58979,501595
58980,877212
58981,586859
58982,352130
58983,829558
58984,136047
58985,426800
58986,836563
58987,611620
58988,196390
58989,319174
58990,723154
58991,957677
58992,126238
58993,673564
58994,643072
58995,452285
58996,871615
58997,260006
58998,904019
58999,795058
59000,941703
59001,772208
59002,689526
59003,880252
59004,594538
59005,410514
59006,937215
59007,174608
59008,624638
59009,552223
59010,659682
59011,142844
59012,916456
59013,274143
59014,422697
59015,398444
59016,735905
59017,369075
59018,616279
59019,471047
59020,749839
59021,355825
59022,262396
59023,906699
59024,224978
59025,356153
59026,881196
59027,140244
59028,111816
59029,199063
59030,712296
59031,288113
59032,889477
59033,311390
59034,557398
59035,919377
59036,372051
59037,565597
59038,669031
59039,133241
59040,660844
59041,306805
59042,446784
59043,622776
59044,945074
59045,792143
59046,576958
59047,370421
59048,151039
59049,336153
59050,807169
59051,676074
59052,328666
59053,491047
59054,514496
59055,120875
59056,943514
59057,263538
59058,704107
59059,458155
59060,960496
59061,524796
59062,818978
59063,918239
59064,850126
59065,432166
59066,755280
59067,475316
59068,436821
59069,707414
59070,291463
59071,335754
59072,845950
59073,460082
59074,392995
59075,492254
59076,307749
59077,276225
59078,666623
59079,168205
59080,358919
59081,803249
59082,540071
59083,235429
59084,195240
59085,155527
59086,116891
59087,340833
59088,714101
59089,201345
59090,518523
59091,294503
59092,365702
59093,988359
59094,410836
59095,627392
59096,827672
59097,494838
59098,788223
59099,435478
59100,837118
59101,864031
59102,732916
59103,162863
59104,714454
59105,531655
59106,243397
59107,887344
59108,680250
59109,997231
59110,268929
59111,773269
59112,948841
59113,310630
59114,588910
59115,218276
59116,589478
59117,913341
59118,948385
59119,627627
59120,268361
59121,635808
59122,381603
59123,603212
59124,697168
59125,366861
59126,861183
59127,436726
59128,282927
59129,212425
59130,707133
59131,964139
59132,517688
59133,536620
59134,878201
59135,789364
59136,909717
59137,554850
59138,276074
59139,770165
59140,460433
59141,578125
59142,997703
59143,392776
59144,834595
59145,223799
59146,574205
59147,618322
59148,181584
59149,641205
59150,521280
59151,362941
59152,128427
59153,363381
59154,842598
59155,725095
59156,890464
59157,278943
59158,345911
59159,823496
59160,551730
59161,661199
59162,415687
59163,507174
59164,385232
59165,993247
59166,935962
59167,114181
59168,585238
59169,693227
59170,807586
59171,197466
59172,607161
59173,491340
59174,151132
59175,815201
59176,760683
59177,482703
59178,859500
59179,568208
59180,769213
59181,677468
59182,523701
59183,399188
59184,527274
59185,407391
59186,616103
59187,238432
59188,524157
59189,323469
59190,143044
59191,475103
59192,668625
59193,265708
59194,255718
59195,498416
59196,590306
59197,584451
59198,915992
59199,766045
59200,642464
59201,865882
59202,488561
59203,180877
59204,206956
59205,338311
59206,442011
59207,934695
59208,131631
59209,750135
59210,549575
59211,417018
59212,915192
59213,593154
59214,741620
59215,947100
59216,628886
59217,910464
59218,698477
59219,606065
59220,391573
59221,544948
59222,453549
59223,737348
59224,228698
59225,143452
59226,274871
59227,708064
59228,861930
59229,516581
59230,885005
59231,404239
59232,211476
59233,291889
59234,839363
59235,429600
59236,664417
59237,941943
59238,470895
59239,656234
59240,655778
59241,821157
59242,462252
59243,170843
59244,812812
59245,511246
59246,372979
59247,162802
59248,539409
59249,327157
59250,611868
59251,202495
59252,966622
59253,836131
59254,402727
59255,580307
59256,548159
59257,903424
59258,309528
59259,655873
59260,196541
59261,611775
59262,643667
59263,673103
59264,804004
59265,210847
59266,863073
59267,704619
59268,902952
59269,309040
59270,383549
59271,501000
59272,352025
59273,308728
59274,746476
59275,738279
59276,999409
59277,492803
59278,798465
59279,266783
59280,403628
59281,529497
59282,537682
59283,237136
59284,530065
59285,244883
59286,561533
59287,434171
59288,127773
59289,148490
59290,851731
59291,719920
59292,240675
59293,687068
59294,408276
59295,330287
59296,270444
59297,942223
59298,224385
59299,934020
59300,934476
59301,775355
59302,184070
59303,735474
59304,708827
59305,523486
59306,527041
59307,616396
59308,183758
59309,438744
59310,753012
59311,983394
59312,506200
59313,969024
59314,265807
59315,208009
59316,339298
59317,279207
59318,819129
59319,200266
59320,401233
59321,827152
59322,592359
59323,249576
59324,140297
59325,626187
59326,801015
59327,574221
59328,704240
59329,439966
59330,859292
59331,710557
59332,606337
59333,328073
59334,523160
59335,362085
59336,676537
59337,536388
59338,929455
59339,205473
59340,353284
59341,832507
59342,874778
59343,669180
59344,917245
59345,272642
59346,585006
59347,423484
59348,576805
59349,664908
59350,461129
59351,451496
59352,696424
59353,358012
59354,411271
59355,219036
59356,209113
59357,756267
59358,518624
59359,947633
59360,275794
59361,411823
59362,176981
59363,699528
59364,738921
59365,299133
59366,683050
59367,203826
59368,929847
59369,894763
59370,537364
59371,837870
59372,445664
59373,770286
59374,268026
59375,699875
59376,500517
59377,366998
59378,706670
59379,838021
59380,622457
59381,404553
59382,375637
59383,894528
59384,124744
59385,580862
59386,138225
59387,218175
59388,689088
59389,913190
59390,317552
59391,487271
59392,803465
59393,326323
59394,201145
59395,478628
59396,724140
59397,340057
59398,680353
59399,129488
59400,841173
59401,736991
59402,760816
59403,336105
59404,440309
59405,490783
59406,999425
59407,883378
59408,984911
59409,584773
59410,214599
59411,415580
59412,752473
59413,385099
59414,700851
59415,353647
59416,167525
59417,832144
59418,631691
59419,114334
59420,823963
59421,524996
59422,566563
59423,231629
59424,679418
59425,559072
59426,182019
59427,208354
59428,850934
59429,524300
59430,424887
59431,905653
59432,662196
59433,346956
59434,696208
59435,943210
59436,140642
59437,463986
59438,548078
59439,452599
59440,987139
59441,911890
59442,981034
59443,958319
59444,757364
59445,365194
59446,888151
59447,372809
59448,274701
59449,308961
59450,990435
59451,421115
59452,252111
59453,910394
59454,202861
59455,673918
59456,893812
59457,853139
59458,620677
59459,508244
59460,334670
59461,480448
59462,918739
59463,959284
59464,609014
59465,565271
59466,889095
59467,720353
59468,968377
59469,248503
59470,583057
59471,967793
59472,463758
59473,632983
59474,900900
59475,769743
59476,534995
59477,685093
59478,727336
59479,438977
59480,150515
59481,323071
59482,590168
59483,297658
59484,386999
59485,498250
59486,386431
59487,134773
59488,799360
59489,422499
59490,213875
59491,274325
59492,183668
59493,848257
59494,407182
59495,535152
59496,866723
59497,709289
59498,900687
59499,639577
59500,769956
59501,523948
59502,230074
59503,685390
59504,761775
59505,937494
59506,166130
59507,623895
59508,916425
59509,306138
59510,174641
59511,166458
59512,702244
59513,937182
59514,734816
59515,288664
59516,617366
59517,616798
59518,442186
59519,119724
59520,914913
59521,750566
59522,976145
59523,967962
59524,262365
59525,869046
59526,383623
59527,413083
59528,587394
59529,876661
59530,391820
59531,637828
59532,847313
59533,839130
59534,537832
59535,123671
59536,403478
59537,853496
59538,949933
59539,462517
59540,259975
59541,995683
59542,602248
59543,820852
59544,382567
59545,196047
59546,126271
59547,434642
59548,619790
59549,402678
59550,332813
59551,327404
59552,485872
59553,453946
59554,770367
59555,939976
59556,252970
59557,989902
59558,307716
59559,754873
59560,964009
59561,763058
59562,806256
59563,404888
59564,886682
59565,282725
59566,904244
59567,547523
59568,827705
59569,627425
59570,782108
59571,443161
59572,878875
59573,510289
59574,402352
59575,531853
59576,243599
59577,563809
59578,671867
59579,393587
59580,816099
59581,728837
59582,868069
59583,961017
59584,191033
59585,167292
59586,744067
59587,700514
59588,752264
59589,447401
59590,542907
59591,743499
59592,200432
59593,566514
59594,525077
59595,371252
59596,172439
59597,416365
59598,248986
59599,774543
59600,458562
59601,704074
59602,541787
59603,935344
59604,905900
59605,661933
59606,240308
59607,190386
59608,363348
59609,641628
59610,725646
59611,600125
59612,354613
59613,935131
59614,542000
59615,140760
59616,450082
59617,347126
59618,388113
59619,600821
59620,703977
59621,197043
59622,370623
59623,527446
59624,890985
59625,121185
59626,728686
59627,868238
59628,567673
59629,190874
59630,768393
59631,361852
59632,882880
59633,141624
59634,599573
59635,222966
59636,385265
59637,171631
59638,664733
59639,138059
59640,811248
59641,764913
59642,194858
59643,964642
59644,186657
59645,680915
59646,652495
59647,778903
59648,997734
59649,797534
59650,789333
59651,805915
59652,763665
59653,116729
59654,375791
59655,922093
59656,622531
59657,729653
59658,763353
59659,517329
59660,347869
59661,417325
59662,387386
59663,263131
59664,165340
59665,356054
59666,463331
59667,775943
59668,139507
59669,663021
59670,557241
59671,280157
59672,279701
59673,857222
59674,320370
59675,143067
59676,305372
59677,305684
59678,448489
59679,378649
59680,659725
59681,817059
59682,368732
59683,438444
59684,928341
59685,229820
59686,430703
59687,519450
59688,233740
59689,812819
59690,403440
59691,196297
59692,981135
59693,911487
59694,950115
59695,170380
59696,556096
59697,348229
59698,682520
59699,708095
59700,861941
59701,538606
59702,674011
59703,334115
59704,847575
59705,885722
59706,500860
59707,947075
59708,946507
59709,252578
59710,537677
59711,839607
59712,963146
59713,508498
59714,244876
59715,184705
59716,437655
59717,839039
59718,569705
59719,762265
59720,597190
59721,135459
59722,169679
59723,266752
59724,391393
59725,946920
59726,308711
59727,713399
59728,435135
59729,519865
59730,161870
59731,293285
59732,757106
59733,259874
59734,278251
59735,872179
59736,741144
59737,142712
59738,265368
59739,875659
59740,466592
59741,297404
59742,945848
59743,344918
59744,328728
59745,560434
59746,953561
59747,158262
59748,703329
59749,601213
59750,305055
59751,825417
59752,248241
59753,417606
59754,783535
59755,131931
59756,817376
59757,566033
59758,865766
59759,809195
59760,642260
59761,199643
59762,481222
59763,114666
59764,585721
59765,423147
59766,669483
59767,345816
59768,944950
59769,196733
59770,961428
59771,191132
59772,159088
59773,768655
59774,514956
59775,615005
59776,369849
59777,840865
59778,164849
59779,696036
59780,249591
59781,882470
59782,703527
59783,573914
59784,966705
59785,424643
59786,905409
59787,224216
59788,339325
59789,240506
59790,128652
59791,156504
59792,287411
59793,335302
59794,194252
59795,124476
59796,654121
59797,562724
59798,436945
59799,317228
59800,715025
59801,335630
59802,939429
59803,901233
59804,577898
59805,307305
59806,384356
59807,924867
59808,531752
59809,117463
59810,518967
59811,200909
59812,427250
59813,518655
59814,956903
59815,563212
59816,258732
59817,581442
59818,310849
59819,410704
59820,635015
59821,427417
59822,332421
59823,803478
59824,374114
59825,956556
59826,724603
59827,845169
59828,286027
59829,802910
59830,235082
59831,732344
59832,863571
59833,555782
59834,171010
59835,358152
59836,461557
59837,494873
59838,635684
59839,930699
59840,729176
59841,151616
59842,886356
59843,116572
59844,683358
59845,359400
59846,453876
59847,460309
59848,997827
59849,546085
59850,638916
59851,172121
59852,986032
59853,826540
59854,703820
59855,263765
59856,935038
59857,223355
59858,759239
59859,148024
59860,857024
59861,719050
59862,767748
59863,960031
59864,346035
59865,142165
59866,622935
59867,113737
59868,415555
59869,246652
59870,992659
59871,167546
59872,717866
59873,121284
59874,282419
59875,640209
59876,491464
59877,868139
59878,191479
59879,231162
59880,362257
59881,313879
59882,376446
59883,316275
59884,853132
59885,202866
59886,395625
59887,647037
59888,292444
59889,569528
59890,192603
59891,579581
59892,359444
59893,698880
59894,392184
59895,501262
59896,220660
59897,990460
59898,821544
59899,135738
59900,765536
59901,958320
59902,477327
59903,284799
59904,242549
59905,888704
59906,485964
59907,896323
59908,765096
59909,689899
59910,417796
59911,828867
59912,138970
59913,772389
59914,501798
59915,218076
59916,598348
59917,798807
59918,937386
59919,543809
59920,474546
59921,693851
59922,475002
59923,447899
59924,623715
59925,968846
59926,685114
59927,149796
59928,205865
59929,568864
59930,639461
59931,677625
59932,769048
59933,314859
59934,206561
59935,760851
59936,671068
59937,872890
59938,967790
59939,387456
59940,549474
59941,942985
59942,347751
59943,975973
59944,448891
59945,216972
59946,287780
59947,766512
59948,127699
59949,565952
59950,616490
59951,118800
59952,686610
59953,207361
59954,565256
59955,288492
59956,794399
59957,347916
59958,173062
59959,462898
59960,758168
59961,481148
59962,609154
59963,534159
59964,288647
59965,442197
59966,181059
59967,590564
59968,945666
59969,274145
59970,414492
59971,506365
59972,745234
59973,455931
59974,297934
59975,134601
59976,784957
59977,213199
59978,825051
59979,900248
59980,961640
59981,867188
59982,859007
59983,237670
59984,369037
59985,858551
59986,569163
59987,651317
59988,118059
59989,844078
59990,196048
59991,896040
59992,394466
59993,493894
59994,911790
59995,787279
59996,628152
59997,225396
59998,839109
59999,192816
60000,203729
60001,284148
60002,813290
60003,885259
60004,508648
60005,211218
60006,324115
60007,193528
60008,646678
60009,931100
60010,260528
60011,771246
60012,360375
60013,169589
60014,135577
60015,553329
60016,597116
60017,394148
60018,863818
60019,201407
60020,194654
60021,706440
60022,326525
60023,294033
60024,680047
60025,988721
60026,179672
60027,277471
60028,381246
60029,276759
60030,381942
60031,878852
60032,982552
60033,581624
60034,268572
60035,940543
60036,904931
60037,795650
60038,562262
60039,212564
60040,852641
60041,860258
60042,554551
60043,586203
60044,299224
60045,460740
60046,168955
60047,657666
60048,253693
60049,495768
60050,542348
60051,464756
60052,224098
60053,164227
60054,172424
60055,662394
60056,793233
60057,592194
60058,346186
60059,472503
60060,354369
60061,850160
60062,156642
60063,959750
60064,566509
60065,199719
60066,432848
60067,925730
60068,532937
60069,952261
60070,506995
60071,591722
60072,752279
60073,631365
60074,832350
60075,473431
60076,551087
60077,321797
60078,230883
60079,899350
60080,952813
60081,362176
60082,710456
60083,423226
60084,874708
60085,464951
60086,222241
60087,917299
60088,377061
60089,944871
60090,785424
60091,978187
60092,446485
60093,482737
60094,405692
60095,370592
60096,239179
60097,150698
60098,899765
60099,327751
60100,841656
60101,960653
60102,328335
60103,607111
60104,238723
60105,559469
60106,952454
60107,704318
60108,496443
60109,355298
60110,592609
60111,330919
60112,864697
60113,513725
60114,719544
60115,617892
60116,951982
60117,371080
60118,649344
60119,287586
60120,521342
60121,846819
60122,375792
60123,536594
60124,235736
60125,212799
60126,392822
60127,692101
60128,658081
60129,630205
60130,145343
60131,307640
60132,979291
60133,869964
60134,453710
60135,756709
60136,340220
60137,956470
60138,563677
60139,479177
60140,374232
60141,672711
60142,294706
60143,555380
60144,948383
60145,603250
60146,451174
60147,460935
60148,137628
60149,796009
60150,495011
60151,588880
60152,948823
60153,250302
60154,715970
60155,954580
60156,931635
60157,892975
60158,762308
60159,123175
60160,429833
60161,123887
60162,798531
60163,946301
60164,597147
60165,445071
60166,326876
60167,486336
60168,722955
60169,713450
60170,573212
60171,202014
60172,382039
60173,462413
60174,225883
60175,636244
60176,748934
60177,251764
60178,382623
60179,135142
60180,598536
60181,992227
60182,455708
60183,447511
60184,791320
60185,213032
60186,337542
60187,360801
60188,323236
60189,192335
60190,229954
60191,369570
60192,624911
60193,775417
60194,741853
60195,872502
60196,188775
60197,232554
60198,481179
60199,279971
60200,156739
60201,712369
60202,198990
60203,131237
60204,425139
60205,880982
60206,625324
60207,583017
60208,216939
60209,355979
60210,906361
60211,726320
60212,817622
60213,642858
60214,712666
60215,330190
60216,199405
60217,809749
60218,897524
60219,280064
60220,817950
60221,506553
60222,552109
60223,624204
60224,456639
60225,991880
60226,297098
60227,222080
60228,166241
60229,753301
60230,915602
60231,791155
60232,329006
60233,527336
60234,515580
60235,867064
60236,607982
60237,511876
60238,765575
60239,327551
60240,333214
60241,201845
60242,643506
60243,364730
60244,372913
60245,154555
60246,854595
60247,494082
60248,462318
60249,697863
60250,781057
60251,470829
60252,301114
60253,357083
60254,418347
60255,716641
60256,853667
60257,404301
60258,674382
60259,203357
60260,708002
60261,220435
60262,998416
60263,938269
60264,737998
60265,971833
60266,478694
60267,486893
60268,895714
60269,357789
60270,905071
60271,258970
60272,268432
60273,145776
60274,982364
60275,595542
60276,350046
60277,411566
60278,788301
60279,227006
60280,291325
60281,194554
60282,964338
60283,720910
60284,185657
60285,291637
60286,894154
60287,397000
60288,350582
60289,144784
60290,700265
60291,770220
60292,392281
60293,276147
60294,261554
60295,463920
60296,634337
60297,542464
60298,163855
60299,703761
60300,641132
60301,331400
60302,480126
60303,371055
60304,409203
60305,984517
60306,599077
60307,465104
60308,354277
60309,222734
60310,800758
60311,622858
60312,246249
60313,158790
60314,999491
60315,327840
60316,559938
60317,815288
60318,121241
60319,760186
60320,491413
60321,133736
60322,245890
60323,585068
60324,701010
60325,369892
60326,336648
60327,190473
60328,760537
60329,416405
60330,224133
60331,295495
60332,993349
60333,634434
60334,943427
60335,841756
60336,819195
60337,240423
60338,436292
60339,193625
60340,367223
60341,124513
60342,613523
60343,729454
60344,721253
60345,404832
60346,528789
60347,970972
60348,253138
60349,445897
60350,275728
60351,779012
60352,638706
60353,510377
60354,243135
60355,510817
60356,486534
60357,393611
60358,519018
60359,949211
60360,411333
60361,419534
60362,904396
60363,302615
60364,940312
60365,656645
60366,443361
60367,915307
60368,462959
60369,633718
60370,670826
60371,671394
60372,601682
60373,471724
60374,173147
60375,865537
60376,329759
60377,927217
60378,851947
60379,534226
60380,734754
60381,609247
60382,945759
60383,832581
60384,544703
60385,954102
60386,337140
60387,900621
60388,735938
60389,769326
60390,716840
60391,511573
60392,723121
60393,210351
60394,619852
60395,844147
60396,511133
60397,681844
60398,812703
60399,178883
60400,310056
60401,548623
60402,828661
60403,949999
60404,147431
60405,502032
60406,847707
60407,754621
60408,762806
60409,203076
60410,962661
60411,771643
60412,972576
60413,605226
60414,359714
60415,597025
60416,876599
60417,274468
60418,220682
60419,746260
60420,578563
60421,798713
60422,771315
60423,396284
60424,404471
60425,184333
60426,955341
60427,342479
60428,376355
60429,612556
60430,467831
60431,453021
60432,421489
60433,938863
60434,690774
60435,651523
60436,932354
60437,372747
60438,966126
60439,611372
60440,538913
60441,804151
60442,923841
60443,723418
60444,259174
60445,880500
60446,950148
60447,949580
60448,502451
60449,348322
60450,821085
60451,494264
60452,776960
60453,576496
60454,991482
60455,498184
60456,701965
60457,466404
60458,983281
60459,785163
60460,624374
60461,708936
60462,961886
60463,677540
60464,808783
60465,407463
60466,727970
60467,337311
60468,481378
60469,808327
60470,430728
60471,296144
60472,873263
60473,593714
60474,583451
60475,457701
60476,540924
60477,633373
60478,686671
60479,735049
60480,608380
60481,926874
60482,372371
60483,792391
60484,916902
60485,415652
60486,222900
60487,577150
60488,874633
60489,133489
60490,551321
60491,129320
60492,929596
60493,491311
60494,321587
60495,514248
60496,150775
60497,362486
60498,158972
60499,464450
60500,263858
60501,249267
60502,303445
60503,696168
60504,985503
60505,215191
60506,782949
60507,550265
60508,132497
60509,774766
60510,600191
60511,574110
60512,279348
60513,120259
60514,618289
60515,842189
60516,566747
60517,128456
60518,156372
60519,433126
60520,850702
60521,279036
60522,513760
60523,687369
60524,562528
60525,244294
60526,375725
60527,317088
60528,212394
60529,204193
60530,729279
60531,491806
60532,638443
60533,228068
60534,359183
60535,578094
60536,604367
60537,546242
60538,136481
60539,554441
60540,756080
60541,155279
60542,242798
60543,435573
60544,487327
60545,933772
60546,696827
60547,871153
60548,940545
60549,250339
60550,656924
60551,819923
60552,747993
60553,276513
60554,555305
60555,905173
60556,137665
60557,603183
60558,366125
60559,393521
60560,618690
60561,318251
60562,510939
60563,401722
60564,116984
60565,680698
60566,180045
60567,696920
60568,302765
60569,604044
60570,904310
60571,381283
60572,310382
60573,819568
60574,879505
60575,755251
60576,475351
60577,436790
60578,317387
60579,236326
60580,536868
60581,721687
60582,815089
60583,700088
60584,384843
60585,411735
60586,586574
60587,219468
60588,276322
60589,605036
60590,172829
60591,783118
60592,633904
60593,913453
60594,793292
60595,249048
60596,767624
60597,842350
60598,711557
60599,952216
60600,408938
60601,856652
60602,331609
60603,521544
60604,970494
60605,542969
60606,507622
60607,984084
60608,591359
60609,345663
60610,916685
60611,785702
60612,551482
60613,298197
60614,920724
60615,514923
60616,314267
60617,614514
60618,535924
60619,929367
60620,439470
60621,636235
60622,444016
60623,820883
60624,556393
60625,548194
60626,973669
60627,698227
60628,651469
60629,924615
60630,403161
60631,373189
60632,681937
60633,612138
60634,765939
60635,573187
60636,611810
60637,435197
60638,757752
60639,144290
60640,946858
60641,902589
60642,829616
60643,459442
60644,868505
60645,545154
60646,938089
60647,798100
60648,789919
60649,745849
60650,707798
60651,429534
60652,530124
60653,923119
60654,245254
60655,152807
60656,762643
60657,161004
60658,950395
60659,433518
60660,157332
60661,642654
60662,189360
60663,442285
60664,889411
60665,650837
60666,165109
60667,802796
60668,387091
60669,633115
60670,663052
60671,986903
60672,986591
60673,750025
60674,880674
60675,425415
60676,535191
60677,560496
60678,150143
60679,761672
60680,526420
60681,149687
60682,717381
60683,858447
60684,336977
60685,840613
60686,130976
60687,984055
60688,344852
60689,915942
60690,776198
60691,280631
60692,238397
60693,560851
60694,840398
60695,901059
60696,808938
60697,867047
60698,736012
60699,337906
60700,466241
60701,598452
60702,632408
60703,142417
60704,533972
60705,399649
60706,189147
60707,433869
60708,312123
60709,616658
60710,512971
60711,433157
60712,347223
60713,416935
60714,915109
60715,633528
60716,540761
60717,575413
60718,775565
60719,263065
60720,304254
60721,347807
60722,173461
60723,699128
60724,737305
60725,910869
60726,412695
60727,252640
60728,745490
60729,612457
60730,893843
60731,530343
60732,309990
60733,217580
60734,502294
60735,781086
60736,170758
60737,635936
60738,520080
60739,573032
60740,611465
60741,210017
60742,723327
60743,713630
60744,652142
60745,372910
60746,210601
60747,486068
60748,869500
60749,877687
60750,350569
60751,989578
60752,275556
60753,253806
60754,630669
60755,412497
60756,468572
60757,168096
60758,491963
60759,291298
60760,193837
60761,537122
60762,152266
60763,503704
60764,997289
60765,461495
60766,450646
60767,925162
60768,154850
60769,186822
60770,209703
60771,652328
60772,117046
60773,611279
60774,899661
60775,568150
60776,290682
60777,522342
60778,406156
60779,921490
60780,439648
60781,133588
60782,465103
60783,141791
60784,908552
60785,898733
60786,856394
60787,313013
60788,371056
60789,926585
60790,810628
60791,959637
60792,865161
60793,249822
60794,504776
60795,582192
60796,223289
60797,424226
60798,801545
60799,905704
60800,257309
60801,986098
60802,449549
60803,793346
60804,725762
60805,440555
60806,610036
60807,609340
60808,642000
60809,120517
60810,371411
60811,264060
60812,164219
60813,993938
60814,354929
60815,449894
60816,303699
60817,882092
60818,827213
60819,450478
60820,491233
60821,859657
60822,859329
60823,891693
60824,281810
60825,196671
60826,961494
60827,984697
60828,875407
60829,576888
60830,385405
60831,254102
60832,306867
60833,796210
60834,740052
60835,788025
60836,172003
60837,547052
60838,137231
60839,956837
60840,619183
60841,478810
60842,714163
60843,243104
60844,755902
60845,733017
60846,836691
60847,195182
60848,531818
60849,276423
60850,997922
60851,454109
60852,939823
60853,901171
60854,446238
60855,275727
60856,335692
60857,963918
60858,160682
60859,754782
60860,715675
60861,428696
60862,570989
60863,928014
60864,481558
60865,892441
60866,840151
60867,584335
60868,474267
60869,694130
60870,937091
60871,466520
60872,745296
60873,575564
60874,422741
60875,498100
60876,945728
60877,414558
60878,977324
60879,583751
60880,753499
60881,889593
60882,320225
60883,189194
60884,240836
60885,695186
60886,694618
60887,802646
60888,821961
60889,351542
60890,990677
60891,545080
60892,421325
60893,169527
60894,737736
60895,382994
60896,352254
60897,708260
60898,334000
60899,620979
60900,245436
60901,730765
60902,334456
60903,674688
60904,762209
60905,893066
60906,698313
60907,269520
60908,443394
60909,470755
60910,996342
60911,579836
60912,402603
60913,188241
60914,723118
60915,519305
60916,673632
60917,293781
60918,863110
60919,854925
60920,627857
60921,941968
60922,995997
60923,356990
60924,451938
60925,602558
60926,170940
60927,417862
60928,911951
60929,277936
60930,731910
60931,333811
60932,187634
60933,154070
60934,511777
60935,705327
60936,333115
60937,196145
60938,201936
60939,804136
60940,365271
60941,545435
60942,667494
60943,143987
60944,275352
60945,351893
60946,508169
60947,476901
60948,962833
60949,569594
60950,805632
60951,646647
60952,211003
60953,766138
60954,180386
60955,557121
60956,889178
60957,304324
60958,247842
60959,775479
60960,671702
60961,873264
60962,995021
60963,296455
60964,934152
60965,387850
60966,662805
60967,826130
60968,727997
60969,183362
60970,206499
60971,639855
60972,717716
60973,337280
60974,497887
60975,142883
60976,414261
60977,112959
60978,784860
60979,213806
60980,506068
60981,916223
60982,466427
60983,156363
60984,362945
60985,918472
60986,625999
60987,449719
60988,882357
60989,457916
60990,994115
60991,906138
60992,215176
60993,172649
60994,881789
60995,249700
60996,782970
60997,849209
60998,615374
60999,760287
61000,361761
61001,841010
61002,397557
61003,522772
61004,815133
61005,130047
61006,921056
61007,205285
61008,499025
61009,385196
61010,376999
61011,307042
61012,882845
61013,167554
61014,298857
61015,992619
61016,133486
61017,543117
61018,218640
61019,179441
61020,904450
61021,664768
61022,828103
61023,218328
61024,349491
61025,155280
61026,427945
61027,863659
61028,137206
61029,990200
61030,788928
61031,989488
61032,604368
61033,454340
61034,267477
61035,852872
61036,509063
61037,885860
61038,517260
61039,509519
61040,343134
61041,475555
61042,437058
61043,554173
61044,219475
61045,971441
61046,419907
61047,870245
61048,822671
61049,691300
61050,335166
61051,203989
61052,930000
61053,375513
61054,528688
61055,344061
61056,374801
61057,922131
61058,675342
61059,418979
61060,218547
61061,982618
61062,503369
61063,912482
61064,988787
61065,547486
61066,340437
61067,318260
61068,519119
61069,671782
61070,652793
61071,606310
61072,231273
61073,398166
61074,960932
61075,272869
61076,978666
61077,984075
61078,751645
61079,167913
61080,353507
61081,542950
61082,669651
61083,777522
61084,498746
61085,744158
61086,167201
61087,622788
61088,273197
61089,181903
61090,925792
61091,641898
61092,156008
61093,231745
61094,558244
61095,951631
61096,670203
61097,424179
61098,600331
61099,295650
61100,223720
61101,472893
61102,464694
61103,355019
61104,224032
61105,801496
61106,633903
61107,575231
61108,355606
61109,994805
61110,417261
61111,270352
61112,271064
61113,207227
61114,329883
61115,363967
61116,489390
61117,199608
61118,330323
61119,857926
61120,305948
61121,142619
61122,745419
61123,953970
61124,891978
61125,840012
61126,198488
61127,329395
61128,769450
61129,677707
61130,402480
61131,293646
61132,612107
61133,723709
61134,712732
61135,210915
61136,888058
61137,259905
61138,269387
61139,981839
61140,348493
61141,612643
61142,963113
61143,730334
61144,853310
61145,954914
61146,185130
61147,376780
61148,682768
61149,621536
61150,911199
61151,737619
61152,586892
61153,821402
61154,690545
61155,885105
61156,177263
61157,846972
61158,315746
61159,853077
61160,115377
61161,403899
61162,177412
61163,143392
61164,252609
61165,420925
61166,519545
61167,327049
61168,187497
61169,318850
61170,242020
61171,812472
61172,511930
61173,958377
61174,341419
61175,293037
61176,580548
61177,772916
61178,903903
61179,941507
61180,217549
61181,968791
61182,745120
61183,305343
61184,825193
61185,174420
61186,344214
61187,175004
61188,744552
61189,560186
61190,727846
61191,709068
61192,490021
61193,607952
61194,808907
61195,858117
61196,727534
61197,448930
61198,417358
61199,263096
61200,968319
61201,633497
61202,540792
61203,304791
61204,157662
61205,288309
61206,865830
61207,817952
61208,364060
61209,831524
61210,142134
61211,446980
61212,455183
61213,370097
61214,522311
61215,290651
61216,230481
61217,709698
61218,431434
61219,867712
61220,336021
61221,559996
61222,634647
61223,696300
61224,172786
61225,793067
61226,943126
61227,271605
61228,951487
61229,618421
61230,856995
61231,719017
61232,408709
61233,287091
61234,653545
61235,367394
61236,124724
61237,577634
61238,275525
61239,864248
61240,705778
61241,234721
61242,714289
61243,374729
61244,965164
61245,331822
61246,427826
61247,310657
61248,740254
61249,905041
61250,258980
61251,137541
61252,179874
61253,503737
61254,845489
61255,326564
61256,540552
61257,373866
61258,532355
61259,974538
61260,218408
61261,443359
61262,787992
61263,595715
61264,470006
61265,302305
61266,665592
61267,419568
61268,941038
61269,886620
61270,755383
61271,212621
61272,152448
61273,397213
61274,837778
61275,483984
61276,253476
61277,877885
61278,227779
61279,578497
61280,637956
61281,970978
61282,219904
61283,299009
61284,989704
61285,257695
61286,295545
61287,223603
61288,249492
61289,550038
61290,380343
61291,458060
61292,856064
61293,400869
61294,842474
61295,567036
61296,432321
61297,610005
61298,819141
61299,181468
61300,377759
61301,133278
61302,254591
61303,631452
61304,936798
61305,133718
61306,777641
61307,298065
61308,785826
61309,792232
61310,944981
61311,490504
61312,867563
61313,961527
61314,899847
61315,849409
61316,737224
61317,962651
61318,954448
61319,211897
61320,184664
61321,654518
61322,376694
61323,562035
61324,516736
61325,413487
61326,637232
61327,938554
61328,135986
61329,999223
61330,868354
61331,228927
61332,972574
61333,629747
61334,383739
61335,220412
61336,690947
61337,531127
61338,161943
61339,836494
61340,210321
61341,949969
61342,987412
61343,912133
61344,502758
61345,772837
61346,452320
61347,301853
61348,274050
61349,135010
61350,297317
61351,466553
61352,466097
61353,544073
61354,134570
61355,977733
61356,808474
61357,158447
61358,867095
61359,560619
61360,150244
61361,816657
61362,481591
61363,197930
61364,361261
61365,928047
61366,775293
61367,248168
61368,448627
61369,471130
61370,593071
61371,784062
61372,794036
61373,633672
61374,919308
61375,371982
61376,565504
61377,809010
61378,851925
61379,889560
61380,686546
61381,758579
61382,784341
61383,793823
61384,942370
61385,262602
61386,540866
61387,934185
61388,671039
61389,131105
61390,678066
61391,157100
61392,712542
61393,865364
61394,207018
61395,372397
61396,889779
61397,118899
61398,617089
61399,433310
61400,865948
61401,642406
61402,297670
61403,221644
61404,598319
61405,113622
61406,247339
61407,945930
61408,497918
61409,776694
61410,575750
61411,166373
61412,832784
61413,919631
61414,205898
61415,735583
61416,607394
61417,928396
61418,198281
61419,206466
61420,150415
61421,515448
61422,365302
61423,765443
61424,196112
61425,836325
61426,485607
61427,434701
61428,619545
61429,187931
61430,341265
61431,202297
61432,704966
61433,932412
61434,444288
61435,146554
61436,773006
61437,462186
61438,872257
61439,390579
61440,749217
61441,283900
61442,646942
61443,395530
61444,561360
61445,868713
61446,698979
61447,637587
61448,266618
61449,658820
61450,690792
61451,308309
61452,877482
61453,659276
61454,910406
61455,869281
61456,965270
61457,427912
61458,366456
61459,756614
61460,811148
61461,478562
61462,618903
61463,895150
61464,461028
61465,269020
61466,389181
61467,827438
61468,603865
61469,580664
61470,503243
61471,683399
61472,116613
61473,653979
61474,536689
61475,930202
61476,193974
61477,930642
61478,894030
61479,683855
61480,546300
61481,788961
61482,500707
61483,351034
61484,699685
61485,271439
61486,172616
61487,223394
61488,994146
61489,874143
61490,581731
61491,626030
61492,487737
61493,330948
61494,767965
61495,371491
61496,618255
61497,189702
61498,423257
61499,777904
61500,464980
61501,576648
61502,599657
61503,631173
61504,385165
61505,777336
61506,560070
61507,239144
61508,150729
61509,514622
61510,710192
61511,567557
61512,397852
61513,514294
61514,298219
61515,385510
61516,254661
61517,353474
61518,832317
61519,306728
61520,791770
61521,507608
61522,944423
61523,536450
61524,370344
61525,920746
61526,281673
61527,289858
61528,841392
61529,132620
61530,966888
61531,834837
61532,450045
61533,472860
61534,354338
61535,223689
61536,424146
61537,513405
61538,231776
61539,200332
61540,189549
61541,199748
61542,566854
61543,925761
61544,147778
61545,366651
61546,509389
61547,244187
61548,754885
61549,212535
61550,436744
61551,116462
61552,921850
61553,194069
61554,586168
61555,468908
61556,460711
61557,136892
61558,586608
61559,863785
61560,487114
61561,965629
61562,519150
61563,803308
61564,393487
61565,125445
61566,154898
61567,904264
61568,218970
61569,555700
61570,912451
61571,788130
61572,276852
61573,250494
61574,688749
61575,739463
61576,315022
61577,361352
61578,900758
61579,639616
61580,289697
61581,677716
61582,716979
61583,297736
61584,824861
61585,552751
61586,112848
61587,884276
61588,575688
61589,135111
61590,632261
61591,726138
61592,857945
61593,119229
61594,927650
61595,915440
61596,305123
61597,347394
61598,880668
61599,592906
61600,224482
61601,601089
61602,802770
61603,541636
61604,702933
61605,248269
61606,266420
61607,666689
61608,998746
61609,252853
61610,413578
61611,308635
61612,360305
61613,885453
61614,813100
61615,516645
61616,537649
61617,292153
61618,963126
61619,838915
61620,862178
61621,762341
61622,403975
61623,342775
61624,722434
61625,251733
61626,356697
61627,794954
61628,904107
61629,548756
61630,602777
61631,749423
61632,178320
61633,705216
61634,519877
61635,844264
61636,373243
61637,924665
61638,804367
61639,162554
61640,731881
61641,357114
61642,749060
61643,309264
61644,217882
61645,628445
61646,740551
61647,391134
61648,269631
61649,318877
61650,434272
61651,888206
61652,126093
61653,643475
61654,704867
61655,896845
61656,812455
61657,511909
61658,266719
61659,420898
61660,412713
61661,629309
61662,192669
61663,122989
61664,569470
61665,153466
61666,315773
61667,930993
61668,861249
61669,570038
61670,338732
61671,919234
61672,534306
61673,897493
61674,188461
61675,735186
61676,711987
61677,565766
61678,488466
61679,525793
61680,442104
61681,951270
61682,425562
61683,304192
61684,694453
61685,881015
61686,165736
61687,639979
61688,323566
61689,832949
61690,745151
61691,575907
61692,937892
61693,937324
61694,702102
61695,969344
61696,213346
61697,945511
61698,767864
61699,182112
61700,312971
61701,703792
61702,994247
61703,416735
61704,793404
61705,751578
61706,695611
61707,303878
61708,271594
61709,943113
61710,914197
61711,573957
61712,600292
61713,223239
61714,899259
61715,328265
61716,841142
61717,717910
61718,406194
61719,736372
61720,446675
61721,376867
61722,499157
61723,423732
61724,744241
61725,577253
61726,254731
61727,175629
61728,882713
61729,258419
61730,747842
61731,819784
61732,276666
61733,145745
61734,974782
61735,374046
61736,155156
61737,644821
61738,235062
61739,691595
61740,585846
61741,546705
61742,453768
61743,869442
61744,657583
61745,746914
61746,806410
61747,291604
61748,316659
61749,476143
61750,653886
61751,244445
61752,429005
61753,571192
61754,194523
61755,517824
61756,236246
61757,638675
61758,779045
61759,219607
61760,822539
61761,499941
61762,554737
61763,136729
61764,491758
61765,666375
61766,997916
61767,797420
61768,683081
61769,343473
61770,194224
61771,367190
61772,124040
61773,729991
61774,860780
61775,715117
61776,814954
61777,688840
61778,595412
61779,603927
61780,895912
61781,186971
61782,680105
61783,811330
61784,478820
61785,705926
61786,125032
61787,196609
61788,328170
61789,710654
61790,768059
61791,222604
61792,298630
61793,214407
61794,978542
61795,273321
61796,661340
61797,744026
61798,223044
61799,440861
61800,850686
61801,759320
61802,725820
61803,856791
61804,959936
61805,609994
61806,533447
61807,156452
61808,582501
61809,827251
61810,450448
61811,380768
61812,661876
61813,111478
61814,496278
61815,993964
61816,140962
61817,416436
61818,215983
61819,780345
61820,410576
61821,251175
61822,470749
61823,348960
61824,178914
61825,863160
61826,241834
61827,318540
61828,373641
61829,681373
61830,812150
61831,932224
61832,611686
61833,327311
61834,391207
61835,300330
61836,972233
61837,452823
61838,658672
61839,467189
61840,822007
61841,587489
61842,444948
61843,980746
61844,853843
61845,437585
61846,376225
61847,404157
61848,813662
61849,395958
61850,707666
61851,342149
61852,288763
61853,526072
61854,280560
61855,180727
61856,720417
61857,312020
61858,148691
61859,156888
61860,678342
61861,843713
61862,995224
61863,425867
61864,633247
61865,541110
61866,593072
61867,848354
61868,337437
61869,647417
61870,329238
61871,230105
61872,289235
61873,526544
61874,668259
61875,544670
61876,824431
61877,274077
61878,143222
61879,915810
61880,552853
61881,247647
61882,456271
61883,297906
61884,221368
61885,352595
61886,702279
61887,323412
61888,962487
61889,230322
61890,808358
61891,685710
61892,892292
61893,816997
61894,677509
61895,399245
61896,945629
61897,875814
61898,297689
61899,543805
61900,937758
61901,456172
61902,884709
61903,945941
61904,889772
61905,817485
61906,189023
61907,488616
61908,199286
61909,865923
61910,650610
61911,180380
61912,463141
61913,601552
61914,986160
61915,417515
61916,986872
61917,663523
61918,304378
61919,834031
61920,463853
61921,225275
61922,601880
61923,220552
61924,998539
61925,359528
61926,667024
61927,998979
61928,606120
61929,202766
61930,152840
61931,316175
61932,123095
61933,689815
61934,880029
61935,409715
61936,146533
61937,278342
61938,138918
61939,772441
61940,854032
61941,284675
61942,652266
61943,673021
61944,966095
61945,364577
61946,756959
61947,843833
61948,299783
61949,227341
61950,459803
61951,831001
61952,901596
61953,445497
61954,729246
61955,343136
61956,529069
61957,475989
61958,428479
61959,963745
61960,930637
61961,996837
61962,581359
61963,664830
61964,787742
61965,218342
61966,588844
61967,302383
61968,827441
61969,243335
61970,510609
61971,331915
61972,672115
61973,933805
61974,487358
61975,117170
61976,158941
61977,606515
61978,183098
61979,370652
61980,406024
61981,718060
61982,336632
61983,431599
61984,709863
61985,345533
61986,786084
61987,385626
61988,543155
61989,246130
61990,856526
61991,479533
61992,182234
61993,641599
61994,810496
61995,733926
61996,480229
61997,208883
61998,993717
61999,935096
62000,696137
62001,751456
62002,249234
62003,905580
62004,223861
62005,573559
62006,408907
62007,650079
62008,313178
62009,609464
62010,331184
62011,487501
62012,215829
62013,581911
62014,472835
62015,504047
62016,801510
62017,542448
62018,633873
62019,132627
62020,966903
62021,905935
62022,132315
62023,120937
62024,606864
62025,491109
62026,606296
62027,649151
62028,239452
62029,454921
62030,298228
62031,167199
62032,215029
62033,752363
62034,345630
62035,791749
62036,599509
62037,626762
62038,773564
62039,739480
62040,546920
62041,904863
62042,503415
62043,218509
62044,310919
62045,672464
62046,294437
62047,234799
62048,394200
62049,201411
62050,326089
62051,724950
62052,510258
62053,318218
62054,837151
62055,393488
62056,998054
62057,870235
62058,268104
62059,350798
62060,779167
62061,754906
62062,570401
62063,123954
62064,235983
62065,675064
